thorp	dormancy-bit-compare-thorp-000	82c62535b37c64cabaa5a98846d7afa0e921472553dec693468521a521d93b82	42ffee195db6f0aed926aef0e8f5c1564c918c51487b33c6b153e479b8620a28
thorp	dormancy-bit-compare-thorp-001	451de521d9f212284bf0d7518fd49f7ef8e39fa31a3edba77ccf71e69267f7dc	8e3f05c0ee9447c3076dfaed06897ee7d33ea4eb2f234a06bd11fe1195802e36
thorp	dormancy-bit-compare-thorp-002	d0c58ee249541f67ffa54f0bcc497250f320a6ae107586ead634a03a8ac71a2c	453e4919c4c9a258a6ec8bbd3c8e7df9763aabba368be34228c0755b475642d3
thorp	dormancy-bit-compare-thorp-003	f33938b5f72017240b84ef0a42ab7316fd619e002cd2f71d112bd297f3437143	1d22b5e5d7b8aff1a69d83c12d5d526ca7771f10f430a7912836b04cf6be39a3
thorp	dormancy-bit-compare-thorp-004	2d58b546623bcf45b68865ad6f6da5301b93c49b142264511d002e11d9c6f3e9	db24f93871d85b0d83e36c1a9e502acd66aec1059e7f11161ea7aa30a97d014c
thorp	dormancy-bit-compare-thorp-005	39b2c191aa24af30184c7e1abcbbc47386efafe0189451f0c822ab6bad4136b4	2f3d10df1f16559c0788805d0dc54605d16f5fbb47d60645495abfbbc3341d3d
thorp	dormancy-bit-compare-thorp-006	8db4cd3e37ebbc07b507f0758f9b900783ea60f12d21728a9588a7bc2d30cf1a	82a6fff06fe190d3ffc1d660c0db92a44a860bf3f787495b116ce5784ffc664f
thorp	dormancy-bit-compare-thorp-007	eba597788b4ec1bb8e4eed986e2ecd1632741a0af703ddfe7c94c85cb26b78f0	81ab5c9475a42ba3108cf74424097cf79fffb5461f7d0a7f19a6b679c6f8d62c
thorp	dormancy-bit-compare-thorp-008	fcabc0a6c57d66df838ebcfd34c587023edb42db5d5568232ded1b7f32898852	fd2e8374d924b7096fab7624c7dd7b88acc79f464fe1f4cec896a560032234f6
thorp	dormancy-bit-compare-thorp-009	25b2f3e59448b1a0430a984bd645802c1581cb6a13a20b664bba23c91dbffc78	bb6f07da7e82920b96967900bf756a4da889140c3b6df692cd48492b7383972d
thorp	dormancy-bit-compare-thorp-010	a84b5aa346ca89b740bd8853439ddf2648d0dffff5c2b6a8b6544cd55eab1d87	0c9c2051911326809614b265b5245dd3d346b20e319eaa96d8d935cfb6a80fe4
thorp	dormancy-bit-compare-thorp-011	3c5563f493802d4a5c59deb1db15b6e038ccefdbd80e0627e476c2c3765c22ff	04e6e58dd76b71bfab60c6483a6323967358ca95e7c8b090192fca483d614374
thorp	dormancy-bit-compare-thorp-012	c11184893ef55d683689d2400331d7d2033d86ef80635c039085ff529ff4c20a	bdb6f9536a57e528fd0d8fd38e237d5fec1e355bda4f7a0f6d4072a157fae72b
thorp	dormancy-bit-compare-thorp-013	7e4f4545efc45f6497fead805f3011a12c56e5c6aa7e21480d66ecfcb54d9f8f	d1ab6a0146426f2c57f2ed2241c9586936d6e7edaf222c35941d8a7062bb8e4c
thorp	dormancy-bit-compare-thorp-014	dc2178484b15657c133b18ee9e4372a1ebe6e36bc256efb13092127ea9a00cb5	e95df378e4d3bd063fdb4b6b8df75cdea05379e04474bfeaf7b106614db6da24
thorp	dormancy-bit-compare-thorp-015	5d297e031db872fb061dae074302c170b8b4df8205ddbc357206e7a07c1d41e6	923f6fc7acc5c6cba0676af788a1f4711fb0d234dc6b9b82e2700529cf9e431b
thorp	dormancy-bit-compare-thorp-016	72c661788665fde73cb58da9c2d97c364cbfae55f2a5d879cd44e3df1ba1d0b6	cccafd346b58fc31838943b98e94cefeb380d2da2c6e4575bff99192c27ba8ad
thorp	dormancy-bit-compare-thorp-017	af3bdf133bb714277ebae470169bb2d20e1a4d8b0a23fca7ee81a50a8ca960ad	d71798e264b382c0eaf00e979dfc6e17de5bd3ec488a6539d187b10ec958aa87
thorp	dormancy-bit-compare-thorp-018	7d73d81489242159c0ce305df4ccaf94fd3bd2a7ae0e28c93372340c2d41b235	ea4abef1fcb527360c5cebe096546028cc18368a8e109fe1154c5fdff79c4765
thorp	dormancy-bit-compare-thorp-019	2edd1d3ae4ed203d297c519ba43e01c9f9fcda4a60b347d081fbdf51e26169f9	0ac1b75bb9fd19910f2f321ddcf50600ba1918dad0abc6046b4b2fa100acc00c
thorp	dormancy-bit-compare-thorp-020	cd88df8820405ca5bca09b77bf14eeee4ad6eae2a45e5d88b2481f535596e96b	ba70eceebac87899ada8619f08110424f4af63cb83f1f1e80d5d8533bf52de19
thorp	dormancy-bit-compare-thorp-021	275cc80f3bde16f5810892ae4a295612a4c56df3aed76dd5c395bc0577729c37	81ea064d8e21a7c85a38f72d78963df861aca8b8ded918ad9dd92887fb206a10
thorp	dormancy-bit-compare-thorp-022	34f90cde00029f8737fcc22d378a698ba2cb11ed6c9876a7cb7b2ac01e87b161	0f7d18ae6629a99cbc29e2bc541895122560b7f0c1a99acd205d6edf3ef0caaf
thorp	dormancy-bit-compare-thorp-023	f7d095c6c8d3cb0a9065af2df37b9491165ccce7ddc554d4774c31488b3ff286	f589dacc0dc0e60082c22cb039d1ac4097f1e7d521807adaee070319d67401d3
thorp	dormancy-bit-compare-thorp-024	1ace8276b73f05de395fc2a7daa11776572722a9adccce4ce6aefa2a278eb107	800118e850cf72699e24ea9316958486cdcadc7cc8791bd9b108e323fb7fe3be
thorp	dormancy-bit-compare-thorp-025	5c276c254c7f823a50110a174d5cdb1ee8df36a42c28e8dc3f4ab0e36ae3de2b	670011b8b871d62988d3bedc5425c7aa0049e49bad82e194d954892da75cf559
thorp	dormancy-bit-compare-thorp-026	7be3934cb00c81f81d71c4bca401f6732aedcff0bef461150801f2adb8d00e0d	c6be74f4aeff86efaf5d27cb6ed685ca6921f6a34303ed15aeeaa907c7597aeb
thorp	dormancy-bit-compare-thorp-027	529ca55337c1ff2f7d55e2c028fcc4eb7f17b2e798b05cba3eaff31652db5111	62f72044fe1e84ef380bc67349f2005f81249ebd357691d1ba6203a11f740fd9
thorp	dormancy-bit-compare-thorp-028	821d9b0c8e612072b72b8e9bbe6fc11d43809cc1fe5cedc4f46eedc02bfd87ca	193047925b0f2e66e2dff992e22e300c8b6f2fe805b17031800396b7c9ec53bf
thorp	dormancy-bit-compare-thorp-029	fcd71641cb37a0996f29ef9940505c0e6b1ff7f2671df63ffd44b849c8f31fe4	2986094ddf9bf7dc830ccb57df952e8824ba479b5d2c6a49bbaa5bfd5cb33a23
thorp	dormancy-bit-compare-thorp-030	d0ae883b493b21cc00a405d58efa0d4793e472c1abdd863090e2004b7345e933	2d9b9f4c6474e730731b94927bb3da6f7b731651dc52abb153b841673eb03dee
thorp	dormancy-bit-compare-thorp-031	284ea83c54a1466ac77d61b416f4fbbd793a7d2e6ad4485665f3bd9289528f6d	5baf1f2d63254fef82956328ddd02c73d633e95981267831b8881c33d3a5af28
thorp	dormancy-bit-compare-thorp-032	de868b34688ff7eedfabd0a1aa6427506ebf828c474d78b4ee95862dcc9e8ce3	88e20f458ed3117b7cb891e663bd20009706034f75afd2d4f3e89dc2fbdad976
thorp	dormancy-bit-compare-thorp-033	4e1828e179c50709a11f6ed07fc693880f04d187d383786c015a29d68ee771c0	0cee9f0a7e9560cad70bd3b86f31d0f9047c63edf9106dc42851488c2fa52da2
thorp	dormancy-bit-compare-thorp-034	9dba4d39bb83414a7e7e2944b76872b16ef87e53dd5f27e5c287c005a71afde9	cd002104004afc609a583e3c84ee542a87e09361c8addd46e30f51157b72c449
thorp	dormancy-bit-compare-thorp-035	7025e8b09348896fd0c25c603b9eeaf0bd12ba2b7eab02e1990478cd6fb4a99f	2f1b087fdcdb00b6b0f23341d764e33303b28f146088375ff503838447b71189
thorp	dormancy-bit-compare-thorp-036	4152c35e76616fb66f801443e2604e1c4373efa2d7e6425662bba7ab8cb63aca	0ce3442aa98e0170ec6fa41e4e440dc4a7fd59e0918c43130939e78baf888b00
thorp	dormancy-bit-compare-thorp-037	9ea77033a2a86cb7f40a71e86fac06f972cd5ad5b7e7483348ede4fb93625f48	dbdc6c3b5c0885fdee64c8b222e628adce44d2de4ed974be0a34c294485117fa
thorp	dormancy-bit-compare-thorp-038	afba700d3c183c9305c41f991f0e6d2bca65cdbd67b1e389f9dad6f141891161	55cf3f31135a76618477a2fded5d526aa4e2bdac95d7a508d676447ec439cf2f
thorp	dormancy-bit-compare-thorp-039	f42c29c313c4ec16fad8ebdd5d629097ac9dcf2bed6e02e38763e70e0ed8ff12	11630d136bb56ad999a5933b831c3ef3e6549ca3dc23bf049eb0f89c0474cf59
thorp	dormancy-bit-compare-thorp-040	00d70e4f63efe76859c26c20b2a009f92e72e069f95512ef9108f1c76132a67a	25a5bf46dc3ac677270bd925d903b9658d30c88e236214015a25a9b3942ae744
thorp	dormancy-bit-compare-thorp-041	5704c21329156e87ebe0e08d31705642899144493165d4d442a8e490e52a52a8	3387917e6e726b6fc0c1703375f2f30ac169ba638e15669ade90649e314223ee
thorp	dormancy-bit-compare-thorp-042	9441092c04a96c8dd2128b98e66b233781826cc41c1fe0f4faeed347171591a5	1b35f718f248d7556bf632c60e7d0de53d8dc3ca2dd30a73e3e332cbe158217c
thorp	dormancy-bit-compare-thorp-043	ad918f297943c1cd47d1caf1ff35d630416db18e53d8f2e8f80441bd793983f7	51dd7321c6f81529211df28d0f9fc3105d12d5313709c36ac57bec2041eed7bb
thorp	dormancy-bit-compare-thorp-044	f4a4dc5cedf170d930d4c72fe103d0856ac421f3ad70f5854a456fb55ae54c35	84ae996e6dabd4080fd4741b70866ed4e3d390c805a7e6e1f52166e8713fb595
thorp	dormancy-bit-compare-thorp-045	3e1a129fa58bcc2d202ca08c7d1eed2e7ec353def3373c8a6d5aadb1bf54920b	57e609ac992777cb656f50e42de201f055d5fa8e02b0711e5a0d89c735bd021c
thorp	dormancy-bit-compare-thorp-046	f39546afb7f8c62bddb68cf405647f30f9f1935b4149287b298f64feb0544b1a	d32f1a4bcbaaf6777c0948aff7c808e112c3322e5bdbe1e37edefde739b454c3
thorp	dormancy-bit-compare-thorp-047	11c2ec7096d0b3de6863d1af7c7f62bbc6cfdc38498248f120517274dbf8704b	7c3de5d390686918e1922244ede3f64de2dea8a89474331aa206527bdcc09fb8
thorp	dormancy-bit-compare-thorp-048	23da4f8f1b12e901b250dc8197bd9444c6a7ee05fb6818255154344f0c40515e	10821b3d7e0629925a4b87404d1edeecd95dbe2e04bfdb428a43575d44825371
thorp	dormancy-bit-compare-thorp-049	a2087797c4c6953e17917b944f3053821a871de90bf357a859df157950125d05	5ba93b88d62048e9708bc18e7a86e70a589d9f94772b463f18dcf80fa1e82f62
thorp	dormancy-bit-compare-thorp-050	590c0d6521519751a158a870e287671424dd20fa76e9f66cd614b290a910a60f	41c7c055bfc06cb390cbb26a674410eed97aa53605f7beb62716106e4a38b750
thorp	dormancy-bit-compare-thorp-051	ab38fd5381604e50c6b99a9782c059bba8a22ba041efef1df36bfc3f1b3355c4	cf60bf02372b046dd1d90b61eb9520f9d561f4e791c6588324874ad5f9650d87
thorp	dormancy-bit-compare-thorp-052	8b7cd3b549228b94137d44adcfcf15d0b32f7dea08bc59492090449b167ede92	4e909839cd1e56e9c3f232f098ffdd05e436e738eca998e8437deba507ed829d
thorp	dormancy-bit-compare-thorp-053	9eeeb9b813a08466af7cd19e65c2d69ff3475ec4737ec74e8f77407076f98b7a	3f0fb9e64745e74e80bd6c8b549ea4560b3c75062b9b551b0e5dcf2d1e7d6d39
thorp	dormancy-bit-compare-thorp-054	7c6e1404d888919ad6340b4ae51dd72a1d7106f03d2ab92ec686f3a6269b89b8	e178ea22724e4587ae1a0e9aad1ce073011daa81c76901e2098fdb00a9f76191
thorp	dormancy-bit-compare-thorp-055	b19ea00336daad2b1fcd26b555e300c4636031e49ae828b6b34dc27637eea29b	9d83789192929ab0a02ad600bb97868a21feae8c020a846630321f159616a94d
thorp	dormancy-bit-compare-thorp-056	613f02630e2ca3ab13de370d348cbb11d80d6be832fc7a48e64b3e3f7d247b17	fa2e1f195ae5335b9159ce58c896f4a2de9ea8aa963e97ab5650a502569d98cd
thorp	dormancy-bit-compare-thorp-057	7adbd0f7b98daf95c64c75e28ea4bf8e1ab0aaecd0dcb51d95bd13396c3d4ec7	03d80fb34520b349a5574c29d66444d6a05a4d76a8225488cf1b67be2aa7784b
thorp	dormancy-bit-compare-thorp-058	e49c42be874ab6dd09699c66b4f033bbe16e07386da9e7e9b6bc04880994fdf3	d46e9bc24c47443635077a1674869b28c190ba6926f161ece50ca7f27fe53c39
thorp	dormancy-bit-compare-thorp-059	3c2829d2193ed43e96d52abb7bed10027396eeb57228b71cd9d5c53c14abca0c	8b5e13ebc0f2e50aa46edd5ace1505a98905e0112476b8f50099dc991a23b28f
thorp	dormancy-bit-compare-thorp-060	6996265d9950e6ae5dc324e7671a43487788f1fc379b4aca1bcd614589b1d03e	3527e04f496c0da98ac0e8ba9f30456172364dc4e9fd35faeadbe524f23e4aed
thorp	dormancy-bit-compare-thorp-061	d614b9fa2e5c8cf8b3ddc7f0e7eb78d48f4fa8eed2cbb60005682bb4be57db7a	dcbd68041e630e1235d55f731a5f075b5c167f9eb79657c52d6b4ecc230cc27a
thorp	dormancy-bit-compare-thorp-062	603ddc3f83d76127bb96a9c6a252b77a80e694078c186e42cf8fc16c2d4aecd8	250c697662b6b7a9cca1ec38a3804e49a7b090328ab18e03c5d3ff9e4b664a4a
thorp	dormancy-bit-compare-thorp-063	3d7268f59422c47ba196f0b2707ea0112e1dd8375f0d0f992030ec6c8e77b079	641d1507016ce011a0e640711ee980b4afc5c4948d7f8201e12fda3a0aa3decb
thorp	dormancy-bit-compare-thorp-064	1babd4d99591c46941f170d587109e97476d5df83cd7c1ac108f4001028682b2	33d934bdca618be7b74c35158a03a717970e3384b0f2bc4abf2f1707655c246d
thorp	dormancy-bit-compare-thorp-065	aff9e912f8933224b4e551505e2dcc2f45fbec16eb9cf4251097ba8f7cdc1746	1993b995a770fd178691370ba8580f3011316cfa2da6eb42b45b9f28e4f14b5c
thorp	dormancy-bit-compare-thorp-066	438905dc3b7aab651cb05b4045c79e14628cc848ac8ddb70a27b928cc252d0c3	0702009dccc7177426e9cf380740eacb597e48c0f4e7df4c6ca38cbfe883cb33
thorp	dormancy-bit-compare-thorp-067	a3e8727e84fc5685cbcc7c63ce00b93e1943392d6e387feb34c6ff73a8ab7d6a	171debdeae3464e3f8e42efdf88e6819474a177c664fb6028070b4a371aeba05
thorp	dormancy-bit-compare-thorp-068	70ec799a9361957029a722a974431f9f47332c734efe2b97ecddd92fb3de2a4b	5424cd6435030a70336b7d09da8d673cb6bc2f12cf850f6e1a8ef038072b4d07
thorp	dormancy-bit-compare-thorp-069	99e10d72e92f9a4308bc27463f39e23bfa50586f8153f212660b2cc7dcf16aed	65f12ea45dde5fcb1f35d566c7a7ee98fc35ac48dc1878d57e1a9c0016498ce0
thorp	dormancy-bit-compare-thorp-070	ee32a95cfba73ac3751ee2d187fded46ecddc9ea648470da1c18804fe2894d46	e0bd6a02ccda5447b27030c437761b25fcced7b19eac45b44532641258fb6478
thorp	dormancy-bit-compare-thorp-071	fe07d2c07312bae0518b3a6b20fd817f1dac647aad3a72129dd50b1a573f34f4	3dcb021ff3d1371d9a75d0095b75539baf5aebe326620b28feb7f7e5c039964b
thorp	dormancy-bit-compare-thorp-072	76f922c065cd7f091d2dcf4523303e89377d92d37d02410c666797daf86f18db	5f9322fe619cf8538feaf77284d4da8586169c9755a36419353ecb569c486372
thorp	dormancy-bit-compare-thorp-073	23ba6466d0cc2f0df6fd0bf90f9ca72fcac237f7cbf0e7aae9ec7d46f88c6533	c53f5da30265079be93b08573c66e4d9276ed813d14241f1512730fefc8cc987
thorp	dormancy-bit-compare-thorp-074	ab54d789821a077cc105b90b9bb3882b3528a08790586f6ed00b9a4032b1ec46	3d8b6ac63685a6772210e70e51a4bc878d3a4b834cb15ec1e7c705f991940ad5
thorp	dormancy-bit-compare-thorp-075	ffbed05a0b425b03f85440adf3c2884331465303f0a6823914edfdd05de85ff4	78b9db1128ba81b687503a2831064a34aa04b90f2dee78c29ffa576e75a78fcf
thorp	dormancy-bit-compare-thorp-076	51d8e511ff5629dbee83ea98ae6129a8fe8fbfe5889685ce7c27b3c2b755b459	cca1d612b3c2d87614bacecdbd3adfb804e6eb7cdc70e29a3cac0da6442944c2
thorp	dormancy-bit-compare-thorp-077	97adf4701c0c6e995eb6b7d2b3efa36ad58783faf8341e242e2b1dbd2d745009	6c8b5f255df4e3feddce90648cdd7fc84cbade71a598228ed6c7f349be8a1e57
thorp	dormancy-bit-compare-thorp-078	0aea559dbd242ca5ac32f3952cd9f4fc43af99c442b4e4b4bdbad30c71f742be	72d84a7d095ecab251df246b3b1b42b1b590cca64466dbc83ea7b2a360f675ef
thorp	dormancy-bit-compare-thorp-079	101cf158b25dbb84241a3bf7f28ce9104625bfdbf8feb0656bed3c9445eb2e46	34a0f15579509df8815ef41e22bcc8e2d65933528f240b92fee9eefc657ea1b2
thorp	dormancy-bit-compare-thorp-080	ef4281bc68c8ed3b2f6af839426b27175a537062cef3261537bf11557d90b5f5	0480032eedee48bc7a6228befb3bbd50dc7027e09221e7ed3ecef70bc7d4604c
thorp	dormancy-bit-compare-thorp-081	575ea8becc0e26fd4bea0441cdd5a7ec9a86e9e67ab38d3472d4c1134d25f77a	43dab445652e240fa9034a8a4ab86acd4a6c451c5abb2905a6e1dc0c204a3791
thorp	dormancy-bit-compare-thorp-082	5256f58b401bcbd82b44bd91d5a669553b8715dee6b437a2a0e0e32b20aee605	9da2d94fc86ffce17cf031fd43b4b3a3ede031892e04e5e0fefb053eb7703124
thorp	dormancy-bit-compare-thorp-083	28b94d8d1469bd1dbebd1e3e17c1c8daaad140e00a96f40872e600c4e2db9730	2589c3f3058be6e7f6e919375f0bef6f3dca492b33997cd34e550a666696a0d7
thorp	dormancy-bit-compare-thorp-084	70e6a938cac7fc8110a661a2cfaa6fdea83aae7a2a10842266569e1abcaf760b	1b24110268fed564f278315846478aa5c57f20588228d2d47c5b1df4a53a9347
thorp	dormancy-bit-compare-thorp-085	2766079d7a7d19e0c631f677db937a79b5c207c1019e14c852289b38d4867477	e455afb176c7bd96d28f0a6a3c0b7987f3d15ea02b7131edde86c1d5cb5de419
thorp	dormancy-bit-compare-thorp-086	a1c2c2ea5367a711bc30572b1a9744c9ecb5b1a8be37863b037cf45dcd947ed2	8c0b6f9d8cbe4496f924331dbc1546f2cd5018b21ab90ea44045b20a1adde30b
thorp	dormancy-bit-compare-thorp-087	2c5c53dbabf71ef88d8c85dec754c243f9a8fb61000a6988cd3476e611247d56	96b73a33b6cf65a64f90251a8d5c367bc96f8794b5ee2c5837165c7200cd5e87
thorp	dormancy-bit-compare-thorp-088	745a3db7fb2f017cd8d3b8f5bc7d35a6b8421170e530919ff2b7668671d2cf68	f773949c80da150c045e3191eb490c47e78095137c3a95655e5c9078a9b8b8c4
thorp	dormancy-bit-compare-thorp-089	344366f670201b75f76c5b533df4d6be7f09bfbcb70b7fd7285c5f999d8ef283	c2acaa158f8057c33785169a1623b076e3be6d2c50699c35c7bcc0ac2d8b901e
thorp	dormancy-bit-compare-thorp-090	0138cc3a21ea8e4e9e9d9fa34e34420ff69441856302c6ec70946b3cc1b48d3b	f0f4804cdc5d6c653f42248dd2ec2877afcf34942d83c06632a2e5673f11f83f
thorp	dormancy-bit-compare-thorp-091	510485cd4d9e1827677eee4b748a3a4d63d546de76989127a3c6c0ff21cc22ca	ff72034f3c87bd3b861757c65c1497d8642902d74fd16aafc36322bea0f651bb
thorp	dormancy-bit-compare-thorp-092	1bf4518897aeeaf3f7a8436d7e173311ab9c513bf93840373f2a71dd3c5a2ca3	3993aaa65df4f842265b831a5e2f88f6ca9229c77c85af61075daf050c125c60
thorp	dormancy-bit-compare-thorp-093	0df591b4fbd8bb99e82437ead3aa909531c9af7a36c3dad1d21b2edd946e890b	b25e199805188374b4b88e643f5ce3469855efbf0da32cb11491f73c65c36444
thorp	dormancy-bit-compare-thorp-094	327e6a6e6efc5010b7c23ded48251fbed622d857b57006efa03d3babb2d6e700	081dfede756b782be9db1d1a0234a8b9af45a616f62a672d4c956ae3de86a549
thorp	dormancy-bit-compare-thorp-095	d2c2d274c4e9e52372de288d11faaf260588ccac7c0693a3e60cecfbae6ffe84	33798aece43840b01db04d0b91da6733c8a8ae0900fe52b7e5ce2c36b5b17a28
thorp	dormancy-bit-compare-thorp-096	592d9caa20e889ed48d9cfd33f1f58255c61caeab1d87463575b1e88e435e75a	863bf412c1e000ee7c095d627e730596a8a213174ab836a2e63369909561ed62
thorp	dormancy-bit-compare-thorp-097	2f81994550ff6316f9451c200d2896e99778b41d0b0698a984a8a543422f4c2b	4ccd68a1e51d4849f07d63ae880d443af5a8f8fe179ee4a4d5ed4ea74576e09a
thorp	dormancy-bit-compare-thorp-098	7e49165b3db8b717ea632920e4d072c6e3c18746737239885cf167b6f4b801c0	89d88b05d0b96a1f515faa17f91a4653fac38c4d6b4ad8b59506e2fd81e8e291
thorp	dormancy-bit-compare-thorp-099	875532fb0a1103c24cb60f677c05901814c6ee294219397fcde951098cfb8c39	55b6b456d9891c7353d3e10948d6811d112499b62cf2e80127c142a0ba3e3f90
hamlet	dormancy-bit-compare-hamlet-000	01d1565f7b4a6472b7dd4a512f8e403a8c75dc72056c9bd32acfa4584ba6f96b	4f9dce761bad2da192e0e64b51734dab31fa6d9a5313e6a487bd2881d246281b
hamlet	dormancy-bit-compare-hamlet-001	f4becd21a2ef140be9f80f26d456f8701361905ab4619bae06261e620f394eaa	13db2a766b969395f85fb7acf3a8f39084f4aff95e2e84d2a33c90b09269db8f
hamlet	dormancy-bit-compare-hamlet-002	b7c5fbd7d64480b38f36659d20eab93d0bcea7d173ea47367d7dd736f6c25b42	b647212b85729d42f14da1b6b9e9c94ba5a0a7455383d2fa93a701838f33fb42
hamlet	dormancy-bit-compare-hamlet-003	194e2d80644e4631e9be98603283447a8b267323fd8d66872285b397c36cf523	26cd7008190d9bca59dbc3afb1c26ad2fb14a29cd05258bed51d055ac75a318c
hamlet	dormancy-bit-compare-hamlet-004	ebc2aa4d9d6e34adc7c1cac324f473c84b63d603cfa97d55c1436cbbcf7c93f2	ac150645b165f600a3a16efc41c53030cc186f8dace68d1c11bb99ff5898d106
hamlet	dormancy-bit-compare-hamlet-005	2860a12c982c13413c5e9d3d1b1248fd6625ebca48a066ee12c86834a03583e4	2f6e1c5081ba4faaae137a7ee8bc91f325765a60e8d646749fb5279f6a73461c
hamlet	dormancy-bit-compare-hamlet-006	ef16e4afd7ceab64b592c12ecaff8c71fed6ba712ab1e27c52bf7cac118ba9c3	f7990c6cdb38db658594f8d945de47fa15eb946ffd475e7169b4e840678c74bb
hamlet	dormancy-bit-compare-hamlet-007	e4c1270e1f2aa714945c78c341638dc42e11c3e6a8551c805d82d8ef86736d0f	372681e1709333ada2c018996968e4ff0c17eeb845a1dda0b13634d594c00391
hamlet	dormancy-bit-compare-hamlet-008	9734ec6342af7ded74233690c052a56096c17d0bbe01defd570cbd03bdfa342e	b5f896000d84cc6bf5b14a1f2a3a489ac7bebaebcfd263048910150d847f5c6c
hamlet	dormancy-bit-compare-hamlet-009	af84fb45449382b89868add1677bdeb88dc769d9f913853ab30f740cf6aced62	f1fe62f97ce4ac9f5c66df04faee80639f5c6a4df86cb1985c25dd710225b3b9
hamlet	dormancy-bit-compare-hamlet-010	33cf96ec30d85a0b0fe689ba52363d779ba424630afef15a087d576ce4414068	69947b3c56efda24ce909c8919924c5ead212a2b09f489fb1382a1407c11d680
hamlet	dormancy-bit-compare-hamlet-011	8961319287a54a79c0940a2b634e17e355cd8b7022d2a2167c71e32ad7cbd209	b453c28d54fea3ee1359ddec25ae29da49eb503331e431f6de8d603c0240e213
hamlet	dormancy-bit-compare-hamlet-012	eae74e130c715014fad6c376e4bec139354c63d6748df705c72ce0374f3e0fd2	a0ff2fb8d39c9401b4b00d56d7cc1dda402cbd93406e027ce9fec71ce5e74e8e
hamlet	dormancy-bit-compare-hamlet-013	13cfa0e8b9a12c1a9670a39e5fa8632b6b2bfe211c92ec3db6e41660edde0023	3aaed337f911a4d7abf3427e14b9d5cc555ab7e53b59c543d9ddc3e7713bcadf
hamlet	dormancy-bit-compare-hamlet-014	4c3298267855c78631b2dbfa6d0af10c7c74c5715750c5dea4d9fbf70abe2d2a	4c5279058d76da3fe02e973e4600d2cc807bf0cb65667451f6a92aa944cc2a3a
hamlet	dormancy-bit-compare-hamlet-015	f18eb8804d5da37124ad096c1095315dcce8c5452fdbaaa20ce1a96d693f6636	82d1cd0e7633afcdf81063a937305baa58296cbb6857b048035f9e74eb473686
hamlet	dormancy-bit-compare-hamlet-016	e7ada0db7dc2beecd63f1fa0691c98b8b31f5d2d8fe16909241d19e670b5aa3d	e52763527f4bfad3f05d56052070ae2c304d822a50a303dea1a3ddad84092574
hamlet	dormancy-bit-compare-hamlet-017	d74247ef8ec86cc6f48b0fbf7061da777c1544155f19582887bf0d7c5185d3d2	860a5762235d7af57d7d0f3da08b00081f61b2eb40ee7f17efe7000d2a3d5020
hamlet	dormancy-bit-compare-hamlet-018	2b0870accb3d08b0a7da207bb6e80e87f01e5ebb264e7c5d4f2d5032cd9c0c8a	ef03b12788330ce72a2204918c2b75fdd4037936b9a75810479d0110a7a6e20d
hamlet	dormancy-bit-compare-hamlet-019	5d03e4ddca8c99805080637a9d78da8e411037870425a337cbca8f431b4dec4f	ec9e0fa63fc0bdc0b9675841443a9c73e38dc8219de0ac3bbb403924958035ae
hamlet	dormancy-bit-compare-hamlet-020	8eaa9aa2678a95df3ef0f36ba6264aa06931133af29d51072c463bb73f2cafba	781d373801fda84d09a8b34505c2bb89922c7a38cbfb9aa8a4dadc732d9d9db0
hamlet	dormancy-bit-compare-hamlet-021	45a477e1fc3a8ae3ba7c2110d866795c7fda8e3433f6e94d57077fb336726a49	a33eb2f347965e4dbd63a0dea628e055b300e2e780936b1a0301421695d7226c
hamlet	dormancy-bit-compare-hamlet-022	a93d3ea80050c229b02f1f7ad4fb6fa042aff45547021c228981ab810f941cfd	616e25b3120a367f26f816b4bbe4a281733666f217b940d723f465d315f976c3
hamlet	dormancy-bit-compare-hamlet-023	90665067b457c7e527b0b826a064ff38ce18bca597058dd10af75f9ecc437be0	9e1d72b50816117461bc8c00bedf40544bcdcf20a70a3d147efa98723fe7f99f
hamlet	dormancy-bit-compare-hamlet-024	338e5ef099aedba3198dfe96a1e6e30d8d283c23e5e86478a2ca356312de7434	4f6177708d11dd93be97995433fc7d0556ba45d0200577d251fa3e25a8745325
hamlet	dormancy-bit-compare-hamlet-025	2c96d1b8715131057fa52ab199081fddd1867deb30e44d652e536a82005636a8	b109f170efd0059c1e9fa6b4865b96fc858bafe68186eed1f1848c32864b12bd
hamlet	dormancy-bit-compare-hamlet-026	cab589b9886c9d53b80492a07a50b8534ffa5ec375d2ce21d6fb8392a159f651	41249d3d43f6361a57328ee77ec87795429c1f767424569edb8441ec093950d7
hamlet	dormancy-bit-compare-hamlet-027	18940402120e881a04bb86d5ce4b6ffccdcfdf8c76f8dbcf452b54f4f6fb8e84	00c264cc457f86bc1168a9b7b5e273b5e95a57aee235860e63af739ecc8a7e49
hamlet	dormancy-bit-compare-hamlet-028	8451aad265e70e18e84a40d7511a8202a2ad1c75cfe3470916497376ad654678	a96664f5021ffe96356b9263c12ec2b000533afa4f7355d2d107afa2bf93306d
hamlet	dormancy-bit-compare-hamlet-029	8b05670e0d401871b9bbe5e7bafe81597583148caadde3efe04a29b11eba5c51	1c54aacfa96514fea047321428ce0efc5b5fbf7139fa8f7347169f3f29433744
hamlet	dormancy-bit-compare-hamlet-030	714e17769f6488870fb8a033d582d5c29d09df47d374b6226a40c6441fc258b3	9036e5723ef79b4143d49477fe80f529e867a9f55b2dcfa40e7b416439defaa7
hamlet	dormancy-bit-compare-hamlet-031	cf3fd0102f11613ca80593c1408674311cefeb4441738dd13fda2c798b06fd88	4b2e1eff05ccbd59db0c94b3395ab9b237f43ce4db9b3e76488a125da35b8538
hamlet	dormancy-bit-compare-hamlet-032	3583a3c74e042a36461659758c706d03eb9f6dae775bb4dfcb6f09872c14f7e3	542babf88b8adeec72dc47b6c9555f451b98c484e591abb39a6b6c566146e05e
hamlet	dormancy-bit-compare-hamlet-033	325ef55807c9e4747938d6152b482c9c2b6a0b346b5bc23a2fc0785413f1f68e	58e8bec07738d411c640dd4025ef88b57e04f7297de86463e06b31876139e492
hamlet	dormancy-bit-compare-hamlet-034	71dbd93cf34476d0c01d56f52e9dd01ea182f74124d80e611045e4e6b6d97847	4a3b7d020575cb7c70b1ae24d4ca81f89e99b4b1e17f40a0e87e37e902c211fd
hamlet	dormancy-bit-compare-hamlet-035	67ae6da3255e4ed9ce549f6b7e6daf1fc12be8946e98f900535539feaac19f0c	6dd7aa537f7df1f995fa5247f4b5c244bbfd29f81ba50636f90e7deee7d02ef8
hamlet	dormancy-bit-compare-hamlet-036	b84aa2e89d9393b8f5736c290ffafe851e7feb5146151a69fd5582f3396e02bb	5ec5cc0141845e46ee3c6550557303cf0c0c5196c9b11ab958991fd11d6cd53e
hamlet	dormancy-bit-compare-hamlet-037	1b768a4643d31a3d900c49e8adc601a374e439aa28dd1d0102f6752a68f32988	83cb910d029f8602db603ef9da6df1152f0f9c4422411f052eb21a5a9341d629
hamlet	dormancy-bit-compare-hamlet-038	e93c9186b0e5b6704542d7acf9860e49241c360ed68e25842c3f2a31577bc895	f93e1234464633ba24f3faad5fb594327cf76c03fca6ebab0c13d23f2134c2a1
hamlet	dormancy-bit-compare-hamlet-039	9d282708d3c747086a0e399ca373c0a6992528da7dd2e8b5f16c1330f0983078	3db15e9789f308474daf4fe606825e5738a1966a5901e14eebd56ba2ea4622f4
hamlet	dormancy-bit-compare-hamlet-040	12bfc7b4741b51357bc4f27c7c9110f4dda93ab96d9e0d54e46d7f43ea683174	d4a216229d98c4d95823856d0d8b99cc76730907904e2e31c79b7504dbbea9a1
hamlet	dormancy-bit-compare-hamlet-041	86238725e540831edfa26bb262285d431934ef4e759769c747c5301abe1968e6	8a77e564994cc5fb78479616e7d13ef9e56b0c673d780a5b778cfcd004e2bf82
hamlet	dormancy-bit-compare-hamlet-042	7221e5ced706df9bf1e3de334fd0a8f350de1b835dfd3c7df9186fbd4274980f	e803f120394e83c3529a9ad2e69bd5f4fbc89e39e2cc9d86d78e5292638e9ed8
hamlet	dormancy-bit-compare-hamlet-043	6b3b0f4ac2bc813a729aa5c52a73e7f105ce2f4d5771c8ad53fc3634baf72b6b	8df547dac0a026149525d5a09d44fb36d1bb5e42a918f3d79f81299a0f887e3f
hamlet	dormancy-bit-compare-hamlet-044	75d626ab4e97459dd4ea1c2e788bba339c1fbdd9d415701e9e389dbcf64624c6	91e7b599da13ba6aff77350214559c8494a99c684c1b4c8e443423344013d022
hamlet	dormancy-bit-compare-hamlet-045	4ba20f64f5b2a279359287764cded0569f9e3802f6703bdfeb12329f81835479	c97fb27889506b0ab86fbc295db20d741b842e496bcc0c209faabdae5c3ce03d
hamlet	dormancy-bit-compare-hamlet-046	17b20aa3ba556eb2cc8b02b00abc4ceaddad873a2ead0b4d98a014ff625d157f	1f915d6440c586ccfc33b7d852914ed98c39c31cfd4dda4a0b1ec744e10988a7
hamlet	dormancy-bit-compare-hamlet-047	969efb88090397328518f29f1c7669c21b56739861037a5e5952a44221fd74ad	c1d9788a33858da709ee54ec9965df9dd855afa96ec890bdb23f4c20841128af
hamlet	dormancy-bit-compare-hamlet-048	ca84910ed763d9162bad4a1c6e95d3f20172a66c93dfd098527aff1cbcc337e4	33c1b50b02b6e63f0539d52160f239beae16c40029c6c9ebbe68b5b380b002e5
hamlet	dormancy-bit-compare-hamlet-049	7476e117978c60f0bb2443da2ef7ce2212775d14507ffe5836baf32bc23dac10	82b8b5f2afc110ee81f80d8baf124cac39b721f06d4303bd212c2415fd7036ed
hamlet	dormancy-bit-compare-hamlet-050	871e749a0483333361436dd898a4a6e9a4bbcc2557db25d0c02e27037c8c2bb6	ee9ac823e497d5d656e0ec615e3d0b4f3dcb6e1bedde0289a1d91e57798faba6
hamlet	dormancy-bit-compare-hamlet-051	3c353b1999fcf0746e026adec65a38fd372fbadfc63a7aadf32d8663975cef26	dbcf67ecba1a36c18abbaab02b5ac3d86d9488156b837692c6af4fa6f5a0bbaa
hamlet	dormancy-bit-compare-hamlet-052	8cc2970fc8d34f619f6c88316dba70687013f3516e5b41eeae15dd350b624673	065c5c07788d0872e8033fee9811e6c448e96a83d32d3ff60f8b6686959df002
hamlet	dormancy-bit-compare-hamlet-053	31a6950b6bfe617edf44806656d74154f8faf1a8451b19c880d983238a55a2a5	19d32b18c502e0f9cbf8fd1eb116d0d93786a73efbfdf15b73634867d604dc8b
hamlet	dormancy-bit-compare-hamlet-054	faa923a1f7c09810b016524ecab920a57cb96d9bd4a39b1f5b0792c5506b3092	7f5521fefc83599490b8f9b5f8c3041e3cb0d586ac5be18d269ebe10fed20edd
hamlet	dormancy-bit-compare-hamlet-055	611ec27fc22f52009c6de2afd783d0513599ee1669ed2dece657c1f2c946b668	a9b82a42755becd0cdf879db86f8c98fbe1347ff7eb66acba2ee62517a3b4ee8
hamlet	dormancy-bit-compare-hamlet-056	d74e00c6f391731e555292b8c526d7733f1c0649ec66aa959338295ca137ca75	d439e19c81867d74eeadac2e6d61bc0a9630edfbcddebc7d6b238f8c84cf235e
hamlet	dormancy-bit-compare-hamlet-057	b6ca026fa675b373d712486c0ef21e868ba69be81dc1047185587534aad2282c	6f7b8ea81dc6e855de3155ce55d17f88f2d7ca1eb803beb709322df2334013e7
hamlet	dormancy-bit-compare-hamlet-058	5ea6cce881a0d02dd94f6bef7afcd8473a6bad3195876517aba2c19080a5c898	414907f00ede41a1139f307baba29335cb69f299fff376de15c7e6b202f05744
hamlet	dormancy-bit-compare-hamlet-059	3b80f5ea0cb2192e6ec1114a863e94761b664c3e86926e3c0dc0d98b727613f9	946151bbc467f247351dfab4057d385a912144e5f9c245f94a9ccf2d54c42a58
hamlet	dormancy-bit-compare-hamlet-060	4c1723044e7569dd9c570809e948a8663a763d578e84f6e9895130d82bd01275	ecee83658bb210cf191415a7fce3c9e456d33f0bf3dc211c56ee847e2886194f
hamlet	dormancy-bit-compare-hamlet-061	2ccfd86ec64f1680e16334ac453d56d98bde07a4b2e1439b9da02d7a5135c225	0f4c5d788c0e9d97787c4a2b70e13a40e561a6f3fe3f53bdf11c70dadf6e2641
hamlet	dormancy-bit-compare-hamlet-062	2932f189a0c5352f42a17c45486fde2d95e046ed0b8644b1a5a58f05bc311deb	6fb7438787ac71642fd67c984b10899b73ff3a0af157dc14c063da9a967ff755
hamlet	dormancy-bit-compare-hamlet-063	b8a3b06005dc883678f3dd19e38995c15981599d85c315f09c328c975b51955b	bc9c18ffc5f04d19590fcf0f0f01e914c826f62dfbc0fdb50b8454345802244e
hamlet	dormancy-bit-compare-hamlet-064	2bc4d0d79e662ca6b8dd04e38fd33a9605a2c88e7c2c9be5a54a3321f9c56cf4	fc7104474e53bd6b57181ea3568347b08fb101c12665f8e5d8f7527361db75a6
hamlet	dormancy-bit-compare-hamlet-065	bd3b257fed056714e7492598619b3dfdce7121fb6c56c0425fc983f143610ce7	35ba477242b668c4f467a8d9be9d8f059d00573d379b4c8b4f92d1da7cb5a593
hamlet	dormancy-bit-compare-hamlet-066	d8448bb74fe1cdd0cce3d52da212556c294f370fe5c1c67c781ba3c7f3da80b5	30ddd05be3b4391928bfe902f1fc343639a62cab6e908d9730c60c6daf83e6c8
hamlet	dormancy-bit-compare-hamlet-067	4b8f0f60353eb2a9b078f17b6b73f99c8fb855ee00b62d50694b41ed2816a9d3	460907f54e44c60de0b31021b771015ef368f1642a58e6402af54fc015e6e9aa
hamlet	dormancy-bit-compare-hamlet-068	046ec37505071a796086af9d5f25f1d1970ff7ef4b5ee08662c881a48905c895	108d25b1d90763200e8b19e5bece2cd2279f20e719abb12f83610f980b96627b
hamlet	dormancy-bit-compare-hamlet-069	386b952ba9d19def15317f9b67c6d8a90ea0c8cc23a3e64137d8562e8b473210	49fb470fa7b7df787b5cef4c07b6b0428ae01fc7a82eaa8838877e555e523810
hamlet	dormancy-bit-compare-hamlet-070	da7275e7bf71c0fa443e99993e77e6b3fed3649a408210d7a10dd236f8ef4815	b47c478a11ce8ce126a457d8eeac7f8e709290af410200e2374dd5461ec4ea5b
hamlet	dormancy-bit-compare-hamlet-071	0102945dafbd4051552fa3a1b4850c0b3be6dc5ed33dad0fc9c00567b4c40d0c	aa9cd0b0194b7fd06ee2b0a33838501775b19194b241d7e4c1f76a686d7d405f
hamlet	dormancy-bit-compare-hamlet-072	f7436de9c382fe2b01e8042ebcfaa03829ff991f323db464906278fca1203883	6037178d27e1574a051c62365e83bcac27df39fdf2c2a185e62cbad90f0ed812
hamlet	dormancy-bit-compare-hamlet-073	a64640e5975c2571f9dd3d990c5ece2a97a6ed836554a801904a3914aa5b4243	ec51fe6564d59d6c7abdcd71c0e035c19733b428cca554818ba074fdbb061d9c
hamlet	dormancy-bit-compare-hamlet-074	9d96b991942cfeb5694e6fb35ea0eaa192cd49c4478f09535f465e439e653bf9	2d644f4eabdc0c0ed094c860dbcfe91c5c5a3caa05673240582f57b58fd196c1
hamlet	dormancy-bit-compare-hamlet-075	c383192609b95a9ad3682b7c3f160a403de8a8ac7905de595b86da13dc3bbe84	d7a980103e0413172db9fce8d90be0e9d81043b3cae61151c54bf03dd228a1ee
hamlet	dormancy-bit-compare-hamlet-076	004a59b2baf89bba699f52bdd3af50c206212748b10d4e7ea51e698e939e6fe5	b89e76da9deb7801f379286d1eb59d7fd7db77de5fea85ae53bf828ed199b586
hamlet	dormancy-bit-compare-hamlet-077	55e129e1e5ac52e7d23190dd76f3d9186e3c96b043061fe3cddc1afaf8db4bd5	a6b8f1b92b25588675e55832db96d041fdbd6d5709a6418ceabf9c05fd8cca09
hamlet	dormancy-bit-compare-hamlet-078	c4af584237661a6cc04f2947d0c9622d3f45ac778ab89a12dcedc2b0d7e598f7	c9e9138a963741ca37abe41c839d548ec1836bbc6de5c2b91924021d68e3c28c
hamlet	dormancy-bit-compare-hamlet-079	3b4ac6dc86171794d16d6576f7a8bf30dcc4576fced47d3c088f4498015f7589	d95c6432f1ca35ab5fccfb26b0e92456285ff7d5c86694ec314d6b0be3e09da0
hamlet	dormancy-bit-compare-hamlet-080	e1e8a85b988408f9a18eb5c1b052c83c573286dce669cd97450b8c5213d64501	22e86d1685033d77a37c1490a699e4bf5a55f600cf7a1c51b96da8aa962c73cb
hamlet	dormancy-bit-compare-hamlet-081	b1b4bfe161592c3f9fc21bc050e83669309437244c97065a1ca5346fcb43305c	fc48c82ed7a7d4cf3fb6cce0191a8a0d71f66d06705469da7fa016c9b35c55d4
hamlet	dormancy-bit-compare-hamlet-082	dc8dd12d7649fc866cf6e0055565d87941aa747282153a1b3154168966c2a94e	803eda2add951e8ee9f64e4dbc36a259eb55da9000a0cf0af3edd0de0eeafbf5
hamlet	dormancy-bit-compare-hamlet-083	2f3ac27be6f86681a2bb0c8069450d609ae401927287bdcd1314ea45f9f45fef	a53f7a86962ff0a2584a9dd4ca489b36c60802fba665d73beab2b90b5a1a2bb3
hamlet	dormancy-bit-compare-hamlet-084	15559f91a9537f3ca2941c8033e69f3a89490493d4918d81d81eb7e70fb2647d	286463fbe3aa75cd466ffab2a2736b8aeb85999a55e582b04a7444a509b81049
hamlet	dormancy-bit-compare-hamlet-085	311544d8ab7e146d157cd5f05e5d0f5383d477b383b10454c47a31e3d0be6fa5	8639bbf8f0504c200a0ef5e26075b0cc5f0b192d2de5036b684da530e4d88146
hamlet	dormancy-bit-compare-hamlet-086	814e39972b808768fef7a7bf1ea2abda6cd31fd50426eebbc2c48235329a1841	24b53fb403e86ae43f60133bc9eaef81370af0f7dfeb337d77bdfb8b77d37636
hamlet	dormancy-bit-compare-hamlet-087	d21d0863b883d2420d5eadc6cbe214bab1ec45b4daa1bfa515c7eef72e83182f	f21b948a3358d11f6c6ac59e6791262982fae01fef3eb06b52b4efdc76104736
hamlet	dormancy-bit-compare-hamlet-088	d5eb018050b2abe84b975f5751a8e5203ae0f0b715be044ecd922ef3d7d24e88	95a2e6209826d983922ce2fde1dd1d097d53f9e615b692ae2744eda95713dcb6
hamlet	dormancy-bit-compare-hamlet-089	d2bb4793e273ed10032bea8c704111328307524370a97485fd20a1f863f9bcf2	c5a155c306c6409243d88d4f0bcb900cfc480fbddce1976617514b1ad262ff91
hamlet	dormancy-bit-compare-hamlet-090	8f89ea7e2a08a9d71192292ca2a950a8c05e15bbc4e5e7750146483b24cc9644	de0fe5696007586c2cd0d9f42a1fc5d64fdc23bebd2c9c6920ad045faf97afd7
hamlet	dormancy-bit-compare-hamlet-091	b4516fc9af74278e527316629ab2e9ed052327b1ec7d55518d660920af53c464	44829807ed4c09f5521a4b4fab9ac680ca4f2a3572ed5d6f5da65846abb0c6b0
hamlet	dormancy-bit-compare-hamlet-092	a3924f9a4a447c9eca676c15e2dc3c0acee753501dfa0bab4e8cf8aba74b62fa	49a561304f1038430c0bf3e10542988da33b41dd78e7d16f989e972d95ec4921
hamlet	dormancy-bit-compare-hamlet-093	dba67c14fbf339077d6586a424714b8bb9fbbce2dc4f680bfe251e9b0499fdb2	9ed116857907c493d250956e19e3a6a5ab9da55ddfc22cba82ac1b75f2266c42
hamlet	dormancy-bit-compare-hamlet-094	0c97dfb77d10229f4fd676f27821d79a08684340be4a84b2553475b796ccefb9	02a3f45a80ee925c3ee2b12391eacce8b92229478e05100e1c693fe05909e3f9
hamlet	dormancy-bit-compare-hamlet-095	c6002e7a56923fa1c969450f6e72417cd8b07acb069f5dfaaea4616500bda32e	fc6661ae9aa2abc1785a69a468a286e7a7cf95dc3e51634e84b935628972e918
hamlet	dormancy-bit-compare-hamlet-096	504bb84e6be4f0c46b4e902e089b94e3c961269c269c51d7e553534e14771771	ba85394330898c5f5440e1a767c09a10d37d9bbcde3dffd0191f4b43a9a46812
hamlet	dormancy-bit-compare-hamlet-097	b2d72bf64723a57608eabd8d4da7887e7d7c2553ffbe945f9fa1941f10b73995	822f04bb7644a736d5c2e604d8d74a8a38ae134b86c8824e6dd74f229c0e15e6
hamlet	dormancy-bit-compare-hamlet-098	fedadefeee8c75236709cb7535ad0b03d8ac737ee781b9d1d1783ad461acad90	9dc44ab0c3ea69f2efe477513c0224c3ce17b43d07037d2a0f077ad7884b1ef1
hamlet	dormancy-bit-compare-hamlet-099	37cc17f205c48ad203c7b6005ed64a53d7f828822f60aa2a5a4bd946a6cbc9e3	eea1e8087a14abd88776a9b72240cbdc57a7dfc574d93c110a68c3dd21b98f3f
village	dormancy-bit-compare-village-000	0c038a4705a2f419f847085771296a6670b087b9ad17db1da0b08a3386ee1fcb	f7151f53ccd61ebda6e5e56ca1ac415a599d9e17745a4d49833aaafb8d7793ad
village	dormancy-bit-compare-village-001	aa33fc4d9331645f9b0425a1a7399ff5761aad0a5a6dc8f04e95c35b2e01317b	7c8e9c75ac754f67dc48dbfa2f0fcdec183dad2259a27415de5b5133d86243e7
village	dormancy-bit-compare-village-002	d84b9dbaef437617b10c618c062856fc1ba89cbad88dd069d7902cd66abeeb95	366c6ac63eb9c674748a4b0acc795c348f71ec6352d9e9df3be2d1af6aebceae
village	dormancy-bit-compare-village-003	bfc4e8c4d71620a0e35e359df7b8eedcd706dcc88385ef7eb5f5f43bbed88670	4d9e06003e1304eedfc3df3f8480b9433183e895147710b89aa179d6e62d5deb
village	dormancy-bit-compare-village-004	b247d7d5b1bf5dfc7e15daa19a32d3349467636a08c2d0091f0169317d7e53a4	75e08ce540c5775f7c56f7280c02f5b6d0bfcf0dc8081d8a66f13dc917caefb8
village	dormancy-bit-compare-village-005	27cfa766b3ef05b34599c66aea56bcf66fbc463b60ed551d95bd5af416698103	309589cd7d4fd5b5691f818c997a831e45d7fcd5dd953b440e99ad7c5849485a
village	dormancy-bit-compare-village-006	a35827441fb0e20d478199b26d00af9aef2e9a83564907bc564c0e47e8fe3058	01c9794279e270827c92f53086ca601683fb7b39d6cd19d66397db196a982e34
village	dormancy-bit-compare-village-007	335b4055016b4d44805f7b3672ea39d5de319c604fda36d6329d166e200569f3	c876d6250bf5880b6b84acaf19447c4d63607ebbc55bcc71f816a0c69fc159aa
village	dormancy-bit-compare-village-008	cd2ea3ab499c81b0b1640f4db9343d2f434eac98cba01b0f91ed3377d5576d00	c1c7e0b9e7e0ee6a60a43983f62e38255bb88c8e95cc379066b76ccd618d2bde
village	dormancy-bit-compare-village-009	155df26e8291449e7751b550f06df8ba7813cca1b4956cbe61f17dcc86d403ad	5f362936a8bbf93dca627469c5354c9aa8130080a67cf9e6712c7677dbc8709d
village	dormancy-bit-compare-village-010	2752c36a406a889b6eeb0d35effbc5ee0b34b2850425d51e96c8e64699fca7c0	92edd92e5dc45c844511bdffcb07a46ab8b21693837154761efc8d217897b897
village	dormancy-bit-compare-village-011	ce2574176a375341a69f67d9d8b0f49fd28786506936ec75894192234e446059	087305ab787c288e49f03e00084509383a0ffa5d3f135a0336ca36c60e0ba5c7
village	dormancy-bit-compare-village-012	735ebb7bfeea163dce88a06ab823d6d7d2e68e4c75fa46021d59a3de0bcb0296	a72ad3c5f81b1c92b4e774c3948d00e8047a2564ca8bddc706bc952012489737
village	dormancy-bit-compare-village-013	cc04febfec86989230dadbd7ba3e31365e8768e4ba5621660238656492dfcfb1	75f40fe2ae34d641764ede100c1e0ce64c276cc93a83d1bd6809d18a3befbc2b
village	dormancy-bit-compare-village-014	b305deffdf90f9bbdf920b326062f0a34a26ce403fa16a558a5a1980aa40178b	9c95afea95abe91a3960b06b62dbd20a5a15ff4ef6df8197f780de61b9a1eaf2
village	dormancy-bit-compare-village-015	b6237ccc80155e797622145e4fc6e6c4a2273b80774664f1a2eb016bf78df089	722acfb56be07c0fdf50aeae67f40be3b76f4800b0d2ccf42f7d254dfc415d01
village	dormancy-bit-compare-village-016	f698f9388a697e8ad6f9225bfbb9769a73b46c310b15d8f342c3d9294aa6f72e	f4b1362c247a579be6215264fe2d3ac72779428fd58c7acce9d7639007c6104f
village	dormancy-bit-compare-village-017	431f628c0a9f759493d75f54f39c3c19fd328987648460aab20b4bf2779c87c6	53424c092394eb8cec7624889064ffcac5913dd1136778a51bee9718cfb7e8a8
village	dormancy-bit-compare-village-018	2a22d02bf225f023f3ab1f10feeb28e4898ca600d7f240ff60f9dc9b85857996	fec08ab3115dae898c0c1a66888a35f88066a405c57cf3c84d0c840a10fd3b4d
village	dormancy-bit-compare-village-019	9dcfd3a27116401349aeaa404484a0a3cc42eb85596647962003c0916b1b2f4b	5db91218cc5e123165b5bfaa70c27a666b6c4fd11ab9af188bee8be491a4f1ba
village	dormancy-bit-compare-village-020	70ef30b27b72a1e3da5c8ef5d48f7ba71fb77660d5953de9a1bf1550ef13cf79	29aba5c6e55743a804f5c9016851314a70e09ef1aa87c74169aef1d248f4ba8a
village	dormancy-bit-compare-village-021	b22ee87181519fcc24f80e746c07d0ea4b0ddc8e54f5f7af66dd665ea8298a6a	ea612e62d9d74aed7a8ac564df670989494c72c6bc0a20e50f99c7cea31a6346
village	dormancy-bit-compare-village-022	be39fc4eb6781d3432ffb8f42a7d0a9d44ac5a32ae550b58815da06ae1f11494	60475a2190450bcd0c15dd89cc6ce42c43fd1cb796f731502344bcd440c154fb
village	dormancy-bit-compare-village-023	b6aac35b066e42a9c0357f419d8d0d6533ca7f0c99baac4cde122423657b0ec9	a3b1e402c7f3981ffdea69fd30719f3060d80f85cbca23da388e042404462e65
village	dormancy-bit-compare-village-024	1d39745e3387eb048a7071e38be4a66fbee5ed5e4019230a7d0349621f0d3beb	bb20a07d72a0f78b5ec78e13f7ca9ca84acf3e9c27573842d040239b59077352
village	dormancy-bit-compare-village-025	ceb801f6b55f7b387b07db5e08236f1479559c6138d935052fae6b235db8842c	bd9f51c94b8791090d24e09b1f175c765f74982896a99b2bf1b8a8a5d9c45c28
village	dormancy-bit-compare-village-026	a0291bfdba8a417842f30a61e06c3b9a43d76fafc76b769859cedd76bb47f54e	6587f50deaaefd49eb647c9797acf976bc9b3684a8f198482269e4a24f18e771
village	dormancy-bit-compare-village-027	4c2032cffb86c851a76d79fdf9a18f8678d2cf6471a7ea423338090d07825722	d361b378e290bf968202d74e5ec855d3804ccaadf7bcfa65c7e299b26f132188
village	dormancy-bit-compare-village-028	8bf3bb2d11673e2c64b943068951471d91d8547f4cc324390237b91b6811e106	3289ed43d7f13f5b70ff658f70d8f7a68ad044ef3a47e51f4059ca425f2521ce
village	dormancy-bit-compare-village-029	0387680cc2f4a36b71b0f73c82e0336cfdea11e76575633ae93cadeed1fb699e	aebe5fd15525291da68009a3a277a52a17c227b2cef9199a774bfac140274d59
village	dormancy-bit-compare-village-030	215bcc2057d2495e248c3cf55b51750c75e49e51d46a0675b82173c652075526	a2cc2417d8115191260f5f8de596b0eeb77ef42abda09399f4ae3a48f3f0c5f3
village	dormancy-bit-compare-village-031	b199d83444966285939dbc7635f456c6de1e3d19436a462c2dd145951bcffbbe	4806d1d9f51bfc354c398e2cd2172356aa4a6132249d26771a94f579c6bc9263
village	dormancy-bit-compare-village-032	4d86c012fca759971cc9808f649ffe82245f0704e17a5dfe8683efc40a0f9c67	1857aa7517060d06039f9b015586ffb175f8cc7760e4710a6f640dd647118721
village	dormancy-bit-compare-village-033	d11e6784db1add95e9ff29c77848def52374b6a1111a7a6af9dd6ab73d77f086	6986ddf30335ce1e4eba9f398c91e37c0a1a360f6cf4529d0130f3d8044debb3
village	dormancy-bit-compare-village-034	b816ce65154939ea691173e111583e21e1d2a3171caa8aa01c8501b161b3feb3	8eed4d5b27389875d80d7fa4432a0f7781e3e6d85f59cb9ef7db84b3d235826a
village	dormancy-bit-compare-village-035	bdfbc89168e9d8332b9e941006af29225f11528a5670776e79775dd465966c39	c6ad55bab0977282719d63be4b5668c2cd8bf5cac78f5cd86cb821ab05afeaee
village	dormancy-bit-compare-village-036	2adf3b5b0f491e21c6c8c20420e8426b50412c477d84a8cde09017a011923eef	30f441effd29948dca608c28d02520326bbc51011f6c72b2e3bbef7543cf04e1
village	dormancy-bit-compare-village-037	0d2f83e1f4758b05eeb414a12072bf073ea402f7853491b339a5764f2e66ea90	afd7c60dfbda0b63d7d8341dc7f0bcd528cead7e0029d16b2c0cbd136dc8fa20
village	dormancy-bit-compare-village-038	81030dd6008a118f7cc58f5ae6c978259b5a119ae61b36d4ab93f86a5f29912e	17001f6f4661107c3dcaa11df7d144326b15537a4c95158fe4526b20556e0b2f
village	dormancy-bit-compare-village-039	353f6c0c30f05d546128b35874aa4745598730f8a7a9dee1c76284c3bea0e7df	0cc67cd1b780455ca09f83f93711c44945d50ca50c0b344d5a261684cb0fc322
village	dormancy-bit-compare-village-040	ebd3fa610d0862e093df7e0f120962a6aa61cf326d11d00e25914f009893e583	6378f686529e16c8b75883eb62a01033794d078d370cee554f68d9b9c1ca02df
village	dormancy-bit-compare-village-041	deae84f8e82fbfc65097f235da1867cf13722973ee730fb6ce6d045289b88cab	aa0e651f21962f1c4ae8bd773bfcaec06c31c6cee87905072d9e6cda84875cb8
village	dormancy-bit-compare-village-042	572a26d7487171a85b6f456268056a5f555d4fab5e57ef4b5748540c3adf31ca	6e4c760d0cfd66a6682a57e934ca6c5e59ee6624a827d2416b78d17c83d760bc
village	dormancy-bit-compare-village-043	aa5650c0cae8f8f5d9927ce775e619fa69f761babad4755aa96bfa61acbcee3b	a62dc650342da263285e9c8938fbe374a44f7735eb8b30c3d870b97cf7d2387c
village	dormancy-bit-compare-village-044	21eb4e0f83ccb60d62bb020afd1b076ae714e5497bd4c5084c7960f5261cae5f	7d3e29bf762c6384849736ff3873a9062481cc22d27723dc20355be0dafd2c51
village	dormancy-bit-compare-village-045	bc7f1af88c3268570ab5f48b61b563488306a69b55fdff685fe59cefb67144a9	6bf7c6f2265d520dc26fe00df814805e9dd9b1b401f9060747e5a20e403b6f1e
village	dormancy-bit-compare-village-046	4e74ca0989da63076b70cdb75ae8478a11e201a54e37fed7b0b85710f5cebead	cd2e02a03f0b0c5f510c7ed446fb638c79468b807c9f998c31db44f02ececccf
village	dormancy-bit-compare-village-047	af95da9dbf3b10f058dd3c899741b5ea669a9156c42878b626b69661d7b7751d	9a141825b0f044db01e5d9111d05ee20ba7ce2223cd73fd8d3097f62294e944b
village	dormancy-bit-compare-village-048	6a5b0517930576bcf32f0da1185a2c7231ca4c04a0f42c2a757c3e40eacb738d	b7c2b68519b09a362b1dc4f9f9065106b7777be078031bbdde8649d8b6db0bc6
village	dormancy-bit-compare-village-049	2c51fbfc1998bda072b0845a23ef02232aa78c49a06a213cb201c353c719a8ad	fc814c3f30ee7cf191e9b3231cf2237a025e9fbacf4207d79b5f6b13ba7b3b20
village	dormancy-bit-compare-village-050	b5825e2551dd3fbd83b4af10157066fcf01f290f6feb9bea9331549a997bc3cb	7819df74c737ba4ae49a95039843bc217996236e3fc54781fb2bb33591489d9c
village	dormancy-bit-compare-village-051	c3274c71c09ae5bdb8292da6d68a6e2dfe741cd57a44a7be2464794dea65fe6f	e56e1d880d3000f47c99554a574e39aeab0a6ae6d7fee11dffaaba8af7f91df6
village	dormancy-bit-compare-village-052	e653ee05813d74d8deb2e6060d71d5206ad0960e0680c576480050a54e9d0600	15c4b659b0dd41e2916b30aebcfab7a3be4dc931fa998164e4462a8d5a385d19
village	dormancy-bit-compare-village-053	c0aaec77454d7da20e8b4ebd394f19a9d97188ce2d4f8ea0e0b30eed7700f4a0	4a11a1d59686dab641ad474689609d6225274d68880447f444dcdb8e8ecb66ae
village	dormancy-bit-compare-village-054	ad3a343d94d9feb55a80649bb3d5af0600d853e7331b09d6030d3319e0794c8d	22c222fbabc7f4f390616e4bd735ceeb142d80b1106460e1906ceb879d15e89e
village	dormancy-bit-compare-village-055	eeae64d6dc90071edacd9698a0202dad3fec5297c3c7a606aed4d6aa35b3d156	5e978888323aaca9e3b0302bd6b786583b3df1a9db99e948a884a623741e58cb
village	dormancy-bit-compare-village-056	e1df8879ed4bc4e67cdaefcaf9edfb0a691f230b2d9388748fae8c2127a991a1	2595d2c02d481d732f887abc62ac8fde89fd9344f5465851ffc760649c8df2a2
village	dormancy-bit-compare-village-057	e493eba928e3956228ca33a28c7b40a6399e22683615f222a030f6ee77ca73ba	1618ae4f22ea3e297a9c34ca18f5160d299ae00aa401841349b075d6bcd1133e
village	dormancy-bit-compare-village-058	a4061ccc046a97325eef31b991a6eb204f08af9a2922dc86be584c31163a2d6e	1ab7cbbfd5944c53ffaa81f36a8b7aa9b243e4dab3892f8635c9930130f94d6f
village	dormancy-bit-compare-village-059	c50d99e18e2499b75f6c6d50f31ed11a554cadeea0f5499b54347befdacbe7f4	83c3484d3117e31f436e0780ef69f8cf1b56c68f9e34038f1f9f87cc0c681245
village	dormancy-bit-compare-village-060	c27daa1f93bdb2e1477aca5f59abd2a8df4055584375577b4c0563c867d9f8ce	3f38cd364bff06d78a0b311706ca949b00dfffe1029c90bc706283f85f40cd9e
village	dormancy-bit-compare-village-061	45f0980ba69a0c3a64e413b9529526dfa3e36a9eaf4dfa88859c81c34551b300	d04ea00f403965825ca2ee51dc558de863f80fa09155d34243223b830a4a637a
village	dormancy-bit-compare-village-062	8c6a40c3d03212ea54c097ba5f71d48322757892b7d960715bdcd3c63efdbb5a	917c36c2f7475666d2f2f88f5667ef4c4b033d1c8ff391ec852e4d5ada96dec3
village	dormancy-bit-compare-village-063	f100454e85c536e9007f527191a1c51cf0252b9c9d07743fe84c26f5aa6c0fc4	95afd451d5cfd0a78908a1b5fbfed0105e84b94f442aeac34dd402a74b49f5f1
village	dormancy-bit-compare-village-064	ddf6b3965f1f6d393e33c01f1f0010e38fdbd0b8768aafa207bd1a105fa6f8ec	7b6d55f97dcb16e238f46ccc554f5cf9bb07a179267bc510e969bcc5c6de5bc6
village	dormancy-bit-compare-village-065	d98e2361bac39e74d968cddc1ee60c3e5fa749fcf3b9c8a70ce7ea20f5fd537e	e224555fe37255a2f6ade27e569019e5580ac2dfb2764e3f0b9187b73c6e7761
village	dormancy-bit-compare-village-066	3bef374b59feebab84275b7b3d74d7c3d1496b908825bddd212b0fa3ca95767c	720219cf85339020667f9d6bd0e6814a7140945be3cd15fdc02c80fc3689e711
village	dormancy-bit-compare-village-067	a90305d5757fe5764e87bfe37a8b9685dcf106903c38df36d2a2701eddcc2785	04af4134b072da757f285e409c431a5dc5a7b6dc83868e488deeb7fab50a8d30
village	dormancy-bit-compare-village-068	e20c03dd9e23c4f8296bc96687259493e8193b4725305665d869e55dee40cfcf	187677546f14a79f537acef4ceb735679846b0bc5809d5423b753207786398a4
village	dormancy-bit-compare-village-069	98f96866715a866eb288447a63505259aa135a80cc671c09c24e0b72233e3f9d	0bfa4ec3ec328d4e277a0bc201a5c7221eef102b600c95a4a69575149f762012
village	dormancy-bit-compare-village-070	974de9859df098c1a8e312fb0b3a4b7d7b733929c629af60be5332a7334f9634	4080c528d059f3ba9b036be1f5a870cfa744bd6f24d7b08d3f89f66973f107bb
village	dormancy-bit-compare-village-071	46179307f9cf19a69d3205369fa88244aac1d6cd54993bc58c65d75b9bac69b6	b4ec4a444f82f9b6da84b46f2349c738c45804f9370f0e4b68e749323a8cc974
village	dormancy-bit-compare-village-072	1ba2cebf98ac07fb49c9cc6c906af19eff34ddc32b4d6668f7fa0b1273493cc6	6876037d20bd57c5a4e101b9529d9d93ac284f8ebc7321fbf4f952f756dc530d
village	dormancy-bit-compare-village-073	a9ef0413e0fbd97ecf58ba7854221d983545686adcc91dd0bb84f1e34dc97749	88fda28ff887b47f7b755d7e8587a5907eba096400f5a82654c774b1dae3f942
village	dormancy-bit-compare-village-074	1fbf1de51cfd2a722cb3fefc5d9a06e697eb393d6ecfc18baa962bda2ca7c743	adf79859444f0b951669759e546ce6fc5d80d1651d6e7ec787e4e997612683ed
village	dormancy-bit-compare-village-075	37b105d7e56a7c55a932c75d4c7d9a341070ffa04a51739bf508e03c048bcb58	0421d411953a6ffb27fff409228eb59649d54a0b36b72be12a97042a42483009
village	dormancy-bit-compare-village-076	4194d03ed2db33f195dbd3a0e262669fc01b7ebc70234f0152c176d97b134ec5	07d6b5e77d9c339fb2631f796b56313be303df70bec0ab4612c3cef903dfdd80
village	dormancy-bit-compare-village-077	7a4bba707ae9bf2032ead48229637f92e08c057a08f89232319b6d7fb6cef516	2d9829689ab655b7134dfa3c9a28956422386a093495fb4dc0384abb59636dde
village	dormancy-bit-compare-village-078	179be778e4c5ef1d5576dc364803a214861e62985daa012955014e88e70c448a	3b949ee6c58b2f8a1da044856f57a9aa06c2ca4af4878daa9a63c69d80e1c30a
village	dormancy-bit-compare-village-079	b818b2841124b48fdc9b34cafa66676a12635bcd16b1f297e97dae42e9e170f4	2ae1fde2d3bd8d4e7e78a51285e62fa719fee1551673691e5fab7b61f1ec1fc7
village	dormancy-bit-compare-village-080	87ff598a26cbfe84ac33ef255f56aab3c21d983b04ba1be7ddf83699b73c83f4	e8294407da5b935f07e9ad3589dd2af728be6867cb0741ae1bc103e634863116
village	dormancy-bit-compare-village-081	9181a92debcbf7ec55a357c935aa023254c9abf7d2233f2641ead3d866f15782	605bb290417f7f8cb5ae32f19ab62c347804a745beb82903ea031f2abdc06aed
village	dormancy-bit-compare-village-082	ca23d0343acc4becc86e5dd5e7d32c1c99f6a15c4c1c1298792977834f224a04	2c679741f4b4f347d875a1a906276023977f93ddd47d2ed2083a69cdf32c74d6
village	dormancy-bit-compare-village-083	745bc58e4035f6249f1cc25a9f1122ba491f3c4cdea8c6317f4f28fb27dd9089	0f3fbf28c86b85fe97e9421e196432a6713e3b8e4139b40472a1bf52b60cc7b2
village	dormancy-bit-compare-village-084	2e51f2e9a272f52304819a84d89b97425a331c889955ee256b2e67ad7cb95647	8891f8fb527db552e789111ddb0b36c043f5a82859374701dafcc06524f227f1
village	dormancy-bit-compare-village-085	11b1142d3a5f322c5ae6fb54d158d5e536b9839f3c3c119ca9ce1cfba646b520	df8391098c404f57ee1f4bf859bd7ba8066fcd89d0e9b02dc441b72003fd390a
village	dormancy-bit-compare-village-086	54cc4d22bdbf84b7d0eb887f4073e934e9d782ecd7824698b8d0174c608de058	c2037c5100dd22023fdff08916a23e157604b4dbf3a03b2d17274cda8e17c235
village	dormancy-bit-compare-village-087	b1d2a42401ad10f17e9604f80c59fd1e4c68eec8e71fe3ddd21807ddd40adca6	0d3c4fde12fec9cb77afb19ae162dd89490cbb26194c1402f832ba9bff2af8eb
village	dormancy-bit-compare-village-088	7ea1e205625cc783309d01ad59e2904ea43e1b9218dad38305a2aae0ba3a63e3	3ade7aa9ed113b49a89a1f52a7e705e55cec9bb17fb2395e29074642fa4a1d8f
village	dormancy-bit-compare-village-089	3e699d3b0b977b06bbcfcd31a652c53d61f8fe535c0a4726b7a55e9ca4d2c4de	d8292d6557692760c7bdfe5393b03184ce08bf023c8d813fec32ed832a04a74b
village	dormancy-bit-compare-village-090	f4f9feef647cb960ab1430584d36daeccfac10a8533c226edb09fd10fa5ebb17	c4bf2a1ae470532084a597d47c8612aeb80535679e7b11f2a73e39451013a0a6
village	dormancy-bit-compare-village-091	b63b1a5d8d0a7bb1931282a97622d332635fc42dcb9b695025bc6e11866e31ff	a5de70fd1d7f35eb37ba50734455c46ee71545065d364f38bacb087d4b71fbaf
village	dormancy-bit-compare-village-092	d8f6437fc14453a394f18981934f30d337ab66f72785e0184556bd9d059d824b	41a18aa6c56b7c660d7c8d3bfc3c17182fda4f5d893eed335f01d39bb8c49698
village	dormancy-bit-compare-village-093	81b6ac7f9bf0ad313cb77968ff8346bc9355072078defb571c2e9886faf89847	1a6995d18d1efcc986ce2744f46affc21a4079ce9f2d980855ed4d0197a25a41
village	dormancy-bit-compare-village-094	f31da391081034a4fcce26407ca78a4b7bad08cb7323b210fc839f9d949df24c	6d4744501b51ff2e911a2544fa5e743be6065c85a8dffd8b40414abff7ab3aba
village	dormancy-bit-compare-village-095	ed4f54caf96e90ff2beefb95b543d86a65179607a44b3f12e84abe78e72612e9	3065187fb4ef87edc826cd966f08f72c09d9d97afff44238d3043e33239bf2f8
village	dormancy-bit-compare-village-096	77a5af0d4dc530bdd24386a1a79fc690bfcf78b9f6d7f2176e8dd71c27fb026a	156efd4a4c7e3ede5274b29b1226b2de5dda73ae3e56699e0caf267c662b19c4
village	dormancy-bit-compare-village-097	ba62bb1d54765197f51ac336d2d7a40ddb254d05c4b5fcc2fe2f6317c58fbc87	974c78fc91996ffc31e7028dabb1f20d50879654bb201213ed37e3e723d4b481
village	dormancy-bit-compare-village-098	6cc751185abdc0dac929d1937d2dca958b1839d2d4e6d2729aeabde4782adacf	d7622a2e16e4cd22f382476c185a0dc07fd21fe3eb2624afd3a53b3041ba9842
village	dormancy-bit-compare-village-099	cb9bebf27cafcbd091d83da9f180b83f46e020833850a48444c9764530c4508e	78256f26eab9b50f91ae8d30734d805561578a0b15ec7005bc4dfa45d95e7075
town	dormancy-bit-compare-town-000	5a489694bd948fdac49b996d7ce702c7cde144733f30d408564ed95b32d657ec	99f5b6bc6158b05b7700d566bad40b65bf1c30f2fa48378f5644a52f2eecc6bd
town	dormancy-bit-compare-town-001	62663504adf588513ed20a5ae67e3d91cabef0ecc912a762bab2d6cdc5e8b4ca	85ede47858453eaa637687893c760f0052b6a423a761b435a75d08ed022e9517
town	dormancy-bit-compare-town-002	7378e48ab163a4656c6c1eb7b9746bee1ac657b9a92b2246584ae9aa6dba5906	d4f52922de07ad34c6613c0d4c8c81872d232fa7e72f7f47372e2006935e567f
town	dormancy-bit-compare-town-003	b8cb804ddaeffc89463d03f87b3412b91300961df5056a6f25b3895a4117b4e8	f91582af03c0c394190071dadcc2916d598c27050c91fd9d3c473add65cd06d0
town	dormancy-bit-compare-town-004	a4828190bed7fdca35b914d963591a7bb9c93988d680a736c10fc378a1e57705	2443a9af6fe376e0023aacd4bf9bf157a71bf3ab3fcbba4f5ba5418b360f12c2
town	dormancy-bit-compare-town-005	cba64e551a44124603f033e230c1af65b3e3ad52504205d6cbc72fad6e0a884b	b9f5a552fe368a2aef37ef37a53e63993a24859c2c460f017d7871156bd31a83
town	dormancy-bit-compare-town-006	4bff500eb77c87925bc42f3afb0cddbe3e36d531af5e0b748d5768287814efa8	a98490a04c2955e7b3e3630566339dcfb6815dabc629c3807bfeb53545c5d117
town	dormancy-bit-compare-town-007	319afbe0f041892daa056f5f8a35ba47c8dd09b33f82e1645ef61bc5196878a8	e4c5f10a40e0c52dc22a81698b49d0106bae0bade501a403a6ae8d4018ea0400
town	dormancy-bit-compare-town-008	ad3ca847aa44ca174119bddeb1b45e8e59390e76525c7bffbc495594d5010e3c	aebbcd2b9f7315a58d8f875a98396529ef1c4db15df9a0bba11c83438e1d5ead
town	dormancy-bit-compare-town-009	2ad8aba50694ccd4385eb830117a7ce4ae9f6c078a47cda41e70c6cc62f789e8	7558f9792222594affa6497b44b00155daea7b934e9218dd665a14f90cc97872
town	dormancy-bit-compare-town-010	fced24504587b1096e9c1edd412a014d156d205055a1bd26ec1bf62783899d0d	785e5b2a09db06e69c6eb2f55f715e8ed64bcfecceec63a6aa892fc6272e48f2
town	dormancy-bit-compare-town-011	426169bab103668c8c6b1b59d14b571081ed86938509812380b8d7b2567b932b	37e13556068947bbd012c1581d8025b85affbd2758f4ab720b17f1aa57d3af8b
town	dormancy-bit-compare-town-012	961b0017da4a48837ae0924171c0181998ebdd2f874571a954a89a6aadfdd375	4153f942310c2bfd63156d49a022645ac7bbcbcbd9cc561b9e99e753e7ef4cbf
town	dormancy-bit-compare-town-013	645125be5459d1e2c21ade72e2ac436a09e792458947878db533b57f31bce086	746ffe591027010114c27d40dafce77a5430120ea6567b52c0271243a65f385a
town	dormancy-bit-compare-town-014	ffce38f5e0ab10d50142b5ba76104c641247cb2b59a015480b40d8a8443185e7	d922285b8c2cf00288783029e2d2af1ac2e03cc06ac03839ef392d48d0bb2176
town	dormancy-bit-compare-town-015	7603cba08f47519f8644a367f7ba4fd944c7480a56ae67892314b7015df43948	9a8b55fe78eedf16b5c40e657e3940a1dfa7882e8bb8fc3d5716918e8361f318
town	dormancy-bit-compare-town-016	14ca33cb4e7116b0cb5510ce00bb367faefe3906407d298f2c0fe5abc15de0c7	8a847fd30f4e760879e5c72610f9927af2e4fad9e2748a6a25f13451e78198b6
town	dormancy-bit-compare-town-017	e83e406fe539d97d08a40cbbf1948da9419833fbd5813ff0a5f9b9f673eb82f2	6d571452d76b36e775ea7df783e0f54936daf07275aa421eaf13d24f70efa172
town	dormancy-bit-compare-town-018	81e9818e11ea7e567738a86586e9fe67b50c939600f1933b38634f4af4c33df9	4f8c852a6031b36b1cf633d9378b8f5391b8120d6cdc072914df2a2ec8e19039
town	dormancy-bit-compare-town-019	b31b9a2912be3544b8dadd79a0077a4cb285ef9a4436401a70da4596db242f80	22852b52f0bbee936a32e8afad987e0ddb00dccc8e143887b17d4e70a800dc87
town	dormancy-bit-compare-town-020	0bd9d2cb13c8fc294ac094e6f483cef6dec9a0272846f908750a231de9e3abba	26a3ec4ef25e0900c595da7fc0534bf8ed78512987ef20004e19a7fb749dafd2
town	dormancy-bit-compare-town-021	289633e2ff5903d97e950367fdb10f64a3daa82c6d1813f1712fc3ddb61681a3	849dfe82d180d791efd0807190b73b839574512a26abb8343d152ce2fea32c1b
town	dormancy-bit-compare-town-022	1bdba4d7cd49c94be2a24802bb332dfc11877a3b9f55fe3754afb3ab5b8c1078	386a84cacc1153dda46ef393a12ffbd64b9d93b164715aecaf44c69cd464946b
town	dormancy-bit-compare-town-023	51dfe8424e67fa834c40d33d711f8d72e93363ce64435a9629fa9860b3c23650	fd5627a05a117326b06776ea397986826c58d532df072e80995af0d7be33fe02
town	dormancy-bit-compare-town-024	46f799565e39c2dddcdba3e6f6c645fce068c76185c8444ac69c66e53d7aaa85	48a2a1fbae6cebf99dc9be3f442f4a76e81d1caab440229fcedb2080e0619518
town	dormancy-bit-compare-town-025	6b24c5cd310d066f8c4741a2d017a46e65e1d849287f2d90c8bfb1d356735054	2a8cf81d20475ae8b41dc88b9e854a5311ed6492dd6376eeb8c1bbe0a6cc3f4a
town	dormancy-bit-compare-town-026	9d4cef668e425f5d730d6350c6adcf57ea52381039c6068052de9aec6d460eda	d5b4af42ed11b4aca118839bb69682fd83c1cb56888de9f02ec8ed6fbaaced52
town	dormancy-bit-compare-town-027	d12d90ee4fd9a582308f819015534d9fc3170693afbf281b86d184f7a59fef01	1fe8313a344b93168a082a48c9870e0b1570b46e69562037f00d18bd93846695
town	dormancy-bit-compare-town-028	860b1b280cc2a1f328919a11ea7a8390376104b4ba4bc13ec8f01e2c8db39d40	d958f4bd16324a5fdfb9ec58ffc43ce25baf25e75776a80b6e04bf680dae75d5
town	dormancy-bit-compare-town-029	8702f448181b115500cfe15a1f734422a02e5db7a34eef44d9679722004483e8	f8fee96897295cd4d371cfb84c94692c54a83c6ec54f1567699eb73d757102ae
town	dormancy-bit-compare-town-030	0aa2726cf0356f361860d9b1643bf07321446e58b998ab7750d8674db954b0b5	574a7faac516638049f1181e39130990ad1a22af8ab63bbf0126951a7e5fcfe8
town	dormancy-bit-compare-town-031	214d7281b04214a02be158242093bf756c2fd6d3b8cbd4f919e2381c3a220f38	77568afdc9c3c755a6203e8b9b9fca422926983216df13410a71f20f78eb1242
town	dormancy-bit-compare-town-032	aef2f0583283008838333da1f6859af8b0a8e520ff7d40d640bbc66595f2c195	ae8d1209dd41636d7d0025077aabdbd51e5cf51ac2121709c29803d5317a3d4a
town	dormancy-bit-compare-town-033	8cee9dfeec7d2d83919e72be4ddb01805e875636a60c26f03640512183490888	9fe57a68c5e0f8484dd1b7d7483cf19a6cf48f6e362da5040beae23f0332d93e
town	dormancy-bit-compare-town-034	172aff18126995b99fefcf80e25a891c457f8459f372a64f2f23104558880783	dcec74d770b20a06664b21f4f4856ada704a12c5d3ebe5291add6424190ca7f3
town	dormancy-bit-compare-town-035	bd60368c8aa6892c6ca8c4f2674ef50fac3bc8e38c08117c77052c9113479288	123bc7bcca69bfa2a427fb6345149c6aea2c5412a0cc2153b082efb198caaaca
town	dormancy-bit-compare-town-036	dbaf99b78dd4e03223e6c0c2470107532af95511010381fc94f7778f4cc1a3dc	d86d0bb77ea56c358e4b842bdbd23697600baaa60d1cf4550f5e121af29960dc
town	dormancy-bit-compare-town-037	8855b1a8fdf1fcc4a015d8feae1544512694b4a58191db9df7516443278a7675	9bb65d6b5e0f3a28754b675b73c660f7b240fbd26c2decaae277e9ac8795298e
town	dormancy-bit-compare-town-038	35cc04d404abc0ebbf0e5b97dc89f6860d320254fa175013eb79f113e8c7f14b	3063f08ddd4a09daefcb03041eec72f4566617d707f1bf4ac1aee3ef48fedb38
town	dormancy-bit-compare-town-039	8f6d317d82a1cd7a823350a20ba1d241b9f4b44f94eb253819f3a57bcdd44eab	438a34f849888b8b7915a0cc53a0af4aaa0fa278dc01984dc4c00e8f53130dca
town	dormancy-bit-compare-town-040	3e5af98bd44fad64bbdd50fcfadf1b6d286b8921894088a93076869aae1e35c9	211f061b5836979066548cbf1741a87b925eb64f05e875c7a88300aee9271a6b
town	dormancy-bit-compare-town-041	ceac5935c8969977ddd0c5981e7076a403542efce948d1e764230ceae67fb995	7e87cc1df7098080eedeec1f94405ba8465263df2cbf2c4e31b7a11e1a48a227
town	dormancy-bit-compare-town-042	92b26c2d145921a8f861255b7e60d4246ddc801259653a6ec5523b86011baf0a	9e37fe46a1ae41d3a75a75fa4620a8416d60df383104297ae8de9787323b068a
town	dormancy-bit-compare-town-043	e81b932b691e1071ee16e4e64278e7b3193ecd4df65b5b083ec08274cce6d1b4	11d947b6399af4eec785c41a2b806ebcb176d1af26cdab9772a5c47cc1f4d496
town	dormancy-bit-compare-town-044	07255d3f176085041848235f70371ce9ef1dfcc7a4552d8e8408ac06d0438402	4ff0182b11b935aa6a36902c728549cead95051b47a44fd1afa45674d8cd106b
town	dormancy-bit-compare-town-045	6d65218b918461dde6caf26a7049ff0bd45678624dcfa6f21c3465beb4b493b8	d4670947fe0c8013118455d48b1b9cd39f3152c1a04859fd2a1a536afc193438
town	dormancy-bit-compare-town-046	29ada312f094a665ec4eafc242fb971e57c1e14ae8044c51cd00ed303069d27b	a5f7cc6ecb308f27c389b679440ceaf9323b48cbafc358154155c9fac7cf722f
town	dormancy-bit-compare-town-047	c0c528548933c2636cbccdaeeba62bf1f1b058f5c2f87fece5e7ad2bf538644f	49f4c52d2a8523cce8f093930f6727f2073ae3ef0d223771179ab6dfa7533314
town	dormancy-bit-compare-town-048	a8f5e87ad77e23b98d28bdd8312fcaa5925fd4e6a68f3a3e258670f62eb034a3	077507f18066b845bbf83f8b16765a861f9dd40bb5db554f246491fc642753d3
town	dormancy-bit-compare-town-049	a62671ee1af6d8a842284dcfcbaedb98a815dca099b4393276f0d01e76294ebf	9ff7e822fd66cce8d45f0301f5f1adfef950b1ab5f4d0f30dff82d85134c9584
town	dormancy-bit-compare-town-050	1509ce6aa47e15f55349629e48a775e740a52c5ac66c826f14b6a37766414bf5	bb311296a42f45d40e5d70ac64f8ea957fd1cc0d699f3c301636e94e7c82ac28
town	dormancy-bit-compare-town-051	ffb5d042cbbc969b8c081ccd4248c208e4cfea27b5df29ab5064e71c8db76fda	2a00f4f9b0faf508d701625cd4c4bd83b26575345c4a987b35b4bce62c125195
town	dormancy-bit-compare-town-052	711fa0f66ce551a379d095f96b3e0e400594ffed2fcae5c39e16c35e3a5b145d	222cb71378f549d2d50b6427d80badc0418d4b1ddf9b08a42d73ed0b8c36dd37
town	dormancy-bit-compare-town-053	45270e1e7d8e33da1be66565d6a96a357fa2bfb0ed5b42c10b24ebfc6722266d	561877f4c335b161b3cce8944bdb81eeb9b00e426b1104d6cb17648399b3e473
town	dormancy-bit-compare-town-054	b65672087941eb3d807587451fde202a7147b20d27d21b514a93bfa468a1a5aa	0bc842c39b11bba47917647fadf73d8d9c506398d38d552107d8f32f2aae8bdf
town	dormancy-bit-compare-town-055	e8fd1c49c7163100b6377933728dc2614650838603b6624bcc40c571ac06a006	c45fe6b2fc87a39fc2751db4a367425d55cbce457ee11650d3d1fc02d3979ca8
town	dormancy-bit-compare-town-056	c742819d19215124e3fcc9a7613050c6ab3702bdf7435977740ab16b93cbbac1	aa221d900d97362195a76288fb804c50e5183243285f4281d6bf462dcba21a0d
town	dormancy-bit-compare-town-057	84e496527aebfd65f549b20bc9b8ab0c1ce3b514bd04885d0e9f9bb63eed3ae6	fcdb86755ed413f5c040e9986778618cdf329dec7ee626b32ceab70a378f8c04
town	dormancy-bit-compare-town-058	ce3ad032c3e9665b7ca036b964ceb33b081b448ab178eed9413f7796a5b455e7	98498e2a082ec5c5a78989fc7b13b685e2654f8649c4fbccb752d69e83b157f9
town	dormancy-bit-compare-town-059	0b4540e5d77b9a6b763697e0300256890e84fa083ff7ab2e1046ea54d0555e0c	4035f06e00e374fc8a2521a0ca26733c63cbf5ec9903a9914e80b443d0092e01
town	dormancy-bit-compare-town-060	c7dc549e5379643e7b9ca4fd12d808dbd15b6f8eaf8d841cc0669f25e6013998	b97b5937c3e6b3b4098add5c5f130b9c5bc2b9e12a33fb0095e6c50af62c817c
town	dormancy-bit-compare-town-061	ec2c0731c947926fbf5b7947a0b4d4ce86ee7913a0202e97a7ca599d944eef31	f21967535f3afe32b2934bfc6a44db6bc82d8ea0dac5db45f2dc396a3e4598c4
town	dormancy-bit-compare-town-062	3e83fa98b83e24475c461d3bf8e538954cb2571553a4d9b61fa2e71eaf6ccb2c	5d50162ba50ceb9fe9b0899eb4a23f898c2ab5fa0e3e20b5ca53da6ee3489c14
town	dormancy-bit-compare-town-063	e4362380ef0040434d2cc0931fe0706039b3ae0b70bf1708d22f45f49537e92f	b6f388291691ffc5c6188b7aa9bd5f8d100540248ff851288494ee25c4b3460f
town	dormancy-bit-compare-town-064	76f5e605bce21f209389b2708c44fecdbe5f39bff137f7dc1c2c46839a0c0ea8	8aa5aabbf4dc793382357ceda4a24c7257f0a28baa1ddcbad152338b91ff633a
town	dormancy-bit-compare-town-065	312a278f08f8018152c0e5de4d7bdb61b3d3b3e4c7fed2cc0387c929fa523431	b3ec4ee1bc0880784a30c4f9e0d39ac09b5c5f48bdbc5047ef784ce296d044a4
town	dormancy-bit-compare-town-066	73921dcadb655fc9e0265aea025346dfded677f39fb6743720b5e49d627cc016	097c41c204b01022ec7c809e074434fde5e6a58b362ef4270108c364af9b9632
town	dormancy-bit-compare-town-067	3399313fe3ad5562d37392dd89e0d8fd89ab7ed2ef3a15c7d3e7e7d4dbf79611	d230a7815002f762b102e289d84f4ef8e4990ca1ce67ecc7ec0bd42e40970fc1
town	dormancy-bit-compare-town-068	a33fe133929f6d7c452b189e7948faae568fcc0b0f5eb352c1935da6bd792491	11ac41b3b055fed48416813156c78a84ffca17daf21ff146345e28c43253fa1e
town	dormancy-bit-compare-town-069	5c69729d8af91c0eaa30391e2cba6db846d27861f23d92801706e32eb9d1cd5d	67ec057432d9e268459e0185a717f86545ce20986fa93de6b53d90a50f20d9e2
town	dormancy-bit-compare-town-070	2eca2684d2aedc0251c962cd4b43cd19df601f6a7f509d8ec5f9d4b6c7ba20ce	dc977e8285f44780c1fab8bd134623084e642fb7e1be2f079c064ac0ef206ea2
town	dormancy-bit-compare-town-071	e1ef277fcb30033b202b703fb5837bf40daf450c5ed9ce1d0e5d461f6245d656	ee79264f9c1632c6b322e41e6f14141a175ad551644314476876d96640585ed2
town	dormancy-bit-compare-town-072	5851b9b346d6ed53646708a942dd02e915ea32f679f6dfe2d1979d2c0b767e37	0e7f88977205507d93c70695b6caa3a0bb565ec3a18134a44dd4c5e447d3e4f8
town	dormancy-bit-compare-town-073	7ae6a0831d3c4f6d856e819310de9a82bfa779b1c68a8e3c1dc0b58552b547da	c45f1502bdb8d732644c6dcc3a4f1ae5036ad5d0092b7c2a111fef2666300a8b
town	dormancy-bit-compare-town-074	9a8f49045525b4261b9bdb208837165cc2215d8f63f0e7f4de87e52caeebb37b	f675620b7f4838c5ddd7bec681d3287dc7eb22ae93ebd8f24a7dc00cdb85d93d
town	dormancy-bit-compare-town-075	a6ac9a919020c2392302a22116b49bec9a013d4d07aad4b76796435724d8f783	363d1942d02b22872c1b5480f15afd841a52e4ca68ca8e33950b6e05e60eabf3
town	dormancy-bit-compare-town-076	b1b9bb8ce356d8982ac0827417170afa595282e2b64e1744f905d0470a698092	e0b15abda5cd2bf8e29906c9e5c3485fb8b7a1ef801221b109d2d41d406c09a2
town	dormancy-bit-compare-town-077	4cf8758b239f457c0f9f6b7f21f747bc9a9ee2356ae5f7a5379ffbbfb8c0043b	16f7f46fe4ccba9f4ac52cd4661c3b3ab1171704fee269cedc1c4ef906cf78dd
town	dormancy-bit-compare-town-078	6eea5807935fa5f111bf1a51e7d75b9ffd570edb14cac02d7313392c455bb0a3	0debff3a088dde4c63fd7ba23f34adf9175a10f867a5c357025b6ab981d688c6
town	dormancy-bit-compare-town-079	2a1c7b1ad30f67aed18cd3df868040950678817254486e2e834c810f3165358a	9b692dc2c31be0c5e079905352c9928c1b8d4d740449b8ddaddd9421bc732bca
town	dormancy-bit-compare-town-080	960bf0e3faa3b10073d4f0c2fd9bb4bc8c75ff9d7b9addb78b92eec9c9d2a769	78c110c1e1c53b9cc61e3c9457f8170511e8b2173598793c5b91fa5c0f286e4c
town	dormancy-bit-compare-town-081	45340a2331ed93f71bf1d433f72e2878141e08566294c189353cc380da45c175	53571928aa74c44ce08d1f7944216321dffadfb8f2f8095b21869f8dc81bb536
town	dormancy-bit-compare-town-082	ab39a3f52c87d040e0c9cb8cfe627e2b359edde6726668c3bb30eb1e9ea0d922	92b5712dc33fb28b629bf40f153f97f2eb131995acc554882cceb767f7b239a9
town	dormancy-bit-compare-town-083	4d5d43a700e9df669d02195bf39152e5fab060e5df47c8c3f9bd695c65e24c03	2c29bd728f8b308c2ad5afcd397352f8804f835d73d8cb5b5aa8d747d7a726fc
town	dormancy-bit-compare-town-084	07f861f0005002647bf27580279baaf4c66e1e81d4f579e7f498a99f23984d3c	d889fdf81e3a9472c5d8d7f406996b522ca7654dce7880094bf3616ad41e934d
town	dormancy-bit-compare-town-085	af2d288d208041c910ecba82068ae06fdb480aa00698c834557cf184b4824cbe	d73935ddda7810dedbd6ce7d6e3fb40cc96553a3dd5e355d6a9fe4d1b09ae46d
town	dormancy-bit-compare-town-086	5c5fe3d058d35484a2e7d558e9b73c112a400f2099d8ebb58fec397f7fb1ec69	22b76f6b67cce1b1174911257e191269e8d214758d44bba56487fbbb1506ada8
town	dormancy-bit-compare-town-087	8922d46756e9668e6b1ebfc589a3a74f938980cd08e2aa1371bec4e759803aaa	73b60537ab3bde52e29041c76d5821645915fe7aa592a1e8fbc15c53d1b3fd07
town	dormancy-bit-compare-town-088	0ee8baff5db2e30e882d869e7b2d42bf8cb500b6455c9bf4819ee65e2118b5c4	a584141de57f37ac41e7806ec850b4a4d851e81ccee03701bae89c71a781b49d
town	dormancy-bit-compare-town-089	0a453fe4aa5b05d670a2ccfdf45950b6f8fda4cdb5135900e5e12b38ce4776dc	befdde3ec486f416634d5ad1d9ae7abbe36dbf3224fed54263716096ae5c37d4
town	dormancy-bit-compare-town-090	22d430af8e24b956f272489c6ba74bcae927cadd05f8cccfc4604a4836db952a	bc0d6878ada64a8ebacaf0306d71af58f950d3ba8766dd3f8c0c5eb64c7ba66b
town	dormancy-bit-compare-town-091	9da0ab965e585cc4c8a2d819ebe724e9671ead71b737b786527e4ca19137d364	4cfecc705bc17290c6b0c61837176a414985bc08c0c17eb57ffd578e78c2604b
town	dormancy-bit-compare-town-092	f5d1f02aaff954d0814850659de8ae518335b674526b6be20d5eff4f9409aaa0	462fb9c66a87e17f353939a8f4c4902074281bd27042a235607cf7e4047a4fa8
town	dormancy-bit-compare-town-093	d50bf6fff3ffb64dce1fe36da9f85e0a8e1114cc3732493bda5070904d5cc237	706ece25397459732a93042866f8d9431a5e96c9d6bd5805f28d96e28e0863ff
town	dormancy-bit-compare-town-094	51b5bf5a7e83c052d8520fb091478d98b4a2620d9cf6a22b435718bb140f46ed	812a43c7972fe6dc77c9dd97f681f930d94a4284ede857a3bbd18ba304325ee8
town	dormancy-bit-compare-town-095	48d2708b516280118c31438b83ca9f9d253614f94e494b18b85b3c3f5a304111	9a9852153cd1826a2819abe250df5d1f7d8e54dc6f5ca21215f66261f8a54c63
town	dormancy-bit-compare-town-096	38a10aa99cfd792fc3f290d6bbc5d5e4875f2d94f63a28c568bf5fc2e76c3ef5	00b149065268f8fa01e0e17959dda6eb0085f34e108757632741f12771df5987
town	dormancy-bit-compare-town-097	fc128b5ea8d47c5ec5d92d6d70548ce53213cc7a2550a0e1681696284b7871d6	32c941b6ccce9235b85f3589e13ab527e0fd8730d65575ad09d2c46d5a04e666
town	dormancy-bit-compare-town-098	0b03303e74e1250a6694769251b4de14cd0d45e3c11d6415cbbe2e252b8bdd82	0caf99b95dbf718a427593a872c3e07901bd26040a1d69d4ab63526db7caf68a
town	dormancy-bit-compare-town-099	3619c4caefa0e56d0a46957a4ffd51f9ae06a054661462b322bb3ea24d7b3c3c	a1a2965f909454277a2d90239f9e0edddae2322398bb0ec702dd81dc996f3b30
city	dormancy-bit-compare-city-000	c33ea55f622b98234163f062356a0abe946f3e818ecdb4e3217f77dda21b4c24	d1852a356bc1b7a780537217306c421d14937113035defb0dabad9261bbe076c
city	dormancy-bit-compare-city-001	0d29c56db3548ee124ad129ef18af5715cade08086a228e042518f84b5342f42	4deaf3e5bbe20d8a57637c6b1760a6223546064b8a91355528b7dacff48443ce
city	dormancy-bit-compare-city-002	3356b3c75fc48d21e000ea7219534eb8ec56ebda85b918d8fed569e76d191c20	df7cf39e77e943505e5139f2795795e4194394959621e74d2a5a714c9e6aebc2
city	dormancy-bit-compare-city-003	2d4391690c1fee251d04bce8d369bfe9cb18a50353a8a8f12fea21ba9bfe55e9	3797d64a944947b0b725c18d63b79b3bc02f669df97c57b35f83d8eee35624c9
city	dormancy-bit-compare-city-004	eec3ea7a3bc049e752358cd76759568103142bc41d722758606c9e07db3f48b7	b66de156995ac995764c6546475e9df6a636215e05988f3f8f8bfe84d1ac0a13
city	dormancy-bit-compare-city-005	1bbcf006e5bef283fcbf963030a03bd66ced972c784d587a249684785660ad26	9372aca38af9b4ce90d271b5bc440fb0f9fea756d0588498e804f4a95d4c065e
city	dormancy-bit-compare-city-006	0ca4a37617d5fdc7579ef5763547119e46c84528fa91e5954dfc6dab0ed7bfc8	56b74cae1356bd9fe40e6511498d710992f218c72455ba1163360b76268f0fae
city	dormancy-bit-compare-city-007	11a213a5e9f2d209a4d4c36fb440013f665d479b04fbb57a74be37d616d22e3d	f1a66c15dcd0c7749d3c13d117d00b1b3998131264127f04054fb74297d393bd
city	dormancy-bit-compare-city-008	d40ca33b446dcf2aca9ce01bbc10dc167b586543471604a56b9ac4ad92f276de	d8a919a584aefd7b6b5850432a23e264f8fd7b8fe00db14fe97a84dc70956abe
city	dormancy-bit-compare-city-009	825ff360b8550a5c72458414814742bd52fbe4bca59c1c8850027ea27ece2bb7	aec8ff1471dad0a310202fd01de49fde6d4ca54be43ab0f7396b5a72dbc10028
city	dormancy-bit-compare-city-010	53aeec2bb6f7d88759e69917ff02aae57eeae6e766bae76bac19652fe299fc31	ead1f64309989b53f58cd9b951720022e5929523a4006e0928c62b4c1781881a
city	dormancy-bit-compare-city-011	b135a382f4dab7efd0608219ce417bebce1a04a6ea705d67fb0eba3f6b0dabb3	d402310cfd297e3eff06c7a933faec078dafebdc87acdcd1c4dfaf37b8590e00
city	dormancy-bit-compare-city-012	7166e5f1a17a01716f2b50f8c540f58488e5d6cfb5da8641ea34a322d0d6681e	c6dbfecd04a95242370dc80f224c7378994dbb3b55b1c8264db8fdfe92c0e06f
city	dormancy-bit-compare-city-013	bb7797ccc44256200aa2d3cbb0c2dae95831700edb001c1065fe09caa6fc1480	bd7b2ccd8b20bf07a24138e8f6af17b345080f52acd22624d5d1823923ed5c6b
city	dormancy-bit-compare-city-014	b7bb70810c15eba35d0f9c86bbe68ae7ecd6b6f83dfd62acd353789bf003ab23	c37eea20bc08a089d8a5a7112d3ddfd416c4e6f2ceed13b195bc60dc7e447623
city	dormancy-bit-compare-city-015	6afd120d069f1e730d787f60da5b6c0fc5bcff9f57eb48b2e24e1cee87121646	eb31c3d940552fde3bb710de0663b12e840cebd52dabd92b332a69e84f302223
city	dormancy-bit-compare-city-016	b08c9bc03069d2fefa487d5f24107cb92f84f848ed1097d225b76e33203da66a	3403a92f04882337a9ccc69023f76559a9c6800382753af79d13a6f5a2835ca1
city	dormancy-bit-compare-city-017	6719a9e227e035902f89ac60c80a9024377e7f9efaa474a2d5f88746303e93a3	6e08a800387e483d9bf2c0468b5cb567812094e7b9832b40fac194505a634ebb
city	dormancy-bit-compare-city-018	fbc66204caf8d06576a93fbce9777077e078bcc737dc500e27819d3d2a27fe05	2e005d76cd53343d3fd714ea468830d56084aee7299ef3554e2a667b565bf350
city	dormancy-bit-compare-city-019	e12a2fbf8c2af4f9712a8a985c8da2ccd786a59ff498f3037ba41f9cd3e50e3e	cf99c250083acdf5c400154a45b4d086b26395d4a00b12ae8beeac2e0d6eddf6
city	dormancy-bit-compare-city-020	eb4b35c2cbdd8fa00b3881f5e14e88b6851a222b30b5d4ec6392e7a9a53f4acd	8214afa74d212c7a42e88b6cfc54470eb8267f19b435fa2057cd8232bd4d2b6e
city	dormancy-bit-compare-city-021	c432ae94b98c3f77d20de54143cb5a891f5f587aeea26f41b39604b763ec019b	22e9431627bbc4da0b3b8462a1e67af2097617576411f310109199ec229bce9b
city	dormancy-bit-compare-city-022	65b5aa1228bfa591b8c4ca3992a756afb58637878496f487516d815f7ad75306	66b1d9f78fc2cf858dff4bf6e42c04f9044bf2b067bbecd2ef967f238ab93b13
city	dormancy-bit-compare-city-023	e5c837d244493f988a0bb08bd6172e3d9487cf14e797e3de035ba1bd2e338058	5a6fc9fb9b4929c708e9096b66b212539b86b9b5102077cba399dad621834957
city	dormancy-bit-compare-city-024	dc55fb87cb0dc8066705725fa645d503700c81792a50dd478fc5274f209babd6	b6677241d31322f0c0592d4602e8e9da730419886e637fac7d50a1f432a3b9b3
city	dormancy-bit-compare-city-025	869529c8185c62d86f3d5c1adbf8405b8405593494e453a734a0b0beaf5ad0bd	dbc2c0d3a5b4e2c6711d60cf5f35503e2b768f1bd49e5174b2cc2286845899b4
city	dormancy-bit-compare-city-026	1a5b702378f69e1bc97b211ceb2c34a6fc42da5fb3805172a42e2210c14b6290	314d048e551f57a1d8dde59420fa11807476f1742e46164959b14f9a1dfb816c
city	dormancy-bit-compare-city-027	fee2cdef77ac290cb2d72849d7ad05d2a56a62ecd02029ce41cd6531daefd332	81d6736ea92e38f59f2a279d330810a83d17cc22b524fc7f8d5184ab011ad585
city	dormancy-bit-compare-city-028	0410855458714f073642b4a1e8725c24e1adca701676323c0ee9ac5217b56b24	89559d1ec07ad743a4db26bb74176b914dd240b50818ae142f472d3ef1d2101a
city	dormancy-bit-compare-city-029	aea0e6e1638a253bc2d92bb56fad0a138486e4f725ccdcf7f2e38380168da503	955e8e1c123ef591d05900baf599044b9823b6f07381fe4490124ebd0da9fe26
city	dormancy-bit-compare-city-030	b4004cc2d89855e03561c41e22fcf4cf7d93beb17bf0e86d1af7d8b321e1e2aa	6a02f843da79ecbe6abda85aeca912c5632114d83122dd1730c0e3b9eee40443
city	dormancy-bit-compare-city-031	fc0c0a7355dab8442616988116700c9c99c37c75ab693d37f955f4ea4634fbd2	bd4eda3ce0dd05da5aa3854de9a5fc2ef154a2ff0198e3130bd39a27eea67eaf
city	dormancy-bit-compare-city-032	a7b284ded2b52aefbd9750dd45b5c946023bffd98e488b6e58eb3945cbcc297b	3c6c052f804799ab0dc01053d08c5a3f2fac5f5cca821cc415a00fbbe432315b
city	dormancy-bit-compare-city-033	84a42b255bf4fb2668b2b7bec9885209a0d2b077fac9290a0153343965b55443	10d7818deeabd908d84b23249cc34e369cfa39a95b60552fd0ec3fc11794752f
city	dormancy-bit-compare-city-034	611cc9a065b6ae808846bc0e3ce05b4a57255cd932b4d362029bd333054499b4	7ecc7356fe49eedaacced06951c84f1796508b18b3e0cdacfb0fbca3b03f685f
city	dormancy-bit-compare-city-035	c213c3831fe0bdeaa50ed7ee6626ea4004d00fac2fb3b78c5c9678b757f9003f	342bda8dd5d145973dc565c828c287c86300baad92c181108f78046fc9841bee
city	dormancy-bit-compare-city-036	54a09a87f74454e48ad1b118b705a41513307222f906c06aa0b8ae405b08b1a0	e617da2a154d4694d1ab5aa0a496cfb47f4d3b58d24e496ca482cab0eec69b1b
city	dormancy-bit-compare-city-037	0a9dd6b22b9c8766885c8fa757c96b48fbedc29d3896cfb7842c4796f5938c33	135f1afdf8308564342e33df4458a93a4a40631a6893d00f5114c2b680ccccd1
city	dormancy-bit-compare-city-038	9295fa78d34d3f3b1161f557134ce84ff53230f53c12d42de8669bc35e796d77	20e399f6f90135b439c5a237cf96daa11ed4fead597839f01fcf71813b62fe3b
city	dormancy-bit-compare-city-039	7e6c35c020fa42e9f09543f040a28f9cce4bc54f308a4b8087edf58e1b8e606f	04d05966352d5bdb52a13f14dc9f526b6cddadec1327e0daf1335e490273358c
city	dormancy-bit-compare-city-040	a8501c04e5a6b283eb8179e9c6a89eb4018ccf8eb7d04955ed8eaa3cc8b5fd00	6493879ad537ae7ca1e7e1cd4a9129d387a6bd8473a3c6f2dbba29b8d71bbc8d
city	dormancy-bit-compare-city-041	e32c84aa4f2028d054780d5f9b3e69833679cf16bf34fe30d9acb4cc236a24d6	07b51d5932d9e15f695f631fe3305cd45ae48584373b66afbbac00b6af4a9031
city	dormancy-bit-compare-city-042	62740eeb55747abbf9fbc5a63eebba4737fca4298e85ffea6c8c6cff967922fc	7d198c9684f49f380c92949634c92c50d6921f172a462a33868a92ad84259fd5
city	dormancy-bit-compare-city-043	135758805358c7a7e6516b3f94a61d2bf428d1caf67f91b819e0b7791b8ce39f	a7e89f1b292207069ea2c3495f250af62273ee0b7a6cdb292d3b1f5117d04b11
city	dormancy-bit-compare-city-044	6f5c5d364ed12326d3f46ecc7df1761380964820cbfc3b0385b48c64ef2fd909	78138734c22103cef154918c6065a50657fb00736f65227d11c16d5c724b24c4
city	dormancy-bit-compare-city-045	28119ef227ffcce6c1bdce6451a050880428d53e5a28adf658ab39843de0e52d	971ca6406f5090116e9b8ac03e35f68898dc4571b5eb606df78385342dca1043
city	dormancy-bit-compare-city-046	5a3e7d853b1430b21bb507f79a5b099e0e5dc122a175781f412c16efadd50fab	7762592af9dda730d8e0cc645a93d0712b8fb9281776fff202c5e07f14b8b00a
city	dormancy-bit-compare-city-047	abc9d01262f3c564575ac5395d90a628701077499d507df83e4e87c50322bd28	33e9c645198cd0fa3e87674b1fc4c464df49744b061b889b53f1bc9e3c8fe5c5
city	dormancy-bit-compare-city-048	41e088403c2455fab73a68ea0a407192441b1507fe633f382e3d3548c97a1a68	c82cd6e7eebc5b520740113c0b3b43e8a15ed5970eec0dc16afb2f4ff2f530a7
city	dormancy-bit-compare-city-049	6d13436d96ec7011b35c27fa2428965755fa929f0763238a12282fa4b45fbac4	0e3e2f78c305332e4c5204863d81ad5cdfeb807bd121fc2fbdb142062b774af0
city	dormancy-bit-compare-city-050	904bc3a513ef624ad0372262041d36edecb0c46e620054e88256aa92e71aaaef	75be22ebb53376921a63d6c3d6b3e3919319d969f197e5390ebc01d90367ae68
city	dormancy-bit-compare-city-051	7ad104fb2b65d374293ca04fe9bbd7f6829e1b180bbb5524138a102bdf970470	5b4cfb6b226b24e8754d11cc5216d7977cfa1fd6db9c21d209d18b5ce9b0842b
city	dormancy-bit-compare-city-052	08667ec70256f271b3615ecb0789a265d156b56b9daa01f62355d6c335f9c76e	e67f4f0fd5249e865ae09f83dfcf0cfa5f2f2717877025b72556dc04294d12e8
city	dormancy-bit-compare-city-053	3d5697965f80ff148f47f1024e68bb68cce1f8731481003178d81d344c7ecf85	6aa495b53920d7b9c58a43f34aa702d56f68828f8b429105bba5a4d18331278f
city	dormancy-bit-compare-city-054	c91238042edb4f71a602f8bfd4d42aa62fa75cb22afbf6f22b38ba73b341c44f	aceedf8705777a11c68cbb7fcedd40d6ada5a7d6a37e5926abcbbf06e047d149
city	dormancy-bit-compare-city-055	d8f1a95008a7a57b2827156e56896003e939cd34c6f3bb3f98a766b0f0cceaa6	34364e233f0f2cc19ac67915c4f7692f94aee52ef202f75754a561eb3c625d16
city	dormancy-bit-compare-city-056	a673d2eb1c004dba5ce7a2330ee944697d41fb21edc855a3faaa88ae1d39b481	323e1b5d38d43f7fffb603b5f4f30c0797fbc9e1eb4464671ef2f9620ee41473
city	dormancy-bit-compare-city-057	1dae05a7163e5dff6632fc46ddab760318c7b7bcbce7f6d09ead0d34577319a4	a8b59692a2cd3bf2e8e01c13ab0b05dae238783a94d7e0a2e48f0aa24817bd5a
city	dormancy-bit-compare-city-058	392c8b902528f77abdf67b6d725dd29d97df186324d1fd83b68aa5c72ba3a6d8	761640d6d23b95a71fdf61dfdd8554f0916bdc9dc183e7ff68a64712363a6714
city	dormancy-bit-compare-city-059	0a014df18b1e8d0a52777439d440814064dee60df75fae2edbdc60db44b26e33	90653de17569c6dee4425df2c9a93464d9be4d0e9bfc312220d231a3c498d9a9
city	dormancy-bit-compare-city-060	ae8c3667d5970ca3ec233d058e90b71f2dad508676f52a27dfd38c5b67b8beeb	95a8da432188a78a44b225d2795ef0914b2c22ff9d52723dbc40541404650b9b
city	dormancy-bit-compare-city-061	35d28fcd31e4c045231a5f2b61acd3235e53374d883d3343d1658d2ad29399e2	9c3c3b1092c0490fd5f9f98423069f20b6884bc436d9078ec1a655929e480437
city	dormancy-bit-compare-city-062	aa281523f46590ea547c823471d7535cdb08c1505ec0e7bc64928256edc978b8	8030514708aa556d0c8a0bdda08ccb205a7ab42f2d555fe3b496f1bf109cb7da
city	dormancy-bit-compare-city-063	f9eec5b6da8a003450187028cfaaa597cdba43d04aea1210e8a713dda86f36a3	5a07e8dc0ac267e12d845315ed4dbf5f194eb2f8309c45952c918fb4125c5cf0
city	dormancy-bit-compare-city-064	8e93889fc11e29b941bc853e1039b51b3a1df1a70016d60c5d66370a1eb10b3f	3f38da8f935a4885e0ff9a98f2775fde2122d569095e13e0e1138dcf0b3bb19a
city	dormancy-bit-compare-city-065	7ceb59ba76c3df866ca90f035a2068326c1fbe04bde37fe4da155736aaada817	e4e434623d9700aaecf36cf74cdb1bba546d9fae305673d2043e3cfc869fffa5
city	dormancy-bit-compare-city-066	f52887cdba9175df7046a696a974baade040112564d5308c93d110c71ab5e715	9c3744f27e1d3628d624281ca7eeba2aa6d86c2572b9d5e4dbd4721571d7e79a
city	dormancy-bit-compare-city-067	723a5753b759c256a5cd570142ce54d3703e17125a27bb04b305b6cb386ecc0f	37d52231b686adc469b66b836164195a40002c100dd67ab693ae6c235ba749c7
city	dormancy-bit-compare-city-068	e3ceba27dcf9af4433dcdb43854eafc2a9a6b98faae072669f16cf3ec3c9dba9	b4eb29abf14319673d59afaa326aa5aa208beafe64894f46a0f088fd5b1c83ba
city	dormancy-bit-compare-city-069	2138c9f4445abc8194d510cab6b7d7b7d4f3eedf4409f973775e374e4a4e7a55	96c613a67fb0196ec6056b44c2217915c5a3f8c8ee6d771b7db701b609fc0763
city	dormancy-bit-compare-city-070	38791c9ec603c0e0e7b49e6625741f1a0c0ec122a85ac1815f84ee387376dac5	471107369847bd85c928574e9c736e5a6ef5744e7491e7c435bedeaba9222423
city	dormancy-bit-compare-city-071	d0e698591a1d552d04f70b1a5eede530241b88ac36e97d0e20bc95b116e407d8	43c580901dbffcaa88200d167cfe073edbd1ef7be4264d54c2b402f12e742101
city	dormancy-bit-compare-city-072	8afba88b7be3b4652fd31367092a77d7a73b974cf4fc2dc793432b1d23185a70	daba87d80c9ccf1d6817765349eeaa015a6cd88c8087121f211a04d9c0204d85
city	dormancy-bit-compare-city-073	8d7ede720efb1ad4bfe887ac68ca50ca66ebcc15569f111323c504b8d2cf99b8	281ad60f23077b88210a6e479733d4d7108583deb2431919dbcbdfd5bcb60ed8
city	dormancy-bit-compare-city-074	15893b689fd4942ba844a9d208207876c0777cd82d75e6dc88ae451d1173dc37	aa38e0453329112f44cee9bc43909c7b222fb24856cb5598db25a337f1de07de
city	dormancy-bit-compare-city-075	9d8a4e31465eab5c7ce184738b4b1f194f57da20a26267bbb300ae5dc2b064b8	937b958c050fe4308fbbdf0ac8f9ebbdfa57d79d8b74ab3a643b89a8a1e196ab
city	dormancy-bit-compare-city-076	76ae481ac68190a893297c36873127b859da001bb7ee36093dfdcf6591d37ff2	ea1fe8e65fe371bed896eb910fda993d95b37efa835bf555cae316d60c44373c
city	dormancy-bit-compare-city-077	97ccfacd44e6d7b5e4ad5f820399dcedb9f7a77583f2585f572e46de2e8eb577	94a72da0ce46fb1c322b7d6455c1aff8802b93cc1f03f61ee328e3b38387d249
city	dormancy-bit-compare-city-078	3b0d89f57ac77cf50f07f5405ada51bb2437de0e3ea6cf490637fa4bc395cff6	3c7e6ab2c34015acd8988a839623a556325cca45d8ce5663ba18a2a17004fe77
city	dormancy-bit-compare-city-079	c80773a1a6189a97fd64cf94374ea92cefe820474fe521a5319e8e337b22dac0	18d85850b420e12f226f56d5d48dd4efe8dfe7c3e501a8a3387e0e8f157d241d
city	dormancy-bit-compare-city-080	29a5b7e9306368067cea18cc42fbf3d95f926fc2752ac5361d4c52cf73b4424e	f56b4b9cd5b366a0ed18a4d83b9af135a5514fa923dd6aaabb0f27721576a0a0
city	dormancy-bit-compare-city-081	b9a4d7a8fbdb4828c11dea0d756b0fedf638dab06813af232e66d9807dab887d	c9b83091846d25dc3abb1b8023a08cd7cdf877a724821fdd07dac58271f913f3
city	dormancy-bit-compare-city-082	3bde2bd335752f52f1eb91d3ca9ff21f2b329576925e8ef84fbdc3492199cf84	09e8d82f536a5a1ad0776c69f758a7a2f1d1215ae2c24205a96add8de632212a
city	dormancy-bit-compare-city-083	4b5cc0ead9819e0ac8efc5d0ce22b97ab2357256809b3db09ceeebe06ec9005b	14aab1296f420f0c9ad79d419ca39ec9d7899dd7b081fdad0c339e2ca4e22e35
city	dormancy-bit-compare-city-084	d82e6e76295d6d1bbf946faaca3f9ec6dcd33b64ddeeea24f0c69b504e9aa4b1	5c89592b940c81d58b60fab22e4cf276d10254c187fafee076e8fcc18d38acd5
city	dormancy-bit-compare-city-085	cbd65e20732c0b9c56575c798f226e79e285a7872a0ce06d5f788bfe835dbc67	b281c640cd94d17ad58196c62c52bc8abfa65e8804390051e61905a5d0a9293c
city	dormancy-bit-compare-city-086	67aeae45aa2b5001072b19798a139c189ef76c4813822f18d2b0174b42c3b5f4	e2b93da442a55ba7475b776011054e46867aaebd378b96025c0ff9e449b369fb
city	dormancy-bit-compare-city-087	fba4d4beeae718d9abf2a91472a791173f0705e5a8449e33b181c01bda15677a	0fbb7bb3c1903eb55914c5c974278256eb7ef8fb5ed882bbf956f59ccc2c6b1e
city	dormancy-bit-compare-city-088	84d8300826c11956c74f9b6678cf8b16f9636eadbbc833887a95fcdd9f58009e	628dd87a3537cf3f11a35883622ffda9eefc3023396302f034b8c859dcc6a6eb
city	dormancy-bit-compare-city-089	7b6f9fb5a1f54294313f848911cbb7ad9feefde810bebe15bcc2ac1feb25e8f4	56ccf15ac9912143049b73f3229cbb0a7c8b4bd35742d20784251c94082fda44
city	dormancy-bit-compare-city-090	af3f5a6c750d3198fdd44f36c075df6186d4dd6b83e53696de80c8f305858bda	59de52b17649120682c5bdd3c04b5dbca38d46d40af78284de5a49300a796112
city	dormancy-bit-compare-city-091	df5bab5504e5a1c1adc7b923ad55e0a6db47e9485c651ae81594cb4c4ed80687	82e8cbd78125b784d84ab930d2e32814b5c4d780f5958d3eef40a8d9e08faab0
city	dormancy-bit-compare-city-092	d01362d7f5976c301a4c5dafc07c72b141d81cdde99e1ec1b4eb27cf13fb32d4	554b7dff5d7ccf7b66c3c03d9fece6f531faf5fce85a072e947a4b60fc3fa788
city	dormancy-bit-compare-city-093	da62da9b34d2c77fe029975be268efc07a9817aa6a7a209986d7a3644c57125f	ab07c051f488cd0013f61f1ad61336a22983baaf5b0007bed70e5e20b0215397
city	dormancy-bit-compare-city-094	43d44f5b0c7aa1e51035138d794ce12342748fb5a5c3fc09be4b5fff47aa2aeb	90dd3f140e8bfce340b2d11197b925b9f0d7b1dbb3076b909ef568de59e85d23
city	dormancy-bit-compare-city-095	8b2740b5d36e0b16fbe043b01a88c3e322b6d939b833619c3fe2e3896fabb99b	5c4623550e969fc9410b40f8a64d9a77055b7feaf50e5071a41a1a87b4ad0e37
city	dormancy-bit-compare-city-096	32ed54fa48b71944a2d5c023796e435fa81bfc674d44a52e4008aa27181d6f09	1c1e66e4cd31b69bd2badacdfd3d7ff4f07fbf98de47b7eba87cd9aae0134142
city	dormancy-bit-compare-city-097	facc7bfb4468a742c98dbac0f1991b3e97d0f0396f84b8dc16ab9ec0e1dd60ee	3d99cda2189bb7f59227c3c4a9648a6ba249435c7bd4e3df5897c6e8e84a2927
city	dormancy-bit-compare-city-098	898f8d25124434f500becf74de16da1c9d8e4a41d9cf0c942ccb7033fd0daf48	aedfdd9c17e4c288dfd4d22e0620b5a8b3f8c998f67542c627fc43b63602b3ab
city	dormancy-bit-compare-city-099	9666dd39bdd7a62601e387b1b35709a57cb83620369a29ba7251e3fa0d06b459	0b8d81960fe469b4c862af8a41f85d7ebe98afb7f42e28d4a35f3d3fc30191c7
metropolis	dormancy-bit-compare-metropolis-000	34cb049d70a49dc9b5133edf1254ad82b4a2adea7817c2102c5595a56dd28262	0216ae8d9ec785d4b1eb970f632671a5cc07350c5b98baae812525e16ed6eeb8
metropolis	dormancy-bit-compare-metropolis-001	9990f917c6ac86cff70fd47be3be0be37f62bcf51f328f88615e7b1de84eea99	f568ff672fae5494209836569e1afeedbf87df8bda1d45df0b8f5d5fdcab8041
metropolis	dormancy-bit-compare-metropolis-002	8f6bc9a2711911975064186100869eb9c113bbb0a93d7c22cf03b495e05b4476	6bd9774cfc767793832cd0ece0942b933c436c8de25755bdd090fa4346490a32
metropolis	dormancy-bit-compare-metropolis-003	f7315932a269eb3b8a6940f70d38c0b3a5ecc2eacbf12fd050282f75e58199aa	a9dd53552960a3d0f7007aafd2dd5a58ce185701ee68ea36a6c95a65c003bae4
metropolis	dormancy-bit-compare-metropolis-004	5238d22b5b64c7d1ac7be7dcb773016674d44fefb1b0b7f0e583004b485417d5	ee975e3a4da389e622eded6632cc03f5c726c96e8b21441f8adb9d767ed8c241
metropolis	dormancy-bit-compare-metropolis-005	a1e69c790698d0fd5b07d1c3c6fa72356d5df7331ac665d1020785d507d7c52d	11e93efc4766b039f8e913ac42dcaa6f0c4aa69ff38e6818744b6c3a4501b454
metropolis	dormancy-bit-compare-metropolis-006	61c7a824588d259bff91fb4c5ee3140ee0b08c0e3843757e119bfd42dfe91d2b	2ba465558ace1817f25ccf3d5c747d21a29b24bbd85b02909971f7bdfe5631e2
metropolis	dormancy-bit-compare-metropolis-007	b11235a400200d12465f55ea16aa1614e3ceb773c7c65e30866b3b1bd1634bf3	113c8d297bf833fd0e376b09fa8e65e88bd996d1637a353ec9f19417fdabee82
metropolis	dormancy-bit-compare-metropolis-008	33af55af10bc0b9333e38a26c5284632b458ddf6d5d64ba3fcc7925b4a01acd1	ed060f7d6d1ef7c3785fabd64fad9fdab96b894b6bb10ffa85e0b0f7f807ea8e
metropolis	dormancy-bit-compare-metropolis-009	6a7dd777b48ec932f646ec833e15e408c71cb96be59d336fadcc25bb5adb29e6	18fc17af4a1dc3f273ee1b9af42443706b418592b847b1cda60a7d209ffe91f9
metropolis	dormancy-bit-compare-metropolis-010	894cbd71a77db153dfc36d175216a5dced279b3672fc3bc263fb7a9e2ae6e663	340d7788d985218d73c7d2574ef5628f26be29ccba259cdc999d20f7cf51f81f
metropolis	dormancy-bit-compare-metropolis-011	b882a9d85197c5a4816f6398b6c0966a3a4f3ded5615b9b940fe59c84e20c994	ebe1bc0e8239f58460ebb2b3117f9400a206cd48c74c890ed54e2c0e02f3baf7
metropolis	dormancy-bit-compare-metropolis-012	af3d428eb1e56149bcaa46c715dab0572468d125d7e40c6f1fe1ac78fd572416	c91b228845239f4b3f758b15677a1ae9aa84a5c9befc03de6dc28f4022f439db
metropolis	dormancy-bit-compare-metropolis-013	24b4deaf9fb3d1791bbba6d833ec5f1e6632e59dcaf6796562d8ae4eb8322bc8	cc84efdc9a48c6ed3cad0f4dcebbabf2806c75c10e5e5f37c32f924d8c2acda3
metropolis	dormancy-bit-compare-metropolis-014	6b0f5a17ba5536c8565e1cff308089590c4c28571feb02a11b640c165bb86808	a6cbe1edb15105246c588e7694a8fa956090db30c0efc8eb8b38538bae7c5812
metropolis	dormancy-bit-compare-metropolis-015	584bb0e47d0e9229004f23fc33f22bb8d7dfba681b8adb772a349097d4673a1d	515ee66609b49b995f313ec8b069eebab0bdd5bddcb1ca7a59adc5920e3328c3
metropolis	dormancy-bit-compare-metropolis-016	3d3a749f82bdf346e4190824266653915e7222be6dbb2867d1cc825fe7c27686	f7982f99c9a7931446a642c591c04fe71cf75af5be889a7868417b8ecefc9afb
metropolis	dormancy-bit-compare-metropolis-017	730529058020a48a68a29da2125f0ea637263c53e3d7f2ce38e8014af98fbaf2	3a608b218cfea02e520589edf3cb699f2e971119378035eec1372ec71be8c49c
metropolis	dormancy-bit-compare-metropolis-018	b4ee8d2878959303df26b18fd9a7fa7d245592629e15a0fe3fe62dfa8fcf7e53	78ee9b465fd1b8c4ab967892fc5f707054db5ec5c7d47f32ba9b85d5b91af6a4
metropolis	dormancy-bit-compare-metropolis-019	3901bb9f8993d1ece5c4ab77957cff3d2068b64fde7cde3d4e0dede75717f922	250dfe227fcba122fbf276bfb4321a8135272680a1a7f9200afa2f0acf831c6a
metropolis	dormancy-bit-compare-metropolis-020	5f67dc7d8111a06b8aaae329ab22e9835044fb7df3310b3a1dd473e9d3192ea8	c683aa3f215150791d0621fb87315246e89d83e4d9df49b363f7a0d68465a778
metropolis	dormancy-bit-compare-metropolis-021	662f32679bea6eb6a048452c0085f9b40e39d2c67a4e9db315e9fdc280feb97d	008d1e3859d6ac9703c49a17db124b89cb819973ddff047950bf001a9b479085
metropolis	dormancy-bit-compare-metropolis-022	1722fdd4849685df6fce2c1a7a6d4398029e6ab13a74246fd8c85b24f8d628e6	c016c230b9f70a719b13abe55c73bddd1ae53cc63f17909e46f04c5a15f5f95f
metropolis	dormancy-bit-compare-metropolis-023	700f730cfcdbe3bdf6d72a540bcbaabe53591753afd2537f62d8adddfc636bfc	5f5dd7ee94c6c3e52689d36874aa13a2099a2e34600e4669e655030dd27ff7ee
metropolis	dormancy-bit-compare-metropolis-024	b22318588e57c34d9f61c134f936f9ae8972d8b9d3649e3daa1f9fb4e632edf6	d2aa489f14aa87db0e30def8ee460e0b71f0ca5794d3b49a1a781ef9bf7026c0
metropolis	dormancy-bit-compare-metropolis-025	a9e2cae1b1161c571b003511ca4824dda2dc78f54f5c33874e0d2df067c7ff91	147c3e73ee7a074b5119181e603a55900bc4f96eb4c1f100a5fd0ff351523abb
metropolis	dormancy-bit-compare-metropolis-026	2eb821d761d0accae5a47984584f88e73cd435a0cd354ce33c1e4aae211f6ae6	d72c755f1376bf63e131a28438e73ee0cbeeaf98873f49736ffc3e1d8fcb1893
metropolis	dormancy-bit-compare-metropolis-027	28d905bcd17a28c16c928875bf1e4d2b74cd8a63351b6a945410c5314a5378e5	6c8dd185d4b314a6577a5eaf90fbe93f55017de1477954ecff8221dc9b7e6f69
metropolis	dormancy-bit-compare-metropolis-028	98aa241861467d98bc00a39623e22737731d0d626883b24561918df01639cb0b	5917ab06dfec08667b0d364d9207301e16535d1967d1bfd9a13893d574ddb1bf
metropolis	dormancy-bit-compare-metropolis-029	452aebde78ca80e08a6551716f9116cab0e576e44cb774c9b3efa62ebcaf67d4	7bd8c28c4b4869cc153786ebc2c15fdf6a23e36a16f71d49c24152e3085a5ec5
metropolis	dormancy-bit-compare-metropolis-030	74ec8260d731b68591d13f69cc89e7efa0b53db3d3107dd3b1b8e4cb75fdfeb0	7f35f1346ff5324d4774bdd0df2ada7e3d8d93b5f02d85e5cdedd59375e78903
metropolis	dormancy-bit-compare-metropolis-031	8c9208dc955b40d516050d580f49b1a11a9b9c050e16581e3d657e85f1b92828	007f52b087a9fb1115a415190c2572731089448f2d39ae8717388698568da225
metropolis	dormancy-bit-compare-metropolis-032	e02b449ee2f7726975528e32e5fd5f1479134ae68571b2160fe0963e205e248c	e64f4ca87dc27a0bad527ca11c1c28fb0e052ec7033b477a890198bc96244627
metropolis	dormancy-bit-compare-metropolis-033	5d5954aabd3685e2ab97c0fcc534488b4812165e06336ec5bf7cd2a4666bdfb2	a4ad328cfe635ce03f0422223dbdfad07a5d1a743e27c28dab5e33a12c365bdc
metropolis	dormancy-bit-compare-metropolis-034	ad8f7b20751987828ec204f0f3cb94f427c363518d673130a811a20a1d528a90	3d46125ab5f58f60f1907860a24260460400efe2542f77350f006f5a45cac0d0
metropolis	dormancy-bit-compare-metropolis-035	58151866c559dcb46bed3116c3f16ee7ea0f777bdf0b39f141a0eaa0c875fdcd	82c30930b90533f84cc66e325fa796af4a482541af3e7e14a24ab4157a5ffcc1
metropolis	dormancy-bit-compare-metropolis-036	a71490b5e159903f0568336480aefd162bc180da8c768b0c13dd7c22ce5565dc	d27a2df25fb372ec9ee2b94ea1824800835c1c13f8e9793802d1483b909ebf93
metropolis	dormancy-bit-compare-metropolis-037	2f8ce47089f8207fbac1e73e765e99f02f8bbf4e712ea0ea9a0813216c0ed960	4cc58b4c6df923779a8d1eeb13f6f42ff85a0f108f4b4216a35d0b39eb433df4
metropolis	dormancy-bit-compare-metropolis-038	69eeefb799738db615f367b44e96dd419c613384a9e4168f0069d1abcabff30b	f52fc7a12ba19ef5e8e9113f76f1e94b30ba112d2b638d09a30ef9d2243a8bf5
metropolis	dormancy-bit-compare-metropolis-039	dcbe771387f61225827b770ba654d87c62325094c7f570fcda187bdfe39fe30b	035e9ccae283272b4cf5646b298e73e581f32926a9e76e8e04e4ec30be1cb06a
metropolis	dormancy-bit-compare-metropolis-040	3e39c51fb2f527658e45e2070cc25a6df3d6a6871d2f90a457e5895c6bf04dae	e174e7ee24902fe2c29a894d884fd91812d6c82370bb0b207a2bf7ef36694908
metropolis	dormancy-bit-compare-metropolis-041	31e73083a01eff7c76ef4871386398b04d6b39614fc45d934720bf8654ed41e1	2d3e7275ef5421c57fd779e70fa59e97d160265de841b1c0660bfb094cce5116
metropolis	dormancy-bit-compare-metropolis-042	435687a96f3a2430472886c16ad588b4f73e5935939a7334eed923928096c9b5	a306708faf5af76ea80f699948ca32138da6aa88f28102836357cf1099bc9f79
metropolis	dormancy-bit-compare-metropolis-043	fbc2690c0148d9aa17ca41ddbaa4794f6de367c44a612ddac206209cb9ece498	61c07b54159154ff1116e413a5c9e2e93ebb862860f9833b2a0fccff0a46379c
metropolis	dormancy-bit-compare-metropolis-044	217be733251f26a587af934cb099f67e0b628c3c04144cbf6433b59e1ca728a4	3dd435fd8d2104927cc33a379e5f9806651d6334ca8972ef327f768142b2277e
metropolis	dormancy-bit-compare-metropolis-045	f0156d3a59bc01e1650af40fc6cd0b5666dd1839d8b935c54b831bd5d4e5060e	c0d6122811e1ab25565f593474113e9560e2ebb4b29dce5cc0f647453f012970
metropolis	dormancy-bit-compare-metropolis-046	393f72ca902c37880dee41a064a19623c4a9fbc2b272e7df0eaa92a26665b174	0be99900871cca5e41a734838a8c524001ca1fc1c149935197c76095c389452a
metropolis	dormancy-bit-compare-metropolis-047	f68120dc3ae43a7bcd161501b0f9e0d33e85403380e31b0e0d2cf1fc3b4bd7b8	27f32aa8c608491b15b6762631ac09d14fe1f4e88cdb5ae6d334c57d6b8b9b51
metropolis	dormancy-bit-compare-metropolis-048	dfc28665fd619f6625fc8b8c9856b237398a77f746df1a9d79f04423ea3b37f7	224516cfa4295a1a6e308b62d4f788b7bbbf99d2e888eabaa3586db287369e16
metropolis	dormancy-bit-compare-metropolis-049	20088f96df88eec75791509eb3255295daf34467d815dcd5b5caabedbdb64640	4b56bc065591f316e01e8a417c1246d6d393c0a5688511c41222461c5a89854e
metropolis	dormancy-bit-compare-metropolis-050	c5f9afdb902ba5fd9d303a94823f56ac03252129fb16a468183ca9f754f0050c	88e4dda0a8ce0108dc25762595daa0de72e1fc80a5f1caca85baddd98007d9db
metropolis	dormancy-bit-compare-metropolis-051	3a06736781049336014af2deb5eb4ff12ac721142fa9753b9f788f304d4eb9ef	fa99e7fd042d4868dafbcc77c2ffe982e63e5093360f663d719afda29a2ab184
metropolis	dormancy-bit-compare-metropolis-052	e242352de38792782749c87f5b9283a2b51b0108646005c74bd4e1f6e88cc1d4	a530b857183e90a5a99e6ead1c99c4af3a7931c8c3fe0a11d06aeb8a8b68e54a
metropolis	dormancy-bit-compare-metropolis-053	45068ba5b6ffc80612a315d755c9518694d700f2706b5de35aca747c46ffdc7f	9c16d52c90f075bb7d8072a1f9246ed3ffc79baaa8da9bd208e50c54f90fe8ea
metropolis	dormancy-bit-compare-metropolis-054	e5514bf5fcefae2d05e9c460491144ea1d9adfbe9ad34d599895167c1327b439	9800893acf1a991b5428bf9f01860e94022e092a793cfd08dd6af105c71c1e34
metropolis	dormancy-bit-compare-metropolis-055	75707f292b6fbaf85e1b6ae5e263e539fcdadabe3854fbbb7ab896d8fc476da0	901b2121b295e12dc7763ab77ed63c43006167f2eec355201090133a9091a475
metropolis	dormancy-bit-compare-metropolis-056	3304340164ade17ffd107545c41706752f1638a3ef14f7b18e09f0595de958e8	ba043fdb6c5fc310c4f5148ecc415c786c1d8b268abe10ee062ffbcaa5369b00
metropolis	dormancy-bit-compare-metropolis-057	9b099f2252ae46c9c4dc4c9ab42581a15b19d11b0423743beb7595083bede65e	64d270acd53f92dff6088855547d7c11ddb91f9de2eee026d22b7fd4df02bd02
metropolis	dormancy-bit-compare-metropolis-058	72005a9015aed7cb63f0709f0b302d81d703ae6735b09a345f0c45d2b2c99f0b	d1952aedd2f5fabd6f78a5849312a4dc00ab091b96b5e3214c1175fe18f77a97
metropolis	dormancy-bit-compare-metropolis-059	e7e8e7f59eaa6b7b6ff305e8a48c60e105da1e614d4ba11a79488906d782f9cb	1a9177c1e095cbc22caf6140bb57fba870c55635730fb984ada73f5f12a65702
metropolis	dormancy-bit-compare-metropolis-060	7dad389dd3d2af95dcb1741e8ef59c58414e6481ab96e08db6ba480a5ba36529	efa49cf383c03d5f448efefebcf03b6a642da2134d9cd0ddc50a2691542c29cd
metropolis	dormancy-bit-compare-metropolis-061	644c25d870b66ca37a770eb972da733cbac341229cdf17ba02a689577e6a3787	a60acfaa47069098e008c0ee5740a1648420474f7da22843e0b8ac601f1be8c2
metropolis	dormancy-bit-compare-metropolis-062	f1caea28db5f8afa3f7d4cf62cd9b575f5686d5863e5d8c2986c8710dcd4fbb1	e321019aaace178a57be9223ce5d5525b3128400f1a82f9039501f0047f7e49c
metropolis	dormancy-bit-compare-metropolis-063	f21e2fdc11232b9f0243b564b7f46f1b1048da0e46b37b23bcddcb3000c33b57	22b4d518573ae47181ea893173c3ab1b0caabdf7076a60f4b04e9ac7e116f034
metropolis	dormancy-bit-compare-metropolis-064	abd8a94657910628b82e55a9688337e942813aab988cfb040c46637946869069	1acf26c67b74038b6d4297d026fc5beb48e00a7cc9ab9ae331cc924eac7d4691
metropolis	dormancy-bit-compare-metropolis-065	e166af0a6a35552fe80a8b4b95ae4b779d91202a7fa9ee5c6caf3b16ac207416	7d5f3405f41b2580fb165af79ccba2b0c54de4dd34c307d07f804b8b505522eb
metropolis	dormancy-bit-compare-metropolis-066	457387fba9fd8d3482714fefae9939a16a66359c4a5b6e5c6952800384198c51	219559704c030f68c9a58f8f44387af19b517d0753ce56ebb248071c32cbb3c7
metropolis	dormancy-bit-compare-metropolis-067	58574b622fcd4d6c0db1dd6b87ef29da38174342a55d58dcaeff5c7761eda57b	eb45065345ae9cf9733117291f2e4e8b5a7380108c2ac2b5498d87cfac14df5c
metropolis	dormancy-bit-compare-metropolis-068	3d3bb9a541749eb10126a03007a5490c004b0bef01298b8cfbd805cae1a328f4	d8234201aeefdbdf92500e9edd61df96facdc11030d3ecb746acc69e4b987972
metropolis	dormancy-bit-compare-metropolis-069	d62f9139426f2db02a155af0d75daf78f12a0161d7108a8d5eeba31605e90019	cedd6ba1d7d75cce9e3e7d88b18a8406d3e6422e01b109a39d04cac36bd00918
metropolis	dormancy-bit-compare-metropolis-070	5d4b6586d2e2352f41c83cfab5aff1dd010e6450798aeb302e42590405dfd1e8	2e149ef8c32771259bf2d50015e4de1dbbadf583e4738cdf8a631499676d7874
metropolis	dormancy-bit-compare-metropolis-071	61cc6c33f9372f11d92de83cced26fde9d35d838d0cb25e84ca3e7e4e7486973	c125057c4886b81a7fbca9e88a697262f7a0a37d6d44c5d63efba6c7921bf1f5
metropolis	dormancy-bit-compare-metropolis-072	38177b2a5043c43f987beacd73344b7e1a35752423e57ff299fca7d86f3a9be9	8825541852d94f5b1fe2689c7cc97be32c979abde6385d3e58d30ff851b7347a
metropolis	dormancy-bit-compare-metropolis-073	bac62805eda462be4e1176efaa46c29b13d134f12456ba6e67f7fbab76a61569	6c32e5780ba842025eb7ae7313137ae8ec43f327dc8049269a3d110efc84d6a5
metropolis	dormancy-bit-compare-metropolis-074	30cea4ff3fec2dbc84689e3153167b9d9d994d17aa267f9aa9d59fbaf8ece9c8	460f6e7c42c4603e709918e9fd455a24e844ee42259ceca0b1772843c87ea40d
metropolis	dormancy-bit-compare-metropolis-075	f6746d6decd138016f9b9c1ec615d8d3c8073398bd7df5670758e82df21bddba	79ece88c56abc422b518ba70586c7851d880a6420dcc634c98995ce1913f2e15
metropolis	dormancy-bit-compare-metropolis-076	4097e79dd4a55fda94f581450c19a2f638457fd3e78b2fc34b439e29e9e09954	70cf0aaf05dd99e4773054eb4ef52505efdf019db37711f1ff65887d29456be3
metropolis	dormancy-bit-compare-metropolis-077	12192d063aadb56a952c9932e9b1dc63857ef50a4c3a2069356eaaa00495989e	2ccd00e475cddb72f6e4536d664a8ac3bc09a0e0dc60555d191345650f386329
metropolis	dormancy-bit-compare-metropolis-078	d47607307660994ec9c071b13295eb6d943bd0195def80d3b23e237b7af0f6d5	bb54051134646d66eae79bd61efe954f51b78df0366dd01dc46d2c3349f70f00
metropolis	dormancy-bit-compare-metropolis-079	75539567bdef05be78f44fa58cc048a823c3f038549a5d88deb5825aa2a3b6a8	89f9312434203d814ba60736b1ffd3139b1e368b7a3164a5420d4fe47ae67852
metropolis	dormancy-bit-compare-metropolis-080	afcf808ddfea1f60efbbf1e07ca66d8af0e94e46e2fdbab5ca151c51e59e2bca	4310aea1ace1dd3575a47d29fa9e030609df74038dda587b6fcb1ddf466c5bc3
metropolis	dormancy-bit-compare-metropolis-081	dfc1783e60bfdba2499d3c847831c054a98f42e1c6e7ffaa1df1ff54083996df	405468e99d011b7a0ce0cd670a01356e761c01ec385f5b89d0a77f4ef23e455b
metropolis	dormancy-bit-compare-metropolis-082	6499189bc045a80c866616e496d694a6e90f7ec9031513bb6ac0cd295d2fe158	ef303484229bb5a0b91d4980a5e9074e1dc76f0037e3970122a7032235253ff7
metropolis	dormancy-bit-compare-metropolis-083	84aa29d35f9b3196e7ca95fe15d50ac88ad1f020453d0a2a739157044a03205f	879b0fef202209877c12da29a9a4cffbeb299b6538ac8edbe3f28942c118ffee
metropolis	dormancy-bit-compare-metropolis-084	62153eff69605b03e1d0c457baff7dbb8b1a3c2d9b2fdd29c1316ee80c65ef02	128915c804a67a70bca9ff7d55188705dfb44480a37c98a9233d2b855c660fdf
metropolis	dormancy-bit-compare-metropolis-085	a3f3efb275e4a6a4e1d6c08af4b86bde16cf5970c89f048826232d45b7fea290	dadc96bc1cc8f570dbf03eb0920ff3cdd43b1fefbfb967fd768d0e9ec6a151d5
metropolis	dormancy-bit-compare-metropolis-086	38270ba98cdba14cc3f27240aecf4408b346e23fe071f298ec219dce64053932	361fc5a8424b69675f4805880fcc58fbf144f077811d9371468177ebaefcfac6
metropolis	dormancy-bit-compare-metropolis-087	9a5d82a7a2ca6b6442b56dc59bf9e840611c69238aa613bf8d853e2c5acd5d56	1dbb23253d55264b743d362ea7265fc1b381d0b2fef2e765c156bb18e539ddc9
metropolis	dormancy-bit-compare-metropolis-088	239e3f844f10451ce61a5f591b638560ca8d00b4effc1c1007b0ba586f923c29	a1a441d81d760b1ba59d26cabbfff9a3525e202b358e5bf50d7da1b3529362fb
metropolis	dormancy-bit-compare-metropolis-089	176235b7a965a1440401e556d286094a2276e45c44513cb3f90af32e307e0ca7	cd96ecd53f62389ff5cdfab19e9b12c6eca13f0af5bcacaca7f1bf7c349b25f7
metropolis	dormancy-bit-compare-metropolis-090	708e245528c7607f8e77b947670250f0a9d71b5daab91d854ad0ef3cbbcd87df	1718f4ed39a3f496602c9e46e609b173de6c2ae863078655f024c3f543537c2b
metropolis	dormancy-bit-compare-metropolis-091	a0f8759c706f7e7849d45c1ac33fb73d32558fd3026f89d7ab0bd94955632a16	0bfa314d4b7c4ca9cc97d016d38fbf4f733ddf84ae5b98e676b98d5df600eba9
metropolis	dormancy-bit-compare-metropolis-092	32270a78ce2759cb99b50804de1796036faf8061a08084393572e9f74ad56599	af873542086c81cf6ce4ff5de2ef261efec753fa0bc3115097cc4645079baf47
metropolis	dormancy-bit-compare-metropolis-093	348a95214724c53158782a74593bf195f5f5ca0c2dbc86ac3bfa2d33c7b88c68	744f23ca924e194befb61042b1f9ee7b158c4f775cae874206106f3d6fbe7b48
metropolis	dormancy-bit-compare-metropolis-094	a07c58ad084bbc4abac9d8b8088f2a3754c7262d9c03ee752ae19879f91aa140	f048a62d858d77463f4f9f0314352f15cf2d7e6d77d057c785aaa1d6043ad272
metropolis	dormancy-bit-compare-metropolis-095	df74cb38d4e41ea3c70cea51a6618146d8a5416db6634ac5f979b819447d446a	2d22aa002ca476b399ec354438e4d8d853d17c81041d77e42a1254fabcba3d25
metropolis	dormancy-bit-compare-metropolis-096	e819f37f1d4c4dc31dfc7af8533f2ea6fff27b2d988cf7e50e543601b1fb42a1	9979ec4177f00851a3e446bcf8b3ae137c251036fe1b2e460d347afcb461f58c
metropolis	dormancy-bit-compare-metropolis-097	0ebf9a3997c430c2a908276c8ee54c5c8f3c4fded18aaf2d901ce59604422569	bb695e54c7b34f28d6fc61ee9f5c7c5c17b86eaccc7f3ba5961c262777952721
metropolis	dormancy-bit-compare-metropolis-098	5e634e68c2552f6c2979ba85bb8bf2aa012363e71e6221407a6d0d6284f11da9	bf951ba4a1a1c80ff49484c753beb2c52701f261596ab487b8af9d7f0f9bad30
metropolis	dormancy-bit-compare-metropolis-099	20091d0dfb52d82cfe54b7ab38b06a201a3c1652b0be49daae3704f00873ea9a	28c6da7184fe5493bba91dbf833bdd0a36bdbaaa7e624ab24ad9f96b82543e8e
