PROSE WAVE GATE · arm draft · 2026-09-14T14:37:36
  roster: 105 pool(s) — --section economy over 15 block(s) of its own leaf
  sections: 6 leaves cover 708 pool(s) · unreached 0 · counted twice 0
  projection: GREEN — [dossier-prose] verified 68 state blocks / 2266 variants across 6 desks, 78 causal families / 468 variants
  exemplar bands: 21 metric(s) over 10 leaves
  band GRAIN: 13 text-level metric(s) on the pool's rendered corpus · 8 word-level on the face (SITTING §T.5's cure)

  ── DS-ECO-1 :: COMBINATION C1: a high rung on a working approach   [WITHHELD]  inBand YES
     variants 3 · faces 1/1/1 · attach 0 · units 3 · rate 1354 bp · departure 0
     rounds: draft 0 · refine-A no · refine-B no
     walk: FAIL 0 · WITHHELD 3 · PASS 0 · findings 5
     unit: FAIL 0 · WITHHELD 3 · PASS 0   ·   owned: FAIL 0 · WITHHELD 0 · PASS 3 (0 owned finding(s), 5 inherited)
     inherited (the SPINE's own, never counted against this pool): Q · a second sentence naming no second field · spine `COMBINATION C1: a high rung on a working approach` · "The traffic is steady." x 1
     inherited (the SPINE's own, never counted against this pool): Q · a second sentence naming no second field · spine `COMBINATION C1: a high rung on a working approach` · "None of it looks improvised." x 1
     inherited (the SPINE's own, never counted against this pool): A3 · the band half is the refuter's · spine `COMBINATION C1: a high rung on a working approach` · "rather than lucky" x 1
     inherited (the SPINE's own, never counted against this pool): C3 · is this clause historical? · spine `COMBINATION C1: a high rung on a working approach` · "{settlement}'s books close with a margin, and the margin is broad rather than lucky. The {com..." x 1
     inherited (the SPINE's own, never counted against this pool): Q · a second sentence naming no second field · spine `COMBINATION C1: a high rung on a working approach` · "The talk is about what to build next." x 1
     arm Q vocabulary REPORT (no arm changed): "The traffic is steady." against spine `COMBINATION C1: a high rung on a working approach` reads [rank]
       maps to no field — the clause names no field the spine declares it reads, under the vocabulary the census supplies
       a word-level synonym table ships and was applied
     arm Q vocabulary REPORT (no arm changed): "None of it looks improvised." against spine `COMBINATION C1: a high rung on a working approach` reads [rank]
       maps to no field — the clause names no field the spine declares it reads, under the vocabulary the census supplies
       a word-level synonym table ships and was applied
     arm Q vocabulary REPORT (no arm changed): "The talk is about what to build next." against spine `COMBINATION C1: a high rung on a working approach` reads [rank]
       maps to no field — the clause names no field the spine declares it reads, under the vocabulary the census supplies
       a word-level synonym table ships and was applied
     words per face: 32 · 29 · 28 (sentence form)
     sibling distance: #1 1 faces, 0 synonym swap(s) · #2 1 faces, 0 synonym swap(s) · #3 1 faces, 0 synonym swap(s)
     sibling SPREAD #1: NOT-EXECUTABLE: a distance needs two faces and this variant carries 1
     sibling SPREAD #2: NOT-EXECUTABLE: a distance needs two faces and this variant carries 1
     sibling SPREAD #3: NOT-EXECUTABLE: a distance needs two faces and this variant carries 1
     band position FACE grain (8 word-level metrics): mean distance from the exemplar median 0.259 band-widths · budget ok on 3/3 · depth ok on 3/3 · perfection-suspect 3 · distinct tuples 1 of 3 face(s)
     band position CORPUS grain (13 text-level metrics over 89 word(s)): exceeded 10/13 · share 0.769 · mean 0.845 · deepest shapes.antithesisRate 2.661 over
     provenance: 0 citation(s) · A13 rows 0

  ── DS-ECO-1 :: COMBINATION C2: a high rung on a narrow approach (isolated / mountain_pass)   [WITHHELD]  inBand YES
     variants 3 · faces 1/1/1 · attach 0 · units 3 · rate 234 bp · departure 1
     rounds: draft 0 · refine-A no · refine-B no
     walk: FAIL 0 · WITHHELD 2 · PASS 1 · findings 4
     unit: FAIL 0 · WITHHELD 2 · PASS 1   ·   owned: FAIL 0 · WITHHELD 0 · PASS 3 (0 owned finding(s), 4 inherited)
     inherited (the SPINE's own, never counted against this pool): Q · a second sentence naming no second field · spine `COMBINATION C2: a high rung on a narrow approach (isolated / mountain_pass)` · "Nothing reaches it easily." x 1
     inherited (the SPINE's own, never counted against this pool): Q · a second sentence naming no second field · spine `COMBINATION C2: a high rung on a narrow approach (isolated / mountain_pass)` · "The stores are deep and the halls are finished anyway." x 1
     inherited (the SPINE's own, never counted against this pool): Q · a second sentence naming no second field · spine `COMBINATION C2: a high rung on a narrow approach (isolated / mountain_pass)` · "The approach would ordinarily decide a town's condition here." x 1
     inherited (the SPINE's own, never counted against this pool): Q · a second sentence naming no second field · spine `COMBINATION C2: a high rung on a narrow approach (isolated / mountain_pass)` · "This town's condition is comfortable regardless of it." x 1
     arm Q vocabulary REPORT (no arm changed): "Nothing reaches it easily." against spine `COMBINATION C2: a high rung on a narrow approach (isolated / mountain_pass)` reads [rank]
       maps to no field — the clause names no field the spine declares it reads, under the vocabulary the census supplies
       a word-level synonym table ships and was applied
     arm Q vocabulary REPORT (no arm changed): "The stores are deep and the halls are finished anyway." against spine `COMBINATION C2: a high rung on a narrow approach (isolated / mountain_pass)` reads [rank]
       maps to no field — the clause names no field the spine declares it reads, under the vocabulary the census supplies
       a word-level synonym table ships and was applied
     arm Q vocabulary REPORT (no arm changed): "The approach would ordinarily decide a town's condition here." against spine `COMBINATION C2: a high rung on a narrow approach (isolated / mountain_pass)` reads [rank]
       maps to no field — the clause names no field the spine declares it reads, under the vocabulary the census supplies
       a word-level synonym table ships and was applied
     arm Q vocabulary REPORT (no arm changed): "This town's condition is comfortable regardless of it." against spine `COMBINATION C2: a high rung on a narrow approach (isolated / mountain_pass)` reads [rank]
       maps to no field — the clause names no field the spine declares it reads, under the vocabulary the census supplies
       a word-level synonym table ships and was applied
     words per face: 21 · 28 · 26 (sentence form)
     sibling distance: #1 1 faces, 0 synonym swap(s) · #2 1 faces, 0 synonym swap(s) · #3 1 faces, 0 synonym swap(s)
     sibling SPREAD #1: NOT-EXECUTABLE: a distance needs two faces and this variant carries 1
     sibling SPREAD #2: NOT-EXECUTABLE: a distance needs two faces and this variant carries 1
     sibling SPREAD #3: NOT-EXECUTABLE: a distance needs two faces and this variant carries 1
     band position FACE grain (8 word-level metrics): mean distance from the exemplar median 0.259 band-widths · budget ok on 3/3 · depth ok on 3/3 · perfection-suspect 3 · distinct tuples 1 of 3 face(s)
     band position CORPUS grain (13 text-level metrics over 75 word(s)): exceeded 10/13 · share 0.769 · mean 0.82 · deepest closers.pronounRate 3.066 over
     provenance: 0 citation(s) · A13 rows 0

  ── DS-ECO-1 :: COMBINATION C3: the middle rungs   [WITHHELD]  inBand YES
     variants 3 · faces 1/1/1 · attach 0 · units 3 · rate 4180 bp · departure 0
     rounds: draft 0 · refine-A no · refine-B no
     walk: FAIL 0 · WITHHELD 2 · PASS 1 · findings 3
     unit: FAIL 0 · WITHHELD 2 · PASS 1   ·   owned: FAIL 0 · WITHHELD 0 · PASS 3 (0 owned finding(s), 3 inherited)
     inherited (the SPINE's own, never counted against this pool): X · exhaustivity over an open column · spine `COMBINATION C3: the middle rungs` · "The {complexity} covers what the town needs and leaves a little over, and the little over is ..." x 1
     inherited (the SPINE's own, never counted against this pool): Q · a second sentence naming no second field · spine `COMBINATION C3: the middle rungs` · "Nothing in them is failing." x 1
     inherited (the SPINE's own, never counted against this pool): Q · a second sentence naming no second field · spine `COMBINATION C3: the middle rungs` · "Nothing in them is spare either." x 1
     arm Q vocabulary REPORT (no arm changed): "Nothing in them is failing." against spine `COMBINATION C3: the middle rungs` reads [rank]
       maps to no field — the clause names no field the spine declares it reads, under the vocabulary the census supplies
       a word-level synonym table ships and was applied
     arm Q vocabulary REPORT (no arm changed): "Nothing in them is spare either." against spine `COMBINATION C3: the middle rungs` reads [rank]
       maps to no field — the clause names no field the spine declares it reads, under the vocabulary the census supplies
       a word-level synonym table ships and was applied
     words per face: 25 · 19 · 26 (sentence form)
     sibling distance: #1 1 faces, 0 synonym swap(s) · #2 1 faces, 0 synonym swap(s) · #3 1 faces, 0 synonym swap(s)
     sibling SPREAD #1: NOT-EXECUTABLE: a distance needs two faces and this variant carries 1
     sibling SPREAD #2: NOT-EXECUTABLE: a distance needs two faces and this variant carries 1
     sibling SPREAD #3: NOT-EXECUTABLE: a distance needs two faces and this variant carries 1
     band position FACE grain (8 word-level metrics): mean distance from the exemplar median 0.259 band-widths · budget ok on 3/3 · depth ok on 3/3 · perfection-suspect 3 · distinct tuples 1 of 3 face(s)
     band position CORPUS grain (13 text-level metrics over 70 word(s)): exceeded 13/13 · share 1 · mean 1.131 · deepest shapes.thereIsOpenerRate 4.261 over
     provenance: 0 citation(s) · A13 rows 0

  ── DS-ECO-1 :: COMBINATION C4: a low rung on a working approach   [WITHHELD]  inBand YES
     variants 3 · faces 1/1/1 · attach 0 · units 3 · rate 2513 bp · departure 0
     rounds: draft 0 · refine-A no · refine-B no
     walk: FAIL 0 · WITHHELD 3 · PASS 0 · findings 4
     unit: FAIL 0 · WITHHELD 3 · PASS 0   ·   owned: FAIL 0 · WITHHELD 0 · PASS 3 (0 owned finding(s), 4 inherited)
     inherited (the SPINE's own, never counted against this pool): Q · a second sentence naming no second field · spine `COMBINATION C4: a low rung on a working approach` · "The traffic is real." x 1
     inherited (the SPINE's own, never counted against this pool): Q · a second sentence naming no second field · spine `COMBINATION C4: a low rung on a working approach` · "The share of it that stays here is not." x 1
     inherited (the SPINE's own, never counted against this pool): Q · a second sentence naming no second field · spine `COMBINATION C4: a low rung on a working approach` · "That is the complaint a visitor hears first and hears most." x 1
     inherited (the SPINE's own, never counted against this pool): Q · a second sentence naming no second field · spine `COMBINATION C4: a low rung on a working approach` · "The market turns, and the town does not thicken on the turning." x 1
     arm Q vocabulary REPORT (no arm changed): "The traffic is real." against spine `COMBINATION C4: a low rung on a working approach` reads [rank]
       maps to no field — the clause names no field the spine declares it reads, under the vocabulary the census supplies
       a word-level synonym table ships and was applied
     arm Q vocabulary REPORT (no arm changed): "The share of it that stays here is not." against spine `COMBINATION C4: a low rung on a working approach` reads [rank]
       maps to no field — the clause names no field the spine declares it reads, under the vocabulary the census supplies
       a word-level synonym table ships and was applied
     arm Q vocabulary REPORT (no arm changed): "That is the complaint a visitor hears first and hears most." against spine `COMBINATION C4: a low rung on a working approach` reads [rank]
       maps to no field — the clause names no field the spine declares it reads, under the vocabulary the census supplies
       a word-level synonym table ships and was applied
     arm Q vocabulary REPORT (no arm changed): "The market turns, and the town does not thicken on the turning." against spine `COMBINATION C4: a low rung on a working approach` reads [rank]
       maps to no field — the clause names no field the spine declares it reads, under the vocabulary the census supplies
       a word-level synonym table ships and was applied
     words per face: 23 · 23 · 27 (sentence form)
     sibling distance: #1 1 faces, 0 synonym swap(s) · #2 1 faces, 0 synonym swap(s) · #3 1 faces, 0 synonym swap(s)
     sibling SPREAD #1: NOT-EXECUTABLE: a distance needs two faces and this variant carries 1
     sibling SPREAD #2: NOT-EXECUTABLE: a distance needs two faces and this variant carries 1
     sibling SPREAD #3: NOT-EXECUTABLE: a distance needs two faces and this variant carries 1
     band position FACE grain (8 word-level metrics): mean distance from the exemplar median 0.259 band-widths · budget ok on 3/3 · depth ok on 3/3 · perfection-suspect 3 · distinct tuples 1 of 3 face(s)
     band position CORPUS grain (13 text-level metrics over 73 word(s)): exceeded 12/13 · share 0.923 · mean 0.609 · deepest openers.sameOpenerAsPreviousRate 0.893 over
     provenance: 0 citation(s) · A13 rows 0

  ── DS-ECO-1 :: COMBINATION C5: a low rung on a narrow approach   [WITHHELD]  inBand YES
     variants 3 · faces 1/1/1 · attach 0 · units 3 · rate 1693 bp · departure 0
     rounds: draft 0 · refine-A no · refine-B no
     walk: FAIL 0 · WITHHELD 3 · PASS 0 · findings 4
     unit: FAIL 0 · WITHHELD 3 · PASS 0   ·   owned: FAIL 0 · WITHHELD 0 · PASS 3 (0 owned finding(s), 4 inherited)
     inherited (the SPINE's own, never counted against this pool): Q · a second sentence naming no second field · spine `COMBINATION C5: a low rung on a narrow approach` · "What the road does not carry, the town does without." x 1
     inherited (the SPINE's own, never counted against this pool): Q · a second sentence naming no second field · spine `COMBINATION C5: a low rung on a narrow approach` · "No approach is wide enough to change the arithmetic." x 1
     inherited (the SPINE's own, never counted against this pool): Q · a second sentence naming no second field · spine `COMBINATION C5: a low rung on a narrow approach` · "Nothing about the approach would change the arithmetic." x 1
     inherited (the SPINE's own, never counted against this pool): Q · a second sentence naming no second field · spine `COMBINATION C5: a low rung on a narrow approach` · "Nothing in the arithmetic would pay to widen the approach." x 1
     arm Q vocabulary REPORT (no arm changed): "What the road does not carry, the town does without." against spine `COMBINATION C5: a low rung on a narrow approach` reads [rank]
       maps to no field — the clause names no field the spine declares it reads, under the vocabulary the census supplies
       a word-level synonym table ships and was applied
     arm Q vocabulary REPORT (no arm changed): "No approach is wide enough to change the arithmetic." against spine `COMBINATION C5: a low rung on a narrow approach` reads [rank]
       maps to no field — the clause names no field the spine declares it reads, under the vocabulary the census supplies
       a word-level synonym table ships and was applied
     arm Q vocabulary REPORT (no arm changed): "Nothing about the approach would change the arithmetic." against spine `COMBINATION C5: a low rung on a narrow approach` reads [rank]
       maps to no field — the clause names no field the spine declares it reads, under the vocabulary the census supplies
       a word-level synonym table ships and was applied
     arm Q vocabulary REPORT (no arm changed): "Nothing in the arithmetic would pay to widen the approach." against spine `COMBINATION C5: a low rung on a narrow approach` reads [rank]
       maps to no field — the clause names no field the spine declares it reads, under the vocabulary the census supplies
       a word-level synonym table ships and was applied
     words per face: 24 · 27 · 33 (sentence form)
     sibling distance: #1 1 faces, 0 synonym swap(s) · #2 1 faces, 0 synonym swap(s) · #3 1 faces, 0 synonym swap(s)
     sibling SPREAD #1: NOT-EXECUTABLE: a distance needs two faces and this variant carries 1
     sibling SPREAD #2: NOT-EXECUTABLE: a distance needs two faces and this variant carries 1
     sibling SPREAD #3: NOT-EXECUTABLE: a distance needs two faces and this variant carries 1
     band position FACE grain (8 word-level metrics): mean distance from the exemplar median 0.259 band-widths · budget ok on 3/3 · depth ok on 3/3 · perfection-suspect 3 · distinct tuples 1 of 3 face(s)
     band position CORPUS grain (13 text-level metrics over 84 word(s)): exceeded 11/13 · share 0.846 · mean 0.524 · deepest openers.sameOpenerAsPreviousRate 0.893 over
     provenance: 0 citation(s) · A13 rows 0

  ── DS-ECO-10 :: POSTURE: entrepot   [WITHHELD]  inBand YES
     variants 3 · faces 1/1/1 · attach 0 · units 3 · rate 1901 bp · departure 0
     rounds: draft 0 · refine-A no · refine-B no
     walk: FAIL 0 · WITHHELD 3 · PASS 0 · findings 4
     unit: FAIL 0 · WITHHELD 3 · PASS 0   ·   owned: FAIL 0 · WITHHELD 0 · PASS 3 (0 owned finding(s), 4 inherited)
     inherited (the SPINE's own, never counted against this pool): Q · a second sentence naming no second field · spine `POSTURE: entrepot` · "The export column is full of goods that entered the town as imports the same season." x 1
     inherited (the SPINE's own, never counted against this pool): Q · a second sentence naming no second field · spine `POSTURE: entrepot` · "Very little of what leaves began here." x 1
     inherited (the SPINE's own, never counted against this pool): Q · a second sentence naming no second field · spine `POSTURE: entrepot` · "Goods come, goods go, and the town takes its part of both." x 1
     inherited (the SPINE's own, never counted against this pool): X · exhaustivity over an open column · spine `POSTURE: entrepot` · "The town's living is the road." x 1
     arm Q vocabulary REPORT (no arm changed): "The export column is full of goods that entered the town as imports the same season." against spine `POSTURE: entrepot` reads [readings.exportPosture.status]
       maps to no field — the clause names no field the spine declares it reads, under the vocabulary the census supplies
       a word-level synonym table ships and was applied
     arm Q vocabulary REPORT (no arm changed): "Very little of what leaves began here." against spine `POSTURE: entrepot` reads [readings.exportPosture.status]
       maps to no field — the clause names no field the spine declares it reads, under the vocabulary the census supplies
       a word-level synonym table ships and was applied
     arm Q vocabulary REPORT (no arm changed): "Goods come, goods go, and the town takes its part of both." against spine `POSTURE: entrepot` reads [readings.exportPosture.status]
       maps to no field — the clause names no field the spine declares it reads, under the vocabulary the census supplies
       a word-level synonym table ships and was applied
     words per face: 23 · 16 · 18 (sentence form)
     sibling distance: #1 1 faces, 0 synonym swap(s) · #2 1 faces, 0 synonym swap(s) · #3 1 faces, 0 synonym swap(s)
     sibling SPREAD #1: NOT-EXECUTABLE: a distance needs two faces and this variant carries 1
     sibling SPREAD #2: NOT-EXECUTABLE: a distance needs two faces and this variant carries 1
     sibling SPREAD #3: NOT-EXECUTABLE: a distance needs two faces and this variant carries 1
     band position FACE grain (8 word-level metrics): mean distance from the exemplar median 0.259 band-widths · budget ok on 3/3 · depth ok on 3/3 · perfection-suspect 3 · distinct tuples 1 of 3 face(s)
     band position CORPUS grain (13 text-level metrics over 57 word(s)): exceeded 11/13 · share 0.846 · mean 0.619 · deepest closers.pronounRate 0.671 over
     provenance: 0 citation(s) · A13 rows 0

  ── DS-ECO-10 :: POSTURE: established   [WITHHELD]  inBand YES
     variants 3 · faces 1/1/1 · attach 0 · units 3 · rate 5195 bp · departure 0
     rounds: draft 0 · refine-A no · refine-B no
     walk: FAIL 0 · WITHHELD 3 · PASS 0 · findings 4
     unit: FAIL 0 · WITHHELD 3 · PASS 0   ·   owned: FAIL 0 · WITHHELD 0 · PASS 3 (0 owned finding(s), 4 inherited)
     inherited (the SPINE's own, never counted against this pool): Q · a second sentence naming no second field · spine `POSTURE: established` · "The export column is broad enough to lose a line without losing the trade." x 1
     inherited (the SPINE's own, never counted against this pool): Q · a second sentence naming no second field · spine `POSTURE: established` · "No two of them are the same." x 1
     inherited (the SPINE's own, never counted against this pool): Q · a second sentence naming no second field · spine `POSTURE: established` · "This is a town that sells." x 1
     inherited (the SPINE's own, never counted against this pool): Q · a second sentence naming no second field · spine `POSTURE: established` · "If one trade is quiet, another is not." x 1
     arm Q vocabulary REPORT (no arm changed): "The export column is broad enough to lose a line without losing the trade." against spine `POSTURE: established` reads [readings.exportPosture.status]
       maps to no field — the clause names no field the spine declares it reads, under the vocabulary the census supplies
       a word-level synonym table ships and was applied
     arm Q vocabulary REPORT (no arm changed): "No two of them are the same." against spine `POSTURE: established` reads [readings.exportPosture.status]
       maps to no field — the clause names no field the spine declares it reads, under the vocabulary the census supplies
       a word-level synonym table ships and was applied
     arm Q vocabulary REPORT (no arm changed): "This is a town that sells." against spine `POSTURE: established` reads [readings.exportPosture.status]
       maps to no field — the clause names no field the spine declares it reads, under the vocabulary the census supplies
       a word-level synonym table ships and was applied
     arm Q vocabulary REPORT (no arm changed): "If one trade is quiet, another is not." against spine `POSTURE: established` reads [readings.exportPosture.status]
       maps to no field — the clause names no field the spine declares it reads, under the vocabulary the census supplies
       a word-level synonym table ships and was applied
     words per face: 26 · 22 · 14 (sentence form)
     sibling distance: #1 1 faces, 0 synonym swap(s) · #2 1 faces, 0 synonym swap(s) · #3 1 faces, 0 synonym swap(s)
     sibling SPREAD #1: NOT-EXECUTABLE: a distance needs two faces and this variant carries 1
     sibling SPREAD #2: NOT-EXECUTABLE: a distance needs two faces and this variant carries 1
     sibling SPREAD #3: NOT-EXECUTABLE: a distance needs two faces and this variant carries 1
     band position FACE grain (8 word-level metrics): mean distance from the exemplar median 0.259 band-widths · budget ok on 3/3 · depth ok on 3/3 · perfection-suspect 3 · distinct tuples 1 of 3 face(s)
     band position CORPUS grain (13 text-level metrics over 62 word(s)): exceeded 11/13 · share 0.846 · mean 0.72 · deepest shapes.thereIsOpenerRate 1.617 over
     provenance: 0 citation(s) · A13 rows 0

  ── DS-ECO-10 :: POSTURE: import_dependent   [WITHHELD]  inBand YES
     variants 3 · faces 1/1/1 · attach 0 · units 3 · rate ABSENT · departure ABSENT
     rounds: draft 0 · refine-A no · refine-B no
     walk: FAIL 0 · WITHHELD 3 · PASS 0 · findings 5
     unit: FAIL 0 · WITHHELD 3 · PASS 0   ·   owned: FAIL 0 · WITHHELD 0 · PASS 3 (0 owned finding(s), 5 inherited)
     inherited (the SPINE's own, never counted against this pool): A3 · the band half is the refuter's · spine `POSTURE: import_dependent` · "rather than seasonal" x 1
     inherited (the SPINE's own, never counted against this pool): Q · a second sentence naming no second field · spine `POSTURE: import_dependent` · "The imbalance is structural rather than seasonal." x 1
     inherited (the SPINE's own, never counted against this pool): Q · a second sentence naming no second field · spine `POSTURE: import_dependent` · "What the town needs, the town does not make." x 1
     inherited (the SPINE's own, never counted against this pool): Q · a second sentence naming no second field · spine `POSTURE: import_dependent` · "That is simply how the town is arranged and everyone trades around it." x 1
     inherited (the SPINE's own, never counted against this pool): Q · a second sentence naming no second field · spine `POSTURE: import_dependent` · "It works while there is something to pay with." x 1
     arm Q vocabulary REPORT (no arm changed): "The imbalance is structural rather than seasonal." against spine `POSTURE: import_dependent` reads [readings.exportPosture.status]
       maps to no field — the clause names no field the spine declares it reads, under the vocabulary the census supplies
       a word-level synonym table ships and was applied
     arm Q vocabulary REPORT (no arm changed): "What the town needs, the town does not make." against spine `POSTURE: import_dependent` reads [readings.exportPosture.status]
       maps to no field — the clause names no field the spine declares it reads, under the vocabulary the census supplies
       a word-level synonym table ships and was applied
     arm Q vocabulary REPORT (no arm changed): "That is simply how the town is arranged and everyone trades around it." against spine `POSTURE: import_dependent` reads [readings.exportPosture.status]
       maps to no field — the clause names no field the spine declares it reads, under the vocabulary the census supplies
       a word-level synonym table ships and was applied
     arm Q vocabulary REPORT (no arm changed): "It works while there is something to pay with." against spine `POSTURE: import_dependent` reads [readings.exportPosture.status]
       maps to no field — the clause names no field the spine declares it reads, under the vocabulary the census supplies
       a word-level synonym table ships and was applied
     words per face: 22 · 18 · 17 (sentence form)
     sibling distance: #1 1 faces, 0 synonym swap(s) · #2 1 faces, 0 synonym swap(s) · #3 1 faces, 0 synonym swap(s)
     sibling SPREAD #1: NOT-EXECUTABLE: a distance needs two faces and this variant carries 1
     sibling SPREAD #2: NOT-EXECUTABLE: a distance needs two faces and this variant carries 1
     sibling SPREAD #3: NOT-EXECUTABLE: a distance needs two faces and this variant carries 1
     band position FACE grain (8 word-level metrics): mean distance from the exemplar median 0.259 band-widths · budget ok on 3/3 · depth ok on 3/3 · perfection-suspect 3 · distinct tuples 1 of 3 face(s)
     band position CORPUS grain (13 text-level metrics over 57 word(s)): exceeded 12/13 · share 0.923 · mean 0.769 · deepest shapes.antithesisRate 3.223 over
     provenance: 0 citation(s) · A13 rows 0

  ── DS-ECO-10 :: POSTURE: limited   [PASS]  inBand YES
     variants 3 · faces 1/1/1 · attach 0 · units 3 · rate 156 bp · departure 1
     rounds: draft 0 · refine-A no · refine-B no
     walk: FAIL 0 · WITHHELD 0 · PASS 3 · findings 0
     unit: FAIL 0 · WITHHELD 0 · PASS 3   ·   owned: FAIL 0 · WITHHELD 0 · PASS 3 (0 owned finding(s), 0 inherited)
     words per face: 20 · 16 · 18 (sentence form)
     sibling distance: #1 1 faces, 0 synonym swap(s) · #2 1 faces, 0 synonym swap(s) · #3 1 faces, 0 synonym swap(s)
     sibling SPREAD #1: NOT-EXECUTABLE: a distance needs two faces and this variant carries 1
     sibling SPREAD #2: NOT-EXECUTABLE: a distance needs two faces and this variant carries 1
     sibling SPREAD #3: NOT-EXECUTABLE: a distance needs two faces and this variant carries 1
     band position FACE grain (8 word-level metrics): mean distance from the exemplar median 0.259 band-widths · budget ok on 3/3 · depth ok on 3/3 · perfection-suspect 3 · distinct tuples 1 of 3 face(s)
     band position CORPUS grain (13 text-level metrics over 54 word(s)): exceeded 11/13 · share 0.846 · mean 0.657 · deepest closers.pronounRate 1.629 over
     provenance: 0 citation(s) · A13 rows 0

  ── DS-ECO-10 :: POSTURE: none   [WITHHELD]  inBand YES
     variants 3 · faces 1/1/1 · attach 0 · units 3 · rate 2122 bp · departure 0
     rounds: draft 0 · refine-A no · refine-B no
     walk: FAIL 0 · WITHHELD 3 · PASS 0 · findings 4
     unit: FAIL 0 · WITHHELD 3 · PASS 0   ·   owned: FAIL 0 · WITHHELD 0 · PASS 3 (0 owned finding(s), 4 inherited)
     inherited (the SPINE's own, never counted against this pool): Q · a second sentence naming no second field · spine `POSTURE: none` · "What the town makes, the town uses." x 1
     inherited (the SPINE's own, never counted against this pool): Q · a second sentence naming no second field · spine `POSTURE: none` · "The accounts have no export column at all." x 1
     inherited (the SPINE's own, never counted against this pool): Q · a second sentence naming no second field · spine `POSTURE: none` · "A stranger looking to buy in quantity has come to the wrong town." x 1
     inherited (the SPINE's own, never counted against this pool): Q · a second sentence naming no second field · spine `POSTURE: none` · "Whatever surplus there is stays, and is eaten or worn here." x 1
     arm Q vocabulary REPORT (no arm changed): "What the town makes, the town uses." against spine `POSTURE: none` reads [readings.exportPosture.status]
       maps to no field — the clause names no field the spine declares it reads, under the vocabulary the census supplies
       a word-level synonym table ships and was applied
     arm Q vocabulary REPORT (no arm changed): "The accounts have no export column at all." against spine `POSTURE: none` reads [readings.exportPosture.status]
       maps to no field — the clause names no field the spine declares it reads, under the vocabulary the census supplies
       a word-level synonym table ships and was applied
     arm Q vocabulary REPORT (no arm changed): "A stranger looking to buy in quantity has come to the wrong town." against spine `POSTURE: none` reads [readings.exportPosture.status]
       maps to no field — the clause names no field the spine declares it reads, under the vocabulary the census supplies
       a word-level synonym table ships and was applied
     arm Q vocabulary REPORT (no arm changed): "Whatever surplus there is stays, and is eaten or worn here." against spine `POSTURE: none` reads [readings.exportPosture.status]
       maps to no field — the clause names no field the spine declares it reads, under the vocabulary the census supplies
       a word-level synonym table ships and was applied
     words per face: 19 · 18 · 16 (sentence form)
     sibling distance: #1 1 faces, 0 synonym swap(s) · #2 1 faces, 0 synonym swap(s) · #3 1 faces, 0 synonym swap(s)
     sibling SPREAD #1: NOT-EXECUTABLE: a distance needs two faces and this variant carries 1
     sibling SPREAD #2: NOT-EXECUTABLE: a distance needs two faces and this variant carries 1
     sibling SPREAD #3: NOT-EXECUTABLE: a distance needs two faces and this variant carries 1
     band position FACE grain (8 word-level metrics): mean distance from the exemplar median 0.259 band-widths · budget ok on 3/3 · depth ok on 3/3 · perfection-suspect 3 · distinct tuples 1 of 3 face(s)
     band position CORPUS grain (13 text-level metrics over 53 word(s)): exceeded 12/13 · share 0.923 · mean 0.727 · deepest shapes.thereIsOpenerRate 1.617 over
     provenance: 0 citation(s) · A13 rows 0

  ── DS-ECO-10 :: POSTURE: vulnerable   [WITHHELD]  inBand YES
     variants 3 · faces 1/1/1 · attach 0 · units 3 · rate 625 bp · departure 1
     rounds: draft 0 · refine-A no · refine-B no
     reported: band depth · shapes.participialOpenerRate (over) = 8.746 band-widths on 1 of 3 face(s) | DEPTH at most 1.75 band-widths on every face (REPORTED, refuses nothing — ADDENDUM 18 ruling 1)
     walk: FAIL 0 · WITHHELD 2 · PASS 1 · findings 3
     unit: FAIL 0 · WITHHELD 2 · PASS 1   ·   owned: FAIL 0 · WITHHELD 0 · PASS 3 (0 owned finding(s), 3 inherited)
     inherited (the SPINE's own, never counted against this pool): Q · a second sentence naming no second field · spine `POSTURE: vulnerable` · "The exports are real and the road they leave by is not." x 1
     inherited (the SPINE's own, never counted against this pool): Q · a second sentence naming no second field · spine `POSTURE: vulnerable` · "Nothing is wrong with the goods." x 1
     inherited (the SPINE's own, never counted against this pool): Q · a second sentence naming no second field · spine `POSTURE: vulnerable` · "Everything is uncertain about the going." x 1
     arm Q vocabulary REPORT (no arm changed): "The exports are real and the road they leave by is not." against spine `POSTURE: vulnerable` reads [readings.exportPosture.status]
       maps to no field — the clause names no field the spine declares it reads, under the vocabulary the census supplies
       a word-level synonym table ships and was applied
     arm Q vocabulary REPORT (no arm changed): "Nothing is wrong with the goods." against spine `POSTURE: vulnerable` reads [readings.exportPosture.status]
       maps to no field — the clause names no field the spine declares it reads, under the vocabulary the census supplies
       a word-level synonym table ships and was applied
     arm Q vocabulary REPORT (no arm changed): "Everything is uncertain about the going." against spine `POSTURE: vulnerable` reads [readings.exportPosture.status]
       maps to no field — the clause names no field the spine declares it reads, under the vocabulary the census supplies
       a word-level synonym table ships and was applied
     words per face: 24 · 23 · 21 (sentence form)
     sibling distance: #1 1 faces, 0 synonym swap(s) · #2 1 faces, 0 synonym swap(s) · #3 1 faces, 0 synonym swap(s)
     sibling SPREAD #1: NOT-EXECUTABLE: a distance needs two faces and this variant carries 1
     sibling SPREAD #2: NOT-EXECUTABLE: a distance needs two faces and this variant carries 1
     sibling SPREAD #3: NOT-EXECUTABLE: a distance needs two faces and this variant carries 1
     band position FACE grain (8 word-level metrics): mean distance from the exemplar median 0.645 band-widths · budget ok on 3/3 · depth ok on 2/3 · perfection-suspect 2 · distinct tuples 2 of 3 face(s)
     band position CORPUS grain (13 text-level metrics over 68 word(s)): exceeded 11/13 · share 0.846 · mean 0.616 · deepest wordsPerSentence.neighbourVariation 1.155 under
     provenance: 0 citation(s) · A13 rows 0

  ── DS-ECO-10 :: SCARCITY: adequate   [WITHHELD]  inBand YES
     variants 3 · faces 1/1/1 · attach 0 · units 3 · rate ABSENT · departure ABSENT
     rounds: draft 0 · refine-A no · refine-B no
     walk: FAIL 0 · WITHHELD 2 · PASS 1 · findings 2
     unit: FAIL 0 · WITHHELD 2 · PASS 1   ·   owned: FAIL 0 · WITHHELD 0 · PASS 3 (0 owned finding(s), 2 inherited)
     inherited (the SPINE's own, never counted against this pool): Q · a second sentence naming no second field · spine `SCARCITY: adequate` · "Its price sits with it." x 1
     inherited (the SPINE's own, never counted against this pool): Q · a second sentence naming no second field · spine `SCARCITY: adequate` · "There is nothing to say about it." x 1
     arm Q vocabulary REPORT (no arm changed): "Its price sits with it." against spine `SCARCITY: adequate` reads [none recovered]
       NOT-EXECUTABLE: the wiring census recovered no reading for this pool, so there is no declared field set to reconcile the text against
       a word-level synonym table ships and was applied
     arm Q vocabulary REPORT (no arm changed): "There is nothing to say about it." against spine `SCARCITY: adequate` reads [none recovered]
       NOT-EXECUTABLE: the wiring census recovered no reading for this pool, so there is no declared field set to reconcile the text against
       a word-level synonym table ships and was applied
     words per face: 14 · 12 · 12 (sentence form)
     sibling distance: #1 1 faces, 0 synonym swap(s) · #2 1 faces, 0 synonym swap(s) · #3 1 faces, 0 synonym swap(s)
     sibling SPREAD #1: NOT-EXECUTABLE: a distance needs two faces and this variant carries 1
     sibling SPREAD #2: NOT-EXECUTABLE: a distance needs two faces and this variant carries 1
     sibling SPREAD #3: NOT-EXECUTABLE: a distance needs two faces and this variant carries 1
     band position FACE grain (8 word-level metrics): mean distance from the exemplar median 0.259 band-widths · budget ok on 3/3 · depth ok on 3/3 · perfection-suspect 3 · distinct tuples 1 of 3 face(s)
     band position CORPUS grain (13 text-level metrics over 38 word(s)): exceeded 12/13 · share 0.923 · mean 0.964 · deepest shapes.thereIsOpenerRate 3.6 over
     provenance: 0 citation(s) · A13 rows 0

  ── DS-ECO-10 :: SCARCITY: shortage   [WITHHELD]  inBand YES
     variants 3 · faces 1/1/1 · attach 0 · units 3 · rate ABSENT · departure ABSENT
     rounds: draft 0 · refine-A no · refine-B no
     walk: FAIL 0 · WITHHELD 2 · PASS 1 · findings 3
     unit: FAIL 0 · WITHHELD 2 · PASS 1   ·   owned: FAIL 0 · WITHHELD 0 · PASS 3 (0 owned finding(s), 3 inherited)
     inherited (the SPINE's own, never counted against this pool): Q · a second sentence naming no second field · spine `SCARCITY: shortage` · "The reckoning has climbed accordingly." x 1
     inherited (the SPINE's own, never counted against this pool): C3 · is this clause historical? · spine `SCARCITY: shortage` · "There is little {good} to be had here. It costs what little things cost." x 1
     inherited (the SPINE's own, never counted against this pool): Q · a second sentence naming no second field · spine `SCARCITY: shortage` · "It costs what little things cost." x 1
     arm Q vocabulary REPORT (no arm changed): "The reckoning has climbed accordingly." against spine `SCARCITY: shortage` reads [none recovered]
       NOT-EXECUTABLE: the wiring census recovered no reading for this pool, so there is no declared field set to reconcile the text against
       a word-level synonym table ships and was applied
     arm Q vocabulary REPORT (no arm changed): "It costs what little things cost." against spine `SCARCITY: shortage` reads [none recovered]
       NOT-EXECUTABLE: the wiring census recovered no reading for this pool, so there is no declared field set to reconcile the text against
       a word-level synonym table ships and was applied
     words per face: 16 · 14 · 12 (sentence form)
     sibling distance: #1 1 faces, 0 synonym swap(s) · #2 1 faces, 0 synonym swap(s) · #3 1 faces, 0 synonym swap(s)
     sibling SPREAD #1: NOT-EXECUTABLE: a distance needs two faces and this variant carries 1
     sibling SPREAD #2: NOT-EXECUTABLE: a distance needs two faces and this variant carries 1
     sibling SPREAD #3: NOT-EXECUTABLE: a distance needs two faces and this variant carries 1
     band position FACE grain (8 word-level metrics): mean distance from the exemplar median 0.259 band-widths · budget ok on 3/3 · depth ok on 3/3 · perfection-suspect 3 · distinct tuples 1 of 3 face(s)
     band position CORPUS grain (13 text-level metrics over 42 word(s)): exceeded 11/13 · share 0.846 · mean 0.834 · deepest shapes.thereIsOpenerRate 2.674 over
     provenance: 0 citation(s) · A13 rows 0

  ── DS-ECO-10 :: SCARCITY: surplus   [WITHHELD]  inBand YES
     variants 3 · faces 1/1/1 · attach 0 · units 3 · rate ABSENT · departure ABSENT
     rounds: draft 0 · refine-A no · refine-B no
     walk: FAIL 0 · WITHHELD 2 · PASS 1 · findings 2
     unit: FAIL 0 · WITHHELD 2 · PASS 1   ·   owned: FAIL 0 · WITHHELD 0 · PASS 3 (0 owned finding(s), 2 inherited)
     inherited (the SPINE's own, never counted against this pool): Q · a second sentence naming no second field · spine `SCARCITY: surplus` · "The reckoning has come down under the weight of it." x 1
     inherited (the SPINE's own, never counted against this pool): Q · a second sentence naming no second field · spine `SCARCITY: surplus` · "The town has more than it can use." x 1
     arm Q vocabulary REPORT (no arm changed): "The reckoning has come down under the weight of it." against spine `SCARCITY: surplus` reads [none recovered]
       NOT-EXECUTABLE: the wiring census recovered no reading for this pool, so there is no declared field set to reconcile the text against
       a word-level synonym table ships and was applied
     arm Q vocabulary REPORT (no arm changed): "The town has more than it can use." against spine `SCARCITY: surplus` reads [none recovered]
       NOT-EXECUTABLE: the wiring census recovered no reading for this pool, so there is no declared field set to reconcile the text against
       a word-level synonym table ships and was applied
     words per face: 19 · 16 · 15 (sentence form)
     sibling distance: #1 1 faces, 0 synonym swap(s) · #2 1 faces, 0 synonym swap(s) · #3 1 faces, 0 synonym swap(s)
     sibling SPREAD #1: NOT-EXECUTABLE: a distance needs two faces and this variant carries 1
     sibling SPREAD #2: NOT-EXECUTABLE: a distance needs two faces and this variant carries 1
     sibling SPREAD #3: NOT-EXECUTABLE: a distance needs two faces and this variant carries 1
     band position FACE grain (8 word-level metrics): mean distance from the exemplar median 0.259 band-widths · budget ok on 3/3 · depth ok on 3/3 · perfection-suspect 3 · distinct tuples 1 of 3 face(s)
     band position CORPUS grain (13 text-level metrics over 50 word(s)): exceeded 12/13 · share 0.923 · mean 1.202 · deepest shapes.thereIsOpenerRate 5.143 over
     provenance: 0 citation(s) · A13 rows 0

  ── DS-ECO-10 :: THE FRESHNESS CAVEAT: for any surface printing a derived tally   [WITHHELD]  inBand YES
     variants 3 · faces 1/1/1 · attach 0 · units 3 · rate ABSENT · departure ABSENT
     rounds: draft 0 · refine-A no · refine-B no
     walk: FAIL 0 · WITHHELD 3 · PASS 0 · findings 3
     unit: FAIL 0 · WITHHELD 3 · PASS 0   ·   owned: FAIL 0 · WITHHELD 0 · PASS 3 (0 owned finding(s), 3 inherited)
     inherited (the SPINE's own, never counted against this pool): C3 · is this clause historical? · spine `THE FRESHNESS CAVEAT: for any surface printing a derived tally` · "They describe what {settlement} was judged to hold" x 1
     inherited (the SPINE's own, never counted against this pool): Q · a second sentence naming no second field · spine `THE FRESHNESS CAVEAT: for any surface printing a derived tally` · "A later change may not be in them yet." x 1
     inherited (the SPINE's own, never counted against this pool): C3 · is this clause historical? · spine `THE FRESHNESS CAVEAT: for any surface printing a derived tally` · "What is written here was true at the survey." x 1
     arm Q vocabulary REPORT (no arm changed): "A later change may not be in them yet." against spine `THE FRESHNESS CAVEAT: for any surface printing a derived tally` reads [none recovered]
       NOT-EXECUTABLE: the wiring census recovered no reading for this pool, so there is no declared field set to reconcile the text against
       a word-level synonym table ships and was applied
     words per face: 23 · 20 · 13 (sentence form)
     sibling distance: #1 1 faces, 0 synonym swap(s) · #2 1 faces, 0 synonym swap(s) · #3 1 faces, 0 synonym swap(s)
     sibling SPREAD #1: NOT-EXECUTABLE: a distance needs two faces and this variant carries 1
     sibling SPREAD #2: NOT-EXECUTABLE: a distance needs two faces and this variant carries 1
     sibling SPREAD #3: NOT-EXECUTABLE: a distance needs two faces and this variant carries 1
     band position FACE grain (8 word-level metrics): mean distance from the exemplar median 0.259 band-widths · budget ok on 3/3 · depth ok on 3/3 · perfection-suspect 3 · distinct tuples 1 of 3 face(s)
     band position CORPUS grain (13 text-level metrics over 56 word(s)): exceeded 11/13 · share 0.846 · mean 0.534 · deepest closers.pronounRate 0.671 over
     provenance: 0 citation(s) · A13 rows 0

  ── DS-ECO-11 :: ECONOMIC STRENGTHS: none recorded   [WITHHELD]  inBand YES
     variants 3 · faces 1/1/1 · attach 0 · units 3 · rate ABSENT · departure ABSENT
     rounds: draft 0 · refine-A no · refine-B no
     walk: FAIL 0 · WITHHELD 3 · PASS 0 · findings 3
     unit: FAIL 0 · WITHHELD 3 · PASS 0   ·   owned: FAIL 0 · WITHHELD 0 · PASS 3 (0 owned finding(s), 3 inherited)
     inherited (the SPINE's own, never counted against this pool): Q · a second sentence naming no second field · spine `ECONOMIC STRENGTHS: none recorded` · "The town works, and works at nothing in particular." x 1
     inherited (the SPINE's own, never counted against this pool): Q · a second sentence naming no second field · spine `ECONOMIC STRENGTHS: none recorded` · "What it makes, it makes for itself." x 1
     inherited (the SPINE's own, never counted against this pool): Q · a second sentence naming no second field · spine `ECONOMIC STRENGTHS: none recorded` · "That is a plainer achievement than a good harvest." x 1
     arm Q vocabulary REPORT (no arm changed): "The town works, and works at nothing in particular." against spine `ECONOMIC STRENGTHS: none recorded` reads [analysis.economicStrengths]
       maps to no field — the clause names no field the spine declares it reads, under the vocabulary the census supplies
       a word-level synonym table ships and was applied
     arm Q vocabulary REPORT (no arm changed): "What it makes, it makes for itself." against spine `ECONOMIC STRENGTHS: none recorded` reads [analysis.economicStrengths]
       maps to no field — the clause names no field the spine declares it reads, under the vocabulary the census supplies
       a word-level synonym table ships and was applied
     arm Q vocabulary REPORT (no arm changed): "That is a plainer achievement than a good harvest." against spine `ECONOMIC STRENGTHS: none recorded` reads [analysis.economicStrengths]
       maps to no field — the clause names no field the spine declares it reads, under the vocabulary the census supplies
       a word-level synonym table ships and was applied
     words per face: 21 · 17 · 20 (sentence form)
     sibling distance: #1 1 faces, 0 synonym swap(s) · #2 1 faces, 0 synonym swap(s) · #3 1 faces, 0 synonym swap(s)
     sibling SPREAD #1: NOT-EXECUTABLE: a distance needs two faces and this variant carries 1
     sibling SPREAD #2: NOT-EXECUTABLE: a distance needs two faces and this variant carries 1
     sibling SPREAD #3: NOT-EXECUTABLE: a distance needs two faces and this variant carries 1
     band position FACE grain (8 word-level metrics): mean distance from the exemplar median 0.259 band-widths · budget ok on 3/3 · depth ok on 3/3 · perfection-suspect 3 · distinct tuples 1 of 3 face(s)
     band position CORPUS grain (13 text-level metrics over 58 word(s)): exceeded 13/13 · share 1 · mean 0.622 · deepest closers.pronounRate 1.054 over
     provenance: 0 citation(s) · A13 rows 0

  ── DS-ECO-11 :: ECONOMIC STRENGTHS: the roster is populated   [WITHHELD]  inBand YES
     variants 3 · faces 1/1/1 · attach 0 · units 3 · rate 10000 bp · departure 0
     rounds: draft 0 · refine-A no · refine-B no
     walk: FAIL 0 · WITHHELD 1 · PASS 2 · findings 1
     unit: FAIL 0 · WITHHELD 1 · PASS 2   ·   owned: FAIL 0 · WITHHELD 0 · PASS 3 (0 owned finding(s), 1 inherited)
     inherited (the SPINE's own, never counted against this pool): Q · a second sentence naming no second field · spine `ECONOMIC STRENGTHS: the roster is populated` · "The list is short enough that everybody here could recite it." x 1
     arm Q vocabulary REPORT (no arm changed): "The list is short enough that everybody here could recite it." against spine `ECONOMIC STRENGTHS: the roster is populated` reads [analysis.economicStrengths]
       maps to no field — the clause names no field the spine declares it reads, under the vocabulary the census supplies
       a word-level synonym table ships and was applied
     words per face: 21 · 22 · 22 (sentence form)
     sibling distance: #1 1 faces, 0 synonym swap(s) · #2 1 faces, 0 synonym swap(s) · #3 1 faces, 0 synonym swap(s)
     sibling SPREAD #1: NOT-EXECUTABLE: a distance needs two faces and this variant carries 1
     sibling SPREAD #2: NOT-EXECUTABLE: a distance needs two faces and this variant carries 1
     sibling SPREAD #3: NOT-EXECUTABLE: a distance needs two faces and this variant carries 1
     band position FACE grain (8 word-level metrics): mean distance from the exemplar median 0.259 band-widths · budget ok on 3/3 · depth ok on 3/3 · perfection-suspect 3 · distinct tuples 1 of 3 face(s)
     band position CORPUS grain (13 text-level metrics over 65 word(s)): exceeded 12/13 · share 0.923 · mean 0.642 · deepest closers.pronounRate 1.629 over
     provenance: 0 citation(s) · A13 rows 0

  ── DS-ECO-11 :: EXPLOITATION: fullyExploited   [WITHHELD]  inBand YES
     variants 3 · faces 1/1/1 · attach 0 · units 3 · rate 2240 bp · departure 0
     rounds: draft 0 · refine-A no · refine-B no
     walk: FAIL 0 · WITHHELD 2 · PASS 1 · findings 2
     unit: FAIL 0 · WITHHELD 2 · PASS 1   ·   owned: FAIL 0 · WITHHELD 0 · PASS 3 (0 owned finding(s), 2 inherited)
     inherited (the SPINE's own, never counted against this pool): Q · a second sentence naming no second field · spine `EXPLOITATION: fullyExploited` · "A stranger following it from ground to gate finds every stage of it occupied." x 1
     inherited (the SPINE's own, never counted against this pool): Q · a second sentence naming no second field · spine `EXPLOITATION: fullyExploited` · "The town has taken it as far as it goes." x 1
     arm Q vocabulary REPORT (no arm changed): "A stranger following it from ground to gate finds every stage of it occupied." against spine `EXPLOITATION: fullyExploited` reads [leading.bucket, leading.row]
       maps to no field — the clause names no field the spine declares it reads, under the vocabulary the census supplies
       a word-level synonym table ships and was applied
     arm Q vocabulary REPORT (no arm changed): "The town has taken it as far as it goes." against spine `EXPLOITATION: fullyExploited` reads [leading.bucket, leading.row]
       maps to no field — the clause names no field the spine declares it reads, under the vocabulary the census supplies
       a word-level synonym table ships and was applied
     words per face: 23 · 25 · 20 (sentence form)
     sibling distance: #1 1 faces, 0 synonym swap(s) · #2 1 faces, 0 synonym swap(s) · #3 1 faces, 0 synonym swap(s)
     sibling SPREAD #1: NOT-EXECUTABLE: a distance needs two faces and this variant carries 1
     sibling SPREAD #2: NOT-EXECUTABLE: a distance needs two faces and this variant carries 1
     sibling SPREAD #3: NOT-EXECUTABLE: a distance needs two faces and this variant carries 1
     band position FACE grain (8 word-level metrics): mean distance from the exemplar median 0.259 band-widths · budget ok on 3/3 · depth ok on 3/3 · perfection-suspect 3 · distinct tuples 1 of 3 face(s)
     band position CORPUS grain (13 text-level metrics over 68 word(s)): exceeded 11/13 · share 0.846 · mean 0.681 · deepest wordsPerSentence.neighbourVariation 1.084 under
     provenance: 0 citation(s) · A13 rows 0

  ── DS-ECO-11 :: EXPLOITATION: partiallyExploited   [WITHHELD]  inBand YES
     variants 4 · faces 1/1/1/1 · attach 0 · units 4 · rate 1172 bp · departure 0
     rounds: draft 0 · refine-A no · refine-B no
     walk: FAIL 0 · WITHHELD 2 · PASS 2 · findings 3
     unit: FAIL 0 · WITHHELD 2 · PASS 2   ·   owned: FAIL 0 · WITHHELD 0 · PASS 4 (0 owned finding(s), 3 inherited)
     inherited (the SPINE's own, never counted against this pool): Q · a second sentence naming no second field · spine `EXPLOITATION: partiallyExploited` · "The raw material moves." x 1
     inherited (the SPINE's own, never counted against this pool): Q · a second sentence naming no second field · spine `EXPLOITATION: partiallyExploited` · "It moves before it has been made into anything worth more." x 1
     inherited (the SPINE's own, never counted against this pool): A3 · the band half is the refuter's · spine `EXPLOITATION: partiallyExploited` · "and not finished here. what stands between the two is one {institution} the town d" x 1
     arm Q vocabulary REPORT (no arm changed): "The raw material moves." against spine `EXPLOITATION: partiallyExploited` reads [leading.bucket, leading.row]
       maps to no field — the clause names no field the spine declares it reads, under the vocabulary the census supplies
       a word-level synonym table ships and was applied
     arm Q vocabulary REPORT (no arm changed): "It moves before it has been made into anything worth more." against spine `EXPLOITATION: partiallyExploited` reads [leading.bucket, leading.row]
       maps to no field — the clause names no field the spine declares it reads, under the vocabulary the census supplies
       a word-level synonym table ships and was applied
     words per face: 25 · 20 · 25 · 21 (sentence form)
     sibling distance: #1 1 faces, 0 synonym swap(s) · #2 1 faces, 0 synonym swap(s) · #3 1 faces, 0 synonym swap(s) · #4 1 faces, 0 synonym swap(s)
     sibling SPREAD #1: NOT-EXECUTABLE: a distance needs two faces and this variant carries 1
     sibling SPREAD #2: NOT-EXECUTABLE: a distance needs two faces and this variant carries 1
     sibling SPREAD #3: NOT-EXECUTABLE: a distance needs two faces and this variant carries 1
     sibling SPREAD #4: NOT-EXECUTABLE: a distance needs two faces and this variant carries 1
     band position FACE grain (8 word-level metrics): mean distance from the exemplar median 0.259 band-widths · budget ok on 4/4 · depth ok on 4/4 · perfection-suspect 4 · distinct tuples 1 of 4 face(s)
     band position CORPUS grain (13 text-level metrics over 91 word(s)): exceeded 12/13 · share 0.923 · mean 0.633 · deepest closers.pronounRate 1.629 over
     provenance: 0 citation(s) · A13 rows 0

  ── DS-ECO-11 :: EXPLOITATION: unexploited, exportValue: high   [WITHHELD]  inBand YES
     variants 4 · faces 1/1/1/1 · attach 0 · units 4 · rate 417 bp · departure 1
     rounds: draft 0 · refine-A no · refine-B no
     walk: FAIL 0 · WITHHELD 1 · PASS 3 · findings 1
     unit: FAIL 0 · WITHHELD 1 · PASS 3   ·   owned: FAIL 0 · WITHHELD 0 · PASS 4 (0 owned finding(s), 1 inherited)
     inherited (the SPINE's own, never counted against this pool): A3 · the band half is the refuter's · spine `EXPLOITATION: unexploited, exportValue: high` · "not the ground, it is the {institution} that would begin the work." x 1
     words per face: 20 · 20 · 16 · 31 (sentence form)
     sibling distance: #1 1 faces, 0 synonym swap(s) · #2 1 faces, 0 synonym swap(s) · #3 1 faces, 0 synonym swap(s) · #4 1 faces, 0 synonym swap(s)
     sibling SPREAD #1: NOT-EXECUTABLE: a distance needs two faces and this variant carries 1
     sibling SPREAD #2: NOT-EXECUTABLE: a distance needs two faces and this variant carries 1
     sibling SPREAD #3: NOT-EXECUTABLE: a distance needs two faces and this variant carries 1
     sibling SPREAD #4: NOT-EXECUTABLE: a distance needs two faces and this variant carries 1
     band position FACE grain (8 word-level metrics): mean distance from the exemplar median 0.259 band-widths · budget ok on 4/4 · depth ok on 4/4 · perfection-suspect 4 · distinct tuples 1 of 4 face(s)
     band position CORPUS grain (13 text-level metrics over 87 word(s)): exceeded 11/13 · share 0.846 · mean 0.923 · deepest shapes.doubledAdjectiveRate 2.226 over
     provenance: 0 citation(s) · A13 rows 0

  ── DS-ECO-11 :: EXPLOITATION: unexploited, exportValue: medium or low   [WITHHELD]  inBand YES
     variants 3 · faces 1/1/1 · attach 0 · units 3 · rate 1302 bp · departure 0
     rounds: draft 0 · refine-A no · refine-B no
     walk: FAIL 0 · WITHHELD 3 · PASS 0 · findings 5
     unit: FAIL 0 · WITHHELD 3 · PASS 0   ·   owned: FAIL 0 · WITHHELD 0 · PASS 3 (0 owned finding(s), 5 inherited)
     inherited (the SPINE's own, never counted against this pool): Q · a second sentence naming no second field · spine `EXPLOITATION: unexploited, exportValue: medium or low` · "The leaving is a reasonable decision." x 1
     inherited (the SPINE's own, never counted against this pool): Q · a second sentence naming no second field · spine `EXPLOITATION: unexploited, exportValue: medium or low` · "What it would fetch would barely cover the working." x 1
     inherited (the SPINE's own, never counted against this pool): A3 · the band half is the refuter's · spine `EXPLOITATION: unexploited, exportValue: medium or low` · "rather than an oversight" x 1
     inherited (the SPINE's own, never counted against this pool): Q · a second sentence naming no second field · spine `EXPLOITATION: unexploited, exportValue: medium or low` · "That is the town's considered opinion rather than an oversight." x 1
     inherited (the SPINE's own, never counted against this pool): Q · a second sentence naming no second field · spine `EXPLOITATION: unexploited, exportValue: medium or low` · "The arithmetic has been done and done again." x 1
     arm Q vocabulary REPORT (no arm changed): "The leaving is a reasonable decision." against spine `EXPLOITATION: unexploited, exportValue: medium or low` reads [leading.bucket, leading.row]
       maps to no field — the clause names no field the spine declares it reads, under the vocabulary the census supplies
       a word-level synonym table ships and was applied
     arm Q vocabulary REPORT (no arm changed): "What it would fetch would barely cover the working." against spine `EXPLOITATION: unexploited, exportValue: medium or low` reads [leading.bucket, leading.row]
       maps to no field — the clause names no field the spine declares it reads, under the vocabulary the census supplies
       a word-level synonym table ships and was applied
     arm Q vocabulary REPORT (no arm changed): "That is the town's considered opinion rather than an oversight." against spine `EXPLOITATION: unexploited, exportValue: medium or low` reads [leading.bucket, leading.row]
       maps to no field — the clause names no field the spine declares it reads, under the vocabulary the census supplies
       a word-level synonym table ships and was applied
     arm Q vocabulary REPORT (no arm changed): "The arithmetic has been done and done again." against spine `EXPLOITATION: unexploited, exportValue: medium or low` reads [leading.bucket, leading.row]
       maps to no field — the clause names no field the spine declares it reads, under the vocabulary the census supplies
       a word-level synonym table ships and was applied
     words per face: 19 · 24 · 30 (sentence form)
     sibling distance: #1 1 faces, 0 synonym swap(s) · #2 1 faces, 0 synonym swap(s) · #3 1 faces, 0 synonym swap(s)
     sibling SPREAD #1: NOT-EXECUTABLE: a distance needs two faces and this variant carries 1
     sibling SPREAD #2: NOT-EXECUTABLE: a distance needs two faces and this variant carries 1
     sibling SPREAD #3: NOT-EXECUTABLE: a distance needs two faces and this variant carries 1
     band position FACE grain (8 word-level metrics): mean distance from the exemplar median 0.259 band-widths · budget ok on 3/3 · depth ok on 3/3 · perfection-suspect 3 · distinct tuples 1 of 3 face(s)
     band position CORPUS grain (13 text-level metrics over 73 word(s)): exceeded 9/13 · share 0.692 · mean 0.898 · deepest shapes.antithesisRate 3.223 over
     provenance: 0 citation(s) · A13 rows 0

  ── DS-ECO-11 :: STRATEGIC VALUE: the generator's assessment, framed   [WITHHELD]  inBand YES
     variants 3 · faces 1/1/1 · attach 0 · units 3 · rate 10000 bp · departure 0
     rounds: draft 0 · refine-A no · refine-B no
     walk: FAIL 0 · WITHHELD 1 · PASS 2 · findings 1
     unit: FAIL 0 · WITHHELD 1 · PASS 2   ·   owned: FAIL 0 · WITHHELD 0 · PASS 3 (0 owned finding(s), 1 inherited)
     inherited (the SPINE's own, never counted against this pool): Q · a second sentence naming no second field · spine `STRATEGIC VALUE: the generator's assessment, framed` · "The two answers are not close." x 1
     arm Q vocabulary REPORT (no arm changed): "The two answers are not close." against spine `STRATEGIC VALUE: the generator's assessment, framed` reads [analysis.strategicValue]
       maps to no field — the clause names no field the spine declares it reads, under the vocabulary the census supplies
       a word-level synonym table ships and was applied
     words per face: 24 · 21 · 21 (sentence form)
     sibling distance: #1 1 faces, 0 synonym swap(s) · #2 1 faces, 0 synonym swap(s) · #3 1 faces, 0 synonym swap(s)
     sibling SPREAD #1: NOT-EXECUTABLE: a distance needs two faces and this variant carries 1
     sibling SPREAD #2: NOT-EXECUTABLE: a distance needs two faces and this variant carries 1
     sibling SPREAD #3: NOT-EXECUTABLE: a distance needs two faces and this variant carries 1
     band position FACE grain (8 word-level metrics): mean distance from the exemplar median 0.259 band-widths · budget ok on 3/3 · depth ok on 3/3 · perfection-suspect 3 · distinct tuples 1 of 3 face(s)
     band position CORPUS grain (13 text-level metrics over 66 word(s)): exceeded 11/13 · share 0.846 · mean 0.824 · deepest closers.pronounRate 4.502 over
     provenance: 0 citation(s) · A13 rows 0

  ── DS-ECO-11 :: TERRAIN: Coastal   [WITHHELD]  inBand YES
     variants 3 · faces 1/1/1 · attach 0 · units 3 · rate 1432 bp · departure 0
     rounds: draft 0 · refine-A no · refine-B no
     reported: band depth · shapes.participialOpenerRate (over) = 13.62 band-widths on 1 of 3 face(s) | DEPTH at most 1.75 band-widths on every face (REPORTED, refuses nothing — ADDENDUM 18 ruling 1)
     walk: FAIL 0 · WITHHELD 2 · PASS 1 · findings 4
     unit: FAIL 0 · WITHHELD 2 · PASS 1   ·   owned: FAIL 0 · WITHHELD 0 · PASS 3 (0 owned finding(s), 4 inherited)
     inherited (the SPINE's own, never counted against this pool): Q · a second sentence naming no second field · spine `TERRAIN: Coastal` · "Everything the town is good at begins at the tideline." x 1
     inherited (the SPINE's own, never counted against this pool): A3 · the band half is the refuter's · spine `TERRAIN: Coastal` · "or not they sail." x 1
     inherited (the SPINE's own, never counted against this pool): Q · a second sentence naming no second field · spine `TERRAIN: Coastal` · "Everybody watches it whether or not they sail." x 1
     inherited (the SPINE's own, never counted against this pool): X · exhaustivity over an open column · spine `TERRAIN: Coastal` · "The weather that matters in this town is the weather out at sea." x 1
     arm Q vocabulary REPORT (no arm changed): "Everything the town is good at begins at the tideline." against spine `TERRAIN: Coastal` reads [text(terrainKey) (via TERRAIN_POOL_BY_KEY in economyStateProse.js)]
       NOT-EXECUTABLE: the recovered reading is the census's own synthetic table label and not a field path, so no text can claim it
       a word-level synonym table ships and was applied
     arm Q vocabulary REPORT (no arm changed): "Everybody watches it whether or not they sail." against spine `TERRAIN: Coastal` reads [text(terrainKey) (via TERRAIN_POOL_BY_KEY in economyStateProse.js)]
       NOT-EXECUTABLE: the recovered reading is the census's own synthetic table label and not a field path, so no text can claim it
       a word-level synonym table ships and was applied
     words per face: 23 · 25 · 21 (sentence form)
     sibling distance: #1 1 faces, 0 synonym swap(s) · #2 1 faces, 0 synonym swap(s) · #3 1 faces, 0 synonym swap(s)
     sibling SPREAD #1: NOT-EXECUTABLE: a distance needs two faces and this variant carries 1
     sibling SPREAD #2: NOT-EXECUTABLE: a distance needs two faces and this variant carries 1
     sibling SPREAD #3: NOT-EXECUTABLE: a distance needs two faces and this variant carries 1
     band position FACE grain (8 word-level metrics): mean distance from the exemplar median 0.848 band-widths · budget ok on 3/3 · depth ok on 2/3 · perfection-suspect 2 · distinct tuples 2 of 3 face(s)
     band position CORPUS grain (13 text-level metrics over 69 word(s)): exceeded 13/13 · share 1 · mean 0.605 · deepest runsOfThreeSameLengthBand 1.016 over
     provenance: 0 citation(s) · A13 rows 0

  ── DS-ECO-11 :: TERRAIN: Desert   [WITHHELD]  inBand YES
     variants 3 · faces 1/1/1 · attach 0 · units 3 · rate 1419 bp · departure 0
     rounds: draft 0 · refine-A no · refine-B no
     walk: FAIL 0 · WITHHELD 3 · PASS 0 · findings 4
     unit: FAIL 0 · WITHHELD 3 · PASS 0   ·   owned: FAIL 0 · WITHHELD 0 · PASS 3 (0 owned finding(s), 4 inherited)
     inherited (the SPINE's own, never counted against this pool): A3 · the band half is the refuter's · spine `TERRAIN: Desert` · "rather than soil" x 1
     inherited (the SPINE's own, never counted against this pool): Q · a second sentence naming no second field · spine `TERRAIN: Desert` · "The ground gives almost nothing and the town's whole economy is arrangement." x 1
     inherited (the SPINE's own, never counted against this pool): A3 · the band half is the refuter's · spine `TERRAIN: Desert` · "not the dryness but how thoroughly the town has organised itself around it" x 1
     inherited (the SPINE's own, never counted against this pool): Q · a second sentence naming no second field · spine `TERRAIN: Desert` · "Everybody in the town knows exactly what the making costs." x 1
     arm Q vocabulary REPORT (no arm changed): "The ground gives almost nothing and the town's whole economy is arrangement." against spine `TERRAIN: Desert` reads [text(terrainKey) (via TERRAIN_POOL_BY_KEY in economyStateProse.js)]
       NOT-EXECUTABLE: the recovered reading is the census's own synthetic table label and not a field path, so no text can claim it
       a word-level synonym table ships and was applied
     arm Q vocabulary REPORT (no arm changed): "Everybody in the town knows exactly what the making costs." against spine `TERRAIN: Desert` reads [text(terrainKey) (via TERRAIN_POOL_BY_KEY in economyStateProse.js)]
       NOT-EXECUTABLE: the recovered reading is the census's own synthetic table label and not a field path, so no text can claim it
       a word-level synonym table ships and was applied
     words per face: 23 · 20 · 17 (sentence form)
     sibling distance: #1 1 faces, 0 synonym swap(s) · #2 1 faces, 0 synonym swap(s) · #3 1 faces, 0 synonym swap(s)
     sibling SPREAD #1: NOT-EXECUTABLE: a distance needs two faces and this variant carries 1
     sibling SPREAD #2: NOT-EXECUTABLE: a distance needs two faces and this variant carries 1
     sibling SPREAD #3: NOT-EXECUTABLE: a distance needs two faces and this variant carries 1
     band position FACE grain (8 word-level metrics): mean distance from the exemplar median 0.259 band-widths · budget ok on 3/3 · depth ok on 3/3 · perfection-suspect 3 · distinct tuples 1 of 3 face(s)
     band position CORPUS grain (13 text-level metrics over 60 word(s)): exceeded 10/13 · share 0.769 · mean 1.44 · deepest shapes.antithesisRate 11.282 over
     provenance: 0 citation(s) · A13 rows 0

  ── DS-ECO-11 :: TERRAIN: Forest   [WITHHELD]  inBand YES
     variants 3 · faces 1/1/1 · attach 0 · units 3 · rate 1432 bp · departure 0
     rounds: draft 0 · refine-A no · refine-B no
     reported: band depth · shapes.participialOpenerRate (over) = 28.24 band-widths on 1 of 3 face(s) | DEPTH at most 1.75 band-widths on every face (REPORTED, refuses nothing — ADDENDUM 18 ruling 1)
     walk: FAIL 0 · WITHHELD 2 · PASS 1 · findings 3
     unit: FAIL 0 · WITHHELD 2 · PASS 1   ·   owned: FAIL 0 · WITHHELD 0 · PASS 3 (0 owned finding(s), 3 inherited)
     inherited (the SPINE's own, never counted against this pool): A3 · the band half is the refuter's · spine `TERRAIN: Forest` · "rather than country" x 1
     inherited (the SPINE's own, never counted against this pool): Q · a second sentence naming no second field · spine `TERRAIN: Forest` · "The fields here are clearings rather than country." x 1
     inherited (the SPINE's own, never counted against this pool): Q · a second sentence naming no second field · spine `TERRAIN: Forest` · "The town has arranged its light, its roads and its watch around them." x 1
     arm Q vocabulary REPORT (no arm changed): "The fields here are clearings rather than country." against spine `TERRAIN: Forest` reads [text(terrainKey) (via TERRAIN_POOL_BY_KEY in economyStateProse.js)]
       NOT-EXECUTABLE: the recovered reading is the census's own synthetic table label and not a field path, so no text can claim it
       a word-level synonym table ships and was applied
     arm Q vocabulary REPORT (no arm changed): "The town has arranged its light, its roads and its watch around them." against spine `TERRAIN: Forest` reads [text(terrainKey) (via TERRAIN_POOL_BY_KEY in economyStateProse.js)]
       NOT-EXECUTABLE: the recovered reading is the census's own synthetic table label and not a field path, so no text can claim it
       a word-level synonym table ships and was applied
     words per face: 19 · 22 · 17 (sentence form)
     sibling distance: #1 1 faces, 0 synonym swap(s) · #2 1 faces, 0 synonym swap(s) · #3 1 faces, 0 synonym swap(s)
     sibling SPREAD #1: NOT-EXECUTABLE: a distance needs two faces and this variant carries 1
     sibling SPREAD #2: NOT-EXECUTABLE: a distance needs two faces and this variant carries 1
     sibling SPREAD #3: NOT-EXECUTABLE: a distance needs two faces and this variant carries 1
     band position FACE grain (8 word-level metrics): mean distance from the exemplar median 1.457 band-widths · budget ok on 3/3 · depth ok on 2/3 · perfection-suspect 2 · distinct tuples 2 of 3 face(s)
     band position CORPUS grain (13 text-level metrics over 58 word(s)): exceeded 12/13 · share 0.923 · mean 1.373 · deepest shapes.antithesisRate 5.013 over
     provenance: 0 citation(s) · A13 rows 0

  ── DS-ECO-11 :: TERRAIN: Hills   [WITHHELD]  inBand YES
     variants 3 · faces 1/1/1 · attach 0 · units 3 · rate 1432 bp · departure 0
     rounds: draft 0 · refine-A no · refine-B no
     reported: band depth · punctuation.colonRate (over) = 6.987 band-widths on 1 of 3 face(s) | DEPTH at most 1.75 band-widths on every face (REPORTED, refuses nothing — ADDENDUM 18 ruling 1)
     walk: FAIL 0 · WITHHELD 2 · PASS 1 · findings 3
     unit: FAIL 0 · WITHHELD 2 · PASS 1   ·   owned: FAIL 0 · WITHHELD 0 · PASS 3 (0 owned finding(s), 3 inherited)
     inherited (the SPINE's own, never counted against this pool): Q · a second sentence naming no second field · spine `TERRAIN: Hills` · "The town has made a virtue of it." x 1
     inherited (the SPINE's own, never counted against this pool): Q · a second sentence naming no second field · spine `TERRAIN: Hills` · "The approaches are slow and the sightlines are long." x 1
     inherited (the SPINE's own, never counted against this pool): Q · a second sentence naming no second field · spine `TERRAIN: Hills` · "The town prices its carting accordingly." x 1
     arm Q vocabulary REPORT (no arm changed): "The town has made a virtue of it." against spine `TERRAIN: Hills` reads [text(terrainKey) (via TERRAIN_POOL_BY_KEY in economyStateProse.js)]
       NOT-EXECUTABLE: the recovered reading is the census's own synthetic table label and not a field path, so no text can claim it
       a word-level synonym table ships and was applied
     arm Q vocabulary REPORT (no arm changed): "The approaches are slow and the sightlines are long." against spine `TERRAIN: Hills` reads [text(terrainKey) (via TERRAIN_POOL_BY_KEY in economyStateProse.js)]
       NOT-EXECUTABLE: the recovered reading is the census's own synthetic table label and not a field path, so no text can claim it
       a word-level synonym table ships and was applied
     arm Q vocabulary REPORT (no arm changed): "The town prices its carting accordingly." against spine `TERRAIN: Hills` reads [text(terrainKey) (via TERRAIN_POOL_BY_KEY in economyStateProse.js)]
       NOT-EXECUTABLE: the recovered reading is the census's own synthetic table label and not a field path, so no text can claim it
       a word-level synonym table ships and was applied
     words per face: 20 · 22 · 15 (sentence form)
     sibling distance: #1 1 faces, 0 synonym swap(s) · #2 1 faces, 0 synonym swap(s) · #3 1 faces, 0 synonym swap(s)
     sibling SPREAD #1: NOT-EXECUTABLE: a distance needs two faces and this variant carries 1
     sibling SPREAD #2: NOT-EXECUTABLE: a distance needs two faces and this variant carries 1
     sibling SPREAD #3: NOT-EXECUTABLE: a distance needs two faces and this variant carries 1
     band position FACE grain (8 word-level metrics): mean distance from the exemplar median 0.568 band-widths · budget ok on 3/3 · depth ok on 2/3 · perfection-suspect 2 · distinct tuples 2 of 3 face(s)
     band position CORPUS grain (13 text-level metrics over 57 word(s)): exceeded 10/13 · share 0.769 · mean 0.696 · deepest openers.sameOpenerAsPreviousRate 2.5 over
     provenance: 0 citation(s) · A13 rows 0

  ── DS-ECO-11 :: TERRAIN: Mountains   [WITHHELD]  inBand YES
     variants 3 · faces 1/1/1 · attach 0 · units 3 · rate 1419 bp · departure 0
     rounds: draft 0 · refine-A no · refine-B no
     reported: band depth · punctuation.colonRate (over) = 6.987 band-widths on 1 of 3 face(s) | DEPTH at most 1.75 band-widths on every face (REPORTED, refuses nothing — ADDENDUM 18 ruling 1)
     reported: band depth · shapes.participialOpenerRate (over) = 28.24 band-widths on 1 of 3 face(s) | DEPTH at most 1.75 band-widths on every face (REPORTED, refuses nothing — ADDENDUM 18 ruling 1)
     walk: FAIL 0 · WITHHELD 2 · PASS 1 · findings 3
     unit: FAIL 0 · WITHHELD 2 · PASS 1   ·   owned: FAIL 0 · WITHHELD 0 · PASS 3 (0 owned finding(s), 3 inherited)
     inherited (the SPINE's own, never counted against this pool): A3 · the band half is the refuter's · spine `TERRAIN: Mountains` · "rather than off the ground" x 1
     inherited (the SPINE's own, never counted against this pool): Q · a second sentence naming no second field · spine `TERRAIN: Mountains` · "The season is short at both ends." x 1
     inherited (the SPINE's own, never counted against this pool): C3 · is this clause historical? · spine `TERRAIN: Mountains` · "The town sits in a place that had to be argued for: high, cold, and holding something worth t..." x 1
     arm Q vocabulary REPORT (no arm changed): "The season is short at both ends." against spine `TERRAIN: Mountains` reads [text(terrainKey) (via TERRAIN_POOL_BY_KEY in economyStateProse.js)]
       NOT-EXECUTABLE: the recovered reading is the census's own synthetic table label and not a field path, so no text can claim it
       a word-level synonym table ships and was applied
     words per face: 21 · 20 · 15 (sentence form)
     sibling distance: #1 1 faces, 0 synonym swap(s) · #2 1 faces, 0 synonym swap(s) · #3 1 faces, 0 synonym swap(s)
     sibling SPREAD #1: NOT-EXECUTABLE: a distance needs two faces and this variant carries 1
     sibling SPREAD #2: NOT-EXECUTABLE: a distance needs two faces and this variant carries 1
     sibling SPREAD #3: NOT-EXECUTABLE: a distance needs two faces and this variant carries 1
     band position FACE grain (8 word-level metrics): mean distance from the exemplar median 1.767 band-widths · budget ok on 3/3 · depth ok on 1/3 · perfection-suspect 1 · distinct tuples 3 of 3 face(s)
     band position CORPUS grain (13 text-level metrics over 56 word(s)): exceeded 11/13 · share 0.846 · mean 1.07 · deepest shapes.antithesisRate 6.58 over
     provenance: 0 citation(s) · A13 rows 0

  ── DS-ECO-11 :: TERRAIN: Plains   [WITHHELD]  inBand YES
     variants 3 · faces 1/1/1 · attach 0 · units 3 · rate 1432 bp · departure 0
     rounds: draft 0 · refine-A no · refine-B no
     walk: FAIL 0 · WITHHELD 3 · PASS 0 · findings 3
     unit: FAIL 0 · WITHHELD 3 · PASS 0   ·   owned: FAIL 0 · WITHHELD 0 · PASS 3 (0 owned finding(s), 3 inherited)
     inherited (the SPINE's own, never counted against this pool): Q · a second sentence naming no second field · spine `TERRAIN: Plains` · "The town's whole arrangement follows from that one fact." x 1
     inherited (the SPINE's own, never counted against this pool): Q · a second sentence naming no second field · spine `TERRAIN: Plains` · "It is good for a plough, good for a cart, and good for anything else that wants to reach the ..." x 1
     inherited (the SPINE's own, never counted against this pool): Q · a second sentence naming no second field · spine `TERRAIN: Plains` · "The town knows both halves of that." x 1
     arm Q vocabulary REPORT (no arm changed): "The town's whole arrangement follows from that one fact." against spine `TERRAIN: Plains` reads [text(terrainKey) (via TERRAIN_POOL_BY_KEY in economyStateProse.js)]
       NOT-EXECUTABLE: the recovered reading is the census's own synthetic table label and not a field path, so no text can claim it
       a word-level synonym table ships and was applied
     arm Q vocabulary REPORT (no arm changed): "It is good for a plough, good for a cart, and good for anything else that wants to reach the ..." against spine `TERRAIN: Plains` reads [text(terrainKey) (via TERRAIN_POOL_BY_KEY in economyStateProse.js)]
       NOT-EXECUTABLE: the recovered reading is the census's own synthetic table label and not a field path, so no text can claim it
       a word-level synonym table ships and was applied
     arm Q vocabulary REPORT (no arm changed): "The town knows both halves of that." against spine `TERRAIN: Plains` reads [text(terrainKey) (via TERRAIN_POOL_BY_KEY in economyStateProse.js)]
       NOT-EXECUTABLE: the recovered reading is the census's own synthetic table label and not a field path, so no text can claim it
       a word-level synonym table ships and was applied
     words per face: 18 · 30 · 22 (sentence form)
     sibling distance: #1 1 faces, 0 synonym swap(s) · #2 1 faces, 0 synonym swap(s) · #3 1 faces, 0 synonym swap(s)
     sibling SPREAD #1: NOT-EXECUTABLE: a distance needs two faces and this variant carries 1
     sibling SPREAD #2: NOT-EXECUTABLE: a distance needs two faces and this variant carries 1
     sibling SPREAD #3: NOT-EXECUTABLE: a distance needs two faces and this variant carries 1
     band position FACE grain (8 word-level metrics): mean distance from the exemplar median 0.259 band-widths · budget ok on 3/3 · depth ok on 3/3 · perfection-suspect 3 · distinct tuples 1 of 3 face(s)
     band position CORPUS grain (13 text-level metrics over 70 word(s)): exceeded 11/13 · share 0.846 · mean 1.164 · deepest shapes.thereIsOpenerRate 5.143 over
     provenance: 0 citation(s) · A13 rows 0

  ── DS-ECO-11 :: TERRAIN: River   [WITHHELD]  inBand YES
     variants 3 · faces 1/1/1 · attach 0 · units 3 · rate 1432 bp · departure 0
     rounds: draft 0 · refine-A no · refine-B no
     walk: FAIL 0 · WITHHELD 2 · PASS 1 · findings 4
     unit: FAIL 0 · WITHHELD 2 · PASS 1   ·   owned: FAIL 0 · WITHHELD 0 · PASS 3 (0 owned finding(s), 4 inherited)
     inherited (the SPINE's own, never counted against this pool): A3 · the band half is the refuter's · spine `TERRAIN: River` · "rather than around it" x 1
     inherited (the SPINE's own, never counted against this pool): Q · a second sentence naming no second field · spine `TERRAIN: River` · "The town's earnings divide along it rather than around it." x 1
     inherited (the SPINE's own, never counted against this pool): C3 · a route claim on a goods sentence · spine `TERRAIN: River` · "A stranger meets the town by walking upstream" x 1
     inherited (the SPINE's own, never counted against this pool): Q · a second sentence naming no second field · spine `TERRAIN: River` · "A stranger meets the town by walking upstream or down." x 1
     arm Q vocabulary REPORT (no arm changed): "The town's earnings divide along it rather than around it." against spine `TERRAIN: River` reads [text(terrainKey) (via TERRAIN_POOL_BY_KEY in economyStateProse.js)]
       NOT-EXECUTABLE: the recovered reading is the census's own synthetic table label and not a field path, so no text can claim it
       a word-level synonym table ships and was applied
     arm Q vocabulary REPORT (no arm changed): "A stranger meets the town by walking upstream or down." against spine `TERRAIN: River` reads [text(terrainKey) (via TERRAIN_POOL_BY_KEY in economyStateProse.js)]
       NOT-EXECUTABLE: the recovered reading is the census's own synthetic table label and not a field path, so no text can claim it
       a word-level synonym table ships and was applied
     words per face: 19 · 17 · 17 (sentence form)
     sibling distance: #1 1 faces, 0 synonym swap(s) · #2 1 faces, 0 synonym swap(s) · #3 1 faces, 0 synonym swap(s)
     sibling SPREAD #1: NOT-EXECUTABLE: a distance needs two faces and this variant carries 1
     sibling SPREAD #2: NOT-EXECUTABLE: a distance needs two faces and this variant carries 1
     sibling SPREAD #3: NOT-EXECUTABLE: a distance needs two faces and this variant carries 1
     band position FACE grain (8 word-level metrics): mean distance from the exemplar median 0.259 band-widths · budget ok on 3/3 · depth ok on 3/3 · perfection-suspect 3 · distinct tuples 1 of 3 face(s)
     band position CORPUS grain (13 text-level metrics over 53 word(s)): exceeded 11/13 · share 0.846 · mean 1.006 · deepest shapes.antithesisRate 5.013 over
     provenance: 0 citation(s) · A13 rows 0

  ── DS-ECO-11 :: TERRAIN: Swamp   [WITHHELD]  inBand YES
     variants 3 · faces 1/1/1 · attach 0 · units 3 · rate ABSENT · departure ABSENT
     rounds: draft 0 · refine-A no · refine-B no
     walk: FAIL 0 · WITHHELD 3 · PASS 0 · findings 4
     unit: FAIL 0 · WITHHELD 3 · PASS 0   ·   owned: FAIL 0 · WITHHELD 0 · PASS 3 (0 owned finding(s), 4 inherited)
     inherited (the SPINE's own, never counted against this pool): Q · a second sentence naming no second field · spine `TERRAIN: Swamp` · "Every trade the town has is shaped by that refusal." x 1
     inherited (the SPINE's own, never counted against this pool): A3 · the band half is the refuter's · spine `TERRAIN: Swamp` · "and not a mile in any direction." x 1
     inherited (the SPINE's own, never counted against this pool): Q · a second sentence naming no second field · spine `TERRAIN: Swamp` · "He understands immediately why the town is where it is and not a mile in any direction." x 1
     inherited (the SPINE's own, never counted against this pool): Q · a second sentence naming no second field · spine `TERRAIN: Swamp` · "The knowing is most of what the town sells." x 1
     arm Q vocabulary REPORT (no arm changed): "Every trade the town has is shaped by that refusal." against spine `TERRAIN: Swamp` reads [none recovered]
       NOT-EXECUTABLE: the wiring census recovered no reading for this pool, so there is no declared field set to reconcile the text against
       a word-level synonym table ships and was applied
     arm Q vocabulary REPORT (no arm changed): "He understands immediately why the town is where it is and not a mile in any direction." against spine `TERRAIN: Swamp` reads [none recovered]
       NOT-EXECUTABLE: the wiring census recovered no reading for this pool, so there is no declared field set to reconcile the text against
       a word-level synonym table ships and was applied
     arm Q vocabulary REPORT (no arm changed): "The knowing is most of what the town sells." against spine `TERRAIN: Swamp` reads [none recovered]
       NOT-EXECUTABLE: the wiring census recovered no reading for this pool, so there is no declared field set to reconcile the text against
       a word-level synonym table ships and was applied
     words per face: 24 · 27 · 20 (sentence form)
     sibling distance: #1 1 faces, 0 synonym swap(s) · #2 1 faces, 0 synonym swap(s) · #3 1 faces, 0 synonym swap(s)
     sibling SPREAD #1: NOT-EXECUTABLE: a distance needs two faces and this variant carries 1
     sibling SPREAD #2: NOT-EXECUTABLE: a distance needs two faces and this variant carries 1
     sibling SPREAD #3: NOT-EXECUTABLE: a distance needs two faces and this variant carries 1
     band position FACE grain (8 word-level metrics): mean distance from the exemplar median 0.259 band-widths · budget ok on 3/3 · depth ok on 3/3 · perfection-suspect 3 · distinct tuples 1 of 3 face(s)
     band position CORPUS grain (13 text-level metrics over 71 word(s)): exceeded 12/13 · share 0.923 · mean 0.658 · deepest runsOfThreeSameLengthBand 1.016 over
     provenance: 0 citation(s) · A13 rows 0

  ── DS-ECO-11 :: TERRAIN: Tundra   [WITHHELD]  inBand YES
     variants 3 · faces 1/1/1 · attach 0 · units 3 · rate ABSENT · departure ABSENT
     rounds: draft 0 · refine-A no · refine-B no
     walk: FAIL 0 · WITHHELD 3 · PASS 0 · findings 4
     unit: FAIL 0 · WITHHELD 3 · PASS 0   ·   owned: FAIL 0 · WITHHELD 0 · PASS 3 (0 owned finding(s), 4 inherited)
     inherited (the SPINE's own, never counted against this pool): Q · a second sentence naming no second field · spine `TERRAIN: Tundra` · "The town's accounts are really an argument about that ratio." x 1
     inherited (the SPINE's own, never counted against this pool): A3 · the band half is the refuter's · spine `TERRAIN: Tundra` · "rather than against anybody" x 1
     inherited (the SPINE's own, never counted against this pool): Q · a second sentence naming no second field · spine `TERRAIN: Tundra` · "The building shows in every wall a stranger passes." x 1
     inherited (the SPINE's own, never counted against this pool): Q · a second sentence naming no second field · spine `TERRAIN: Tundra` · "It does not think of that as pessimism." x 1
     arm Q vocabulary REPORT (no arm changed): "The town's accounts are really an argument about that ratio." against spine `TERRAIN: Tundra` reads [none recovered]
       NOT-EXECUTABLE: the wiring census recovered no reading for this pool, so there is no declared field set to reconcile the text against
       a word-level synonym table ships and was applied
     arm Q vocabulary REPORT (no arm changed): "The building shows in every wall a stranger passes." against spine `TERRAIN: Tundra` reads [none recovered]
       NOT-EXECUTABLE: the wiring census recovered no reading for this pool, so there is no declared field set to reconcile the text against
       a word-level synonym table ships and was applied
     arm Q vocabulary REPORT (no arm changed): "It does not think of that as pessimism." against spine `TERRAIN: Tundra` reads [none recovered]
       NOT-EXECUTABLE: the wiring census recovered no reading for this pool, so there is no declared field set to reconcile the text against
       a word-level synonym table ships and was applied
     words per face: 23 · 19 · 18 (sentence form)
     sibling distance: #1 1 faces, 0 synonym swap(s) · #2 1 faces, 0 synonym swap(s) · #3 1 faces, 0 synonym swap(s)
     sibling SPREAD #1: NOT-EXECUTABLE: a distance needs two faces and this variant carries 1
     sibling SPREAD #2: NOT-EXECUTABLE: a distance needs two faces and this variant carries 1
     sibling SPREAD #3: NOT-EXECUTABLE: a distance needs two faces and this variant carries 1
     band position FACE grain (8 word-level metrics): mean distance from the exemplar median 0.259 band-widths · budget ok on 3/3 · depth ok on 3/3 · perfection-suspect 3 · distinct tuples 1 of 3 face(s)
     band position CORPUS grain (13 text-level metrics over 60 word(s)): exceeded 12/13 · share 0.923 · mean 1.184 · deepest shapes.antithesisRate 5.013 over
     provenance: 0 citation(s) · A13 rows 0

  ── DS-ECO-11 :: TERRAIN: anything else (the default accent)   [WITHHELD]  inBand YES
     variants 3 · faces 1/1/1 · attach 0 · units 3 · rate ABSENT · departure ABSENT
     rounds: draft 0 · refine-A no · refine-B no
     walk: FAIL 0 · WITHHELD 3 · PASS 0 · findings 6
     unit: FAIL 0 · WITHHELD 3 · PASS 0   ·   owned: FAIL 0 · WITHHELD 0 · PASS 3 (0 owned finding(s), 6 inherited)
     inherited (the SPINE's own, never counted against this pool): A3 · the band half is the refuter's · spine `TERRAIN: anything else (the default accent)` · "rather than by being anywhere in particular" x 1
     inherited (the SPINE's own, never counted against this pool): Q · a second sentence naming no second field · spine `TERRAIN: anything else (the default accent)` · "What the town earns it earns by working it rather than by being anywhere in particular." x 1
     inherited (the SPINE's own, never counted against this pool): Q · a second sentence naming no second field · spine `TERRAIN: anything else (the default accent)` · "The town does." x 1
     inherited (the SPINE's own, never counted against this pool): C3 · is this clause historical? · spine `TERRAIN: anything else (the default accent)` · "The ground here is what it is. The town has never had cause to describe it further." x 1
     inherited (the SPINE's own, never counted against this pool): Q · a second sentence naming no second field · spine `TERRAIN: anything else (the default accent)` · "The town has never had cause to describe it further." x 1
     inherited (the SPINE's own, never counted against this pool): X · exhaustivity over an open column · spine `TERRAIN: anything else (the default accent)` · "The ground here is what it is." x 1
     arm Q vocabulary REPORT (no arm changed): "What the town earns it earns by working it rather than by being anywhere in particular." against spine `TERRAIN: anything else (the default accent)` reads [none recovered]
       NOT-EXECUTABLE: the wiring census recovered no reading for this pool, so there is no declared field set to reconcile the text against
       a word-level synonym table ships and was applied
     arm Q vocabulary REPORT (no arm changed): "The town does." against spine `TERRAIN: anything else (the default accent)` reads [none recovered]
       NOT-EXECUTABLE: the wiring census recovered no reading for this pool, so there is no declared field set to reconcile the text against
       a word-level synonym table ships and was applied
     arm Q vocabulary REPORT (no arm changed): "The town has never had cause to describe it further." against spine `TERRAIN: anything else (the default accent)` reads [none recovered]
       NOT-EXECUTABLE: the wiring census recovered no reading for this pool, so there is no declared field set to reconcile the text against
       a word-level synonym table ships and was applied
     words per face: 23 · 9 · 17 (sentence form)
     sibling distance: #1 1 faces, 0 synonym swap(s) · #2 1 faces, 0 synonym swap(s) · #3 1 faces, 0 synonym swap(s)
     sibling SPREAD #1: NOT-EXECUTABLE: a distance needs two faces and this variant carries 1
     sibling SPREAD #2: NOT-EXECUTABLE: a distance needs two faces and this variant carries 1
     sibling SPREAD #3: NOT-EXECUTABLE: a distance needs two faces and this variant carries 1
     band position FACE grain (8 word-level metrics): mean distance from the exemplar median 0.259 band-widths · budget ok on 3/3 · depth ok on 3/3 · perfection-suspect 3 · distinct tuples 1 of 3 face(s)
     band position CORPUS grain (13 text-level metrics over 49 word(s)): exceeded 11/13 · share 0.846 · mean 1.039 · deepest shapes.antithesisRate 3.969 over
     provenance: 0 citation(s) · A13 rows 0

  ── DS-ECO-12 :: INCOME MIX: a broad spread, no leader   [WITHHELD]  inBand YES
     variants 3 · faces 1/1/1 · attach 0 · units 3 · rate 521 bp · departure 1
     rounds: draft 0 · refine-A no · refine-B no
     walk: FAIL 0 · WITHHELD 2 · PASS 1 · findings 2
     unit: FAIL 0 · WITHHELD 2 · PASS 1   ·   owned: FAIL 0 · WITHHELD 0 · PASS 3 (0 owned finding(s), 2 inherited)
     inherited (the SPINE's own, never counted against this pool): Q · a second sentence naming no second field · spine `INCOME MIX: a broad spread, no leader` · "The reason is that the town is not for any one thing." x 1
     inherited (the SPINE's own, never counted against this pool): Q · a second sentence naming no second field · spine `INCOME MIX: a broad spread, no leader` · "That is a different exposure from the obvious one." x 1
     arm Q vocabulary REPORT (no arm changed): "The reason is that the town is not for any one thing." against spine `INCOME MIX: a broad spread, no leader` reads [eco.incomeSources, eco.incomeSources.length, eco.incomeSources.reduce]
       maps to no field — the clause names no field the spine declares it reads, under the vocabulary the census supplies
       a word-level synonym table ships and was applied
     arm Q vocabulary REPORT (no arm changed): "That is a different exposure from the obvious one." against spine `INCOME MIX: a broad spread, no leader` reads [eco.incomeSources, eco.incomeSources.length, eco.incomeSources.reduce]
       maps to no field — the clause names no field the spine declares it reads, under the vocabulary the census supplies
       a word-level synonym table ships and was applied
     words per face: 23 · 20 · 22 (sentence form)
     sibling distance: #1 1 faces, 0 synonym swap(s) · #2 1 faces, 0 synonym swap(s) · #3 1 faces, 0 synonym swap(s)
     sibling SPREAD #1: NOT-EXECUTABLE: a distance needs two faces and this variant carries 1
     sibling SPREAD #2: NOT-EXECUTABLE: a distance needs two faces and this variant carries 1
     sibling SPREAD #3: NOT-EXECUTABLE: a distance needs two faces and this variant carries 1
     band position FACE grain (8 word-level metrics): mean distance from the exemplar median 0.259 band-widths · budget ok on 3/3 · depth ok on 3/3 · perfection-suspect 3 · distinct tuples 1 of 3 face(s)
     band position CORPUS grain (13 text-level metrics over 65 word(s)): exceeded 10/13 · share 0.769 · mean 0.407 · deepest shapes.antithesisRate 0.257 under
     provenance: 0 citation(s) · A13 rows 0

  ── DS-ECO-12 :: INCOME MIX: a criminal line is present   [WITHHELD]  inBand YES
     variants 3 · faces 1/1/1 · attach 0 · units 3 · rate 938 bp · departure 1
     rounds: draft 0 · refine-A no · refine-B no
     walk: FAIL 0 · WITHHELD 2 · PASS 1 · findings 2
     unit: FAIL 0 · WITHHELD 2 · PASS 1   ·   owned: FAIL 0 · WITHHELD 0 · PASS 3 (0 owned finding(s), 2 inherited)
     inherited (the SPINE's own, never counted against this pool): F25 · a cited record's content · spine `INCOME MIX: a criminal line is present` · "The books show" x 1
     inherited (the SPINE's own, never counted against this pool): Q · a second sentence naming no second field · spine `INCOME MIX: a criminal line is present` · "The town's ordinary trades compete against it without being told." x 1
     arm Q vocabulary REPORT (no arm changed): "The town's ordinary trades compete against it without being told." against spine `INCOME MIX: a criminal line is present` reads [eco.incomeSources, eco.incomeSources.filter]
       maps to no field — the clause names no field the spine declares it reads, under the vocabulary the census supplies
       a word-level synonym table ships and was applied
     words per face: 32 · 21 · 21 (sentence form)
     sibling distance: #1 1 faces, 0 synonym swap(s) · #2 1 faces, 0 synonym swap(s) · #3 1 faces, 0 synonym swap(s)
     sibling SPREAD #1: NOT-EXECUTABLE: a distance needs two faces and this variant carries 1
     sibling SPREAD #2: NOT-EXECUTABLE: a distance needs two faces and this variant carries 1
     sibling SPREAD #3: NOT-EXECUTABLE: a distance needs two faces and this variant carries 1
     band position FACE grain (8 word-level metrics): mean distance from the exemplar median 0.259 band-widths · budget ok on 3/3 · depth ok on 3/3 · perfection-suspect 3 · distinct tuples 1 of 3 face(s)
     band position CORPUS grain (13 text-level metrics over 74 word(s)): exceeded 13/13 · share 1 · mean 1.244 · deepest shapes.antithesisRate 5.013 over
     provenance: 0 citation(s) · A13 rows 0

  ── DS-ECO-12 :: INCOME MIX: one source carries the town   [WITHHELD]  inBand YES
     variants 3 · faces 1/1/1 · attach 0 · units 3 · rate 4753 bp · departure 0
     rounds: draft 0 · refine-A no · refine-B no
     reported: band depth · shapes.participialOpenerRate (over) = 8.746 band-widths on 1 of 3 face(s) | DEPTH at most 1.75 band-widths on every face (REPORTED, refuses nothing — ADDENDUM 18 ruling 1)
     walk: FAIL 0 · WITHHELD 3 · PASS 0 · findings 6
     unit: FAIL 0 · WITHHELD 3 · PASS 0   ·   owned: FAIL 0 · WITHHELD 0 · PASS 3 (0 owned finding(s), 6 inherited)
     inherited (the SPINE's own, never counted against this pool): Q · a second sentence naming no second field · spine `INCOME MIX: one source carries the town` · "The accounts have no second column worth the name." x 1
     inherited (the SPINE's own, never counted against this pool): A3 · the band half is the refuter's · spine `INCOME MIX: one source carries the town` · "or not they work in it." x 1
     inherited (the SPINE's own, never counted against this pool): C3 · a route claim on a goods sentence · spine `INCOME MIX: one source carries the town` · "Everybody's living is downstream of it whether" x 1
     inherited (the SPINE's own, never counted against this pool): Q · a second sentence naming no second field · spine `INCOME MIX: one source carries the town` · "Everybody's living is downstream of it whether or not they work in it." x 1
     inherited (the SPINE's own, never counted against this pool): Q · a second sentence naming no second field · spine `INCOME MIX: one source carries the town` · "Nothing about that is failing." x 1
     inherited (the SPINE's own, never counted against this pool): Q · a second sentence naming no second field · spine `INCOME MIX: one source carries the town` · "Everything about the town's next hard season depends on it not failing." x 1
     arm Q vocabulary REPORT (no arm changed): "The accounts have no second column worth the name." against spine `INCOME MIX: one source carries the town` reads [eco.incomeSources, eco.incomeSources.length, eco.incomeSources.reduce]
       maps to no field — the clause names no field the spine declares it reads, under the vocabulary the census supplies
       a word-level synonym table ships and was applied
     arm Q vocabulary REPORT (no arm changed): "Everybody's living is downstream of it whether or not they work in it." against spine `INCOME MIX: one source carries the town` reads [eco.incomeSources, eco.incomeSources.length, eco.incomeSources.reduce]
       maps to no field — the clause names no field the spine declares it reads, under the vocabulary the census supplies
       a word-level synonym table ships and was applied
     arm Q vocabulary REPORT (no arm changed): "Nothing about that is failing." against spine `INCOME MIX: one source carries the town` reads [eco.incomeSources, eco.incomeSources.length, eco.incomeSources.reduce]
       maps to no field — the clause names no field the spine declares it reads, under the vocabulary the census supplies
       a word-level synonym table ships and was applied
     arm Q vocabulary REPORT (no arm changed): "Everything about the town's next hard season depends on it not failing." against spine `INCOME MIX: one source carries the town` reads [eco.incomeSources, eco.incomeSources.length, eco.incomeSources.reduce]
       maps to no field — the clause names no field the spine declares it reads, under the vocabulary the census supplies
       a word-level synonym table ships and was applied
     words per face: 21 · 22 · 22 (sentence form)
     sibling distance: #1 1 faces, 0 synonym swap(s) · #2 1 faces, 0 synonym swap(s) · #3 1 faces, 0 synonym swap(s)
     sibling SPREAD #1: NOT-EXECUTABLE: a distance needs two faces and this variant carries 1
     sibling SPREAD #2: NOT-EXECUTABLE: a distance needs two faces and this variant carries 1
     sibling SPREAD #3: NOT-EXECUTABLE: a distance needs two faces and this variant carries 1
     band position FACE grain (8 word-level metrics): mean distance from the exemplar median 0.645 band-widths · budget ok on 3/3 · depth ok on 2/3 · perfection-suspect 2 · distinct tuples 2 of 3 face(s)
     band position CORPUS grain (13 text-level metrics over 65 word(s)): exceeded 10/13 · share 0.769 · mean 0.604 · deepest shapes.thereIsOpenerRate 2.057 over
     provenance: 0 citation(s) · A13 rows 0

  ── DS-ECO-12 :: INCOME MIX: the criminal line leads   [WITHHELD]  inBand YES
     variants 3 · faces 1/1/1 · attach 0 · units 3 · rate 195 bp · departure 1
     rounds: draft 0 · refine-A no · refine-B no
     walk: FAIL 0 · WITHHELD 2 · PASS 1 · findings 4
     unit: FAIL 0 · WITHHELD 2 · PASS 1   ·   owned: FAIL 0 · WITHHELD 0 · PASS 3 (0 owned finding(s), 4 inherited)
     inherited (the SPINE's own, never counted against this pool): Q · a second sentence naming no second field · spine `INCOME MIX: the criminal line leads` · "Every lawful trade in the town is priced against it." x 1
     inherited (the SPINE's own, never counted against this pool): X · exhaustivity over an open column · spine `INCOME MIX: the criminal line leads` · "The largest single earner at {settlement} is the one that is not written down." x 1
     inherited (the SPINE's own, never counted against this pool): Q · a second sentence naming no second field · spine `INCOME MIX: the criminal line leads` · "The naming is what would cost somebody." x 1
     inherited (the SPINE's own, never counted against this pool): X · exhaustivity over an open column · spine `INCOME MIX: the criminal line leads` · "The naming is what would cost somebody." x 1
     arm Q vocabulary REPORT (no arm changed): "Every lawful trade in the town is priced against it." against spine `INCOME MIX: the criminal line leads` reads [eco.incomeSources, eco.incomeSources.filter]
       maps to no field — the clause names no field the spine declares it reads, under the vocabulary the census supplies
       a word-level synonym table ships and was applied
     arm Q vocabulary REPORT (no arm changed): "The naming is what would cost somebody." against spine `INCOME MIX: the criminal line leads` reads [eco.incomeSources, eco.incomeSources.filter]
       maps to no field — the clause names no field the spine declares it reads, under the vocabulary the census supplies
       a word-level synonym table ships and was applied
     words per face: 24 · 22 · 23 (sentence form)
     sibling distance: #1 1 faces, 0 synonym swap(s) · #2 1 faces, 0 synonym swap(s) · #3 1 faces, 0 synonym swap(s)
     sibling SPREAD #1: NOT-EXECUTABLE: a distance needs two faces and this variant carries 1
     sibling SPREAD #2: NOT-EXECUTABLE: a distance needs two faces and this variant carries 1
     sibling SPREAD #3: NOT-EXECUTABLE: a distance needs two faces and this variant carries 1
     band position FACE grain (8 word-level metrics): mean distance from the exemplar median 0.259 band-widths · budget ok on 3/3 · depth ok on 3/3 · perfection-suspect 3 · distinct tuples 1 of 3 face(s)
     band position CORPUS grain (13 text-level metrics over 69 word(s)): exceeded 10/13 · share 0.769 · mean 0.472 · deepest closers.pronounRate 1.054 over
     provenance: 0 citation(s) · A13 rows 0

  ── DS-ECO-12 :: INCOME MIX: two or three sources between them   [WITHHELD]  inBand YES
     variants 3 · faces 1/1/1 · attach 0 · units 3 · rate 4727 bp · departure 0
     rounds: draft 0 · refine-A no · refine-B no
     walk: FAIL 0 · WITHHELD 2 · PASS 1 · findings 2
     unit: FAIL 0 · WITHHELD 2 · PASS 1   ·   owned: FAIL 0 · WITHHELD 0 · PASS 3 (0 owned finding(s), 2 inherited)
     inherited (the SPINE's own, never counted against this pool): A3 · the band half is the refuter's · spine `INCOME MIX: two or three sources between them` · "rather than an answer" x 1
     inherited (the SPINE's own, never counted against this pool): Q · a second sentence naming no second field · spine `INCOME MIX: two or three sources between them` · "The town's politics are quieter for it." x 1
     arm Q vocabulary REPORT (no arm changed): "The town's politics are quieter for it." against spine `INCOME MIX: two or three sources between them` reads [eco.incomeSources, eco.incomeSources.length, eco.incomeSources.reduce]
       maps to no field — the clause names no field the spine declares it reads, under the vocabulary the census supplies
       a word-level synonym table ships and was applied
     words per face: 21 · 17 · 20 (sentence form)
     sibling distance: #1 1 faces, 0 synonym swap(s) · #2 1 faces, 0 synonym swap(s) · #3 1 faces, 0 synonym swap(s)
     sibling SPREAD #1: NOT-EXECUTABLE: a distance needs two faces and this variant carries 1
     sibling SPREAD #2: NOT-EXECUTABLE: a distance needs two faces and this variant carries 1
     sibling SPREAD #3: NOT-EXECUTABLE: a distance needs two faces and this variant carries 1
     band position FACE grain (8 word-level metrics): mean distance from the exemplar median 0.259 band-widths · budget ok on 3/3 · depth ok on 3/3 · perfection-suspect 3 · distinct tuples 1 of 3 face(s)
     band position CORPUS grain (13 text-level metrics over 58 word(s)): exceeded 10/13 · share 0.769 · mean 0.904 · deepest shapes.antithesisRate 5.013 over
     provenance: 0 citation(s) · A13 rows 0

  ── DS-ECO-12 :: TRADE PROFILE: exports and imports both present   [WITHHELD]  inBand YES
     variants 3 · faces 1/1/1 · attach 0 · units 3 · rate 6888 bp · departure 0
     rounds: draft 0 · refine-A no · refine-B no
     walk: FAIL 0 · WITHHELD 2 · PASS 1 · findings 2
     unit: FAIL 0 · WITHHELD 2 · PASS 1   ·   owned: FAIL 0 · WITHHELD 0 · PASS 3 (0 owned finding(s), 2 inherited)
     inherited (the SPINE's own, never counted against this pool): Q · a second sentence naming no second field · spine `TRADE PROFILE: exports and imports both present` · "The two columns are the whole of the town's dealings with the world." x 1
     inherited (the SPINE's own, never counted against this pool): Q · a second sentence naming no second field · spine `TRADE PROFILE: exports and imports both present` · "It does not distinguish them for a stranger's benefit." x 1
     arm Q vocabulary REPORT (no arm changed): "The two columns are the whole of the town's dealings with the world." against spine `TRADE PROFILE: exports and imports both present` reads [eco, eco.isEntrepot, eco.localProduction, eco.primaryExports, eco.primaryImports]
       maps to no field — the clause names no field the spine declares it reads, under the vocabulary the census supplies
       a word-level synonym table ships and was applied
     arm Q vocabulary REPORT (no arm changed): "It does not distinguish them for a stranger's benefit." against spine `TRADE PROFILE: exports and imports both present` reads [eco, eco.isEntrepot, eco.localProduction, eco.primaryExports, eco.primaryImports]
       maps to no field — the clause names no field the spine declares it reads, under the vocabulary the census supplies
       a word-level synonym table ships and was applied
     words per face: 22 · 14 · 26 (sentence form)
     sibling distance: #1 1 faces, 0 synonym swap(s) · #2 1 faces, 0 synonym swap(s) · #3 1 faces, 0 synonym swap(s)
     sibling SPREAD #1: NOT-EXECUTABLE: a distance needs two faces and this variant carries 1
     sibling SPREAD #2: NOT-EXECUTABLE: a distance needs two faces and this variant carries 1
     sibling SPREAD #3: NOT-EXECUTABLE: a distance needs two faces and this variant carries 1
     band position FACE grain (8 word-level metrics): mean distance from the exemplar median 0.259 band-widths · budget ok on 3/3 · depth ok on 3/3 · perfection-suspect 3 · distinct tuples 1 of 3 face(s)
     band position CORPUS grain (13 text-level metrics over 62 word(s)): exceeded 13/13 · share 1 · mean 0.586 · deepest runsOfThreeSameLengthBand 0.754 over
     provenance: 0 citation(s) · A13 rows 0

  ── DS-ECO-12 :: TRADE PROFILE: imports only, nothing outward   [WITHHELD]  inBand YES
     variants 3 · faces 1/1/1 · attach 0 · units 3 · rate 208 bp · departure 1
     rounds: draft 0 · refine-A no · refine-B no
     walk: FAIL 0 · WITHHELD 3 · PASS 0 · findings 3
     unit: FAIL 0 · WITHHELD 3 · PASS 0   ·   owned: FAIL 0 · WITHHELD 0 · PASS 3 (0 owned finding(s), 3 inherited)
     inherited (the SPINE's own, never counted against this pool): Q · a second sentence naming no second field · spine `TRADE PROFILE: imports only, nothing outward` · "What pays for the difference is not in the trade columns." x 1
     inherited (the SPINE's own, never counted against this pool): Q · a second sentence naming no second field · spine `TRADE PROFILE: imports only, nothing outward` · "The arrangement holds exactly as long as whatever is paying for it holds." x 1
     inherited (the SPINE's own, never counted against this pool): Q · a second sentence naming no second field · spine `TRADE PROFILE: imports only, nothing outward` · "Everybody here can name what the difference is bought with." x 1
     arm Q vocabulary REPORT (no arm changed): "What pays for the difference is not in the trade columns." against spine `TRADE PROFILE: imports only, nothing outward` reads [eco, eco.isEntrepot, eco.localProduction, eco.primaryExports, eco.primaryImports]
       maps to no field — the clause names no field the spine declares it reads, under the vocabulary the census supplies
       a word-level synonym table ships and was applied
     arm Q vocabulary REPORT (no arm changed): "The arrangement holds exactly as long as whatever is paying for it holds." against spine `TRADE PROFILE: imports only, nothing outward` reads [eco, eco.isEntrepot, eco.localProduction, eco.primaryExports, eco.primaryImports]
       maps to no field — the clause names no field the spine declares it reads, under the vocabulary the census supplies
       a word-level synonym table ships and was applied
     arm Q vocabulary REPORT (no arm changed): "Everybody here can name what the difference is bought with." against spine `TRADE PROFILE: imports only, nothing outward` reads [eco, eco.isEntrepot, eco.localProduction, eco.primaryExports, eco.primaryImports]
       maps to no field — the clause names no field the spine declares it reads, under the vocabulary the census supplies
       a word-level synonym table ships and was applied
     words per face: 18 · 23 · 18 (sentence form)
     sibling distance: #1 1 faces, 0 synonym swap(s) · #2 1 faces, 0 synonym swap(s) · #3 1 faces, 0 synonym swap(s)
     sibling SPREAD #1: NOT-EXECUTABLE: a distance needs two faces and this variant carries 1
     sibling SPREAD #2: NOT-EXECUTABLE: a distance needs two faces and this variant carries 1
     sibling SPREAD #3: NOT-EXECUTABLE: a distance needs two faces and this variant carries 1
     band position FACE grain (8 word-level metrics): mean distance from the exemplar median 0.259 band-widths · budget ok on 3/3 · depth ok on 3/3 · perfection-suspect 3 · distinct tuples 1 of 3 face(s)
     band position CORPUS grain (13 text-level metrics over 59 word(s)): exceeded 10/13 · share 0.769 · mean 0.562 · deepest closers.pronounRate 0.671 over
     provenance: 0 citation(s) · A13 rows 0

  ── DS-ECO-12 :: TRADE PROFILE: isEntrepot, transit goods marked among the exports   [WITHHELD]  inBand YES
     variants 3 · faces 1/1/1 · attach 0 · units 3 · rate 299 bp · departure 1
     rounds: draft 0 · refine-A no · refine-B no
     walk: FAIL 0 · WITHHELD 3 · PASS 0 · findings 6
     unit: FAIL 0 · WITHHELD 3 · PASS 0   ·   owned: FAIL 0 · WITHHELD 0 · PASS 3 (0 owned finding(s), 6 inherited)
     inherited (the SPINE's own, never counted against this pool): C3 · is this clause historical? · spine `TRADE PROFILE: isEntrepot, transit goods marked among the exports` · "was counted" x 1
     inherited (the SPINE's own, never counted against this pool): Q · a second sentence naming no second field · spine `TRADE PROFILE: isEntrepot, transit goods marked among the exports` · "It arrived, was counted, and went on." x 1
     inherited (the SPINE's own, never counted against this pool): Q · a second sentence naming no second field · spine `TRADE PROFILE: isEntrepot, transit goods marked among the exports` · "The earnings are in the counting." x 1
     inherited (the SPINE's own, never counted against this pool): Q · a second sentence naming no second field · spine `TRADE PROFILE: isEntrepot, transit goods marked among the exports` · "The difference is what passes through." x 1
     inherited (the SPINE's own, never counted against this pool): X · exhaustivity over an open column · spine `TRADE PROFILE: isEntrepot, transit goods marked among the exports` · "The difference is what passes through." x 1
     inherited (the SPINE's own, never counted against this pool): Q · a second sentence naming no second field · spine `TRADE PROFILE: isEntrepot, transit goods marked among the exports` · "Its part of the business is the yard and the road." x 1
     arm Q vocabulary REPORT (no arm changed): "It arrived, was counted, and went on." against spine `TRADE PROFILE: isEntrepot, transit goods marked among the exports` reads [eco, eco.isEntrepot, eco.localProduction, eco.primaryExports, eco.primaryImports]
       maps to no field — the clause names no field the spine declares it reads, under the vocabulary the census supplies
       a word-level synonym table ships and was applied
     arm Q vocabulary REPORT (no arm changed): "The earnings are in the counting." against spine `TRADE PROFILE: isEntrepot, transit goods marked among the exports` reads [eco, eco.isEntrepot, eco.localProduction, eco.primaryExports, eco.primaryImports]
       maps to no field — the clause names no field the spine declares it reads, under the vocabulary the census supplies
       a word-level synonym table ships and was applied
     arm Q vocabulary REPORT (no arm changed): "The difference is what passes through." against spine `TRADE PROFILE: isEntrepot, transit goods marked among the exports` reads [eco, eco.isEntrepot, eco.localProduction, eco.primaryExports, eco.primaryImports]
       maps to no field — the clause names no field the spine declares it reads, under the vocabulary the census supplies
       a word-level synonym table ships and was applied
     arm Q vocabulary REPORT (no arm changed): "Its part of the business is the yard and the road." against spine `TRADE PROFILE: isEntrepot, transit goods marked among the exports` reads [eco, eco.isEntrepot, eco.localProduction, eco.primaryExports, eco.primaryImports]
       maps to no field — the clause names no field the spine declares it reads, under the vocabulary the census supplies
       a word-level synonym table ships and was applied
     words per face: 26 · 20 · 25 (sentence form)
     sibling distance: #1 1 faces, 0 synonym swap(s) · #2 1 faces, 0 synonym swap(s) · #3 1 faces, 0 synonym swap(s)
     sibling SPREAD #1: NOT-EXECUTABLE: a distance needs two faces and this variant carries 1
     sibling SPREAD #2: NOT-EXECUTABLE: a distance needs two faces and this variant carries 1
     sibling SPREAD #3: NOT-EXECUTABLE: a distance needs two faces and this variant carries 1
     band position FACE grain (8 word-level metrics): mean distance from the exemplar median 0.259 band-widths · budget ok on 3/3 · depth ok on 3/3 · perfection-suspect 3 · distinct tuples 1 of 3 face(s)
     band position CORPUS grain (13 text-level metrics over 71 word(s)): exceeded 12/13 · share 0.923 · mean 0.623 · deepest openers.sameOpenerAsPreviousRate 0.893 over
     provenance: 0 citation(s) · A13 rows 0

  ── DS-ECO-12 :: TRADE PROFILE: local production listed   [WITHHELD]  inBand YES
     variants 3 · faces 1/1/1 · attach 0 · units 3 · rate 690 bp · departure 1
     rounds: draft 0 · refine-A no · refine-B no
     walk: FAIL 0 · WITHHELD 3 · PASS 0 · findings 3
     unit: FAIL 0 · WITHHELD 3 · PASS 0   ·   owned: FAIL 0 · WITHHELD 0 · PASS 3 (0 owned finding(s), 3 inherited)
     inherited (the SPINE's own, never counted against this pool): Q · a second sentence naming no second field · spine `TRADE PROFILE: local production listed` · "It never appears in either trade column." x 1
     inherited (the SPINE's own, never counted against this pool): C3 · is this clause historical? · spine `TRADE PROFILE: local production listed` · "Much of what a stranger buys at {settlement} was made within sight of where it is sold." x 1
     inherited (the SPINE's own, never counted against this pool): Q · a second sentence naming no second field · spine `TRADE PROFILE: local production listed` · "That is the arrangement of most towns, and it is worth stating plainly." x 1
     arm Q vocabulary REPORT (no arm changed): "It never appears in either trade column." against spine `TRADE PROFILE: local production listed` reads [eco, eco.isEntrepot, eco.localProduction, eco.primaryExports, eco.primaryImports]
       maps to no field — the clause names no field the spine declares it reads, under the vocabulary the census supplies
       a word-level synonym table ships and was applied
     arm Q vocabulary REPORT (no arm changed): "That is the arrangement of most towns, and it is worth stating plainly." against spine `TRADE PROFILE: local production listed` reads [eco, eco.isEntrepot, eco.localProduction, eco.primaryExports, eco.primaryImports]
       maps to no field — the clause names no field the spine declares it reads, under the vocabulary the census supplies
       a word-level synonym table ships and was applied
     words per face: 20 · 17 · 25 (sentence form)
     sibling distance: #1 1 faces, 0 synonym swap(s) · #2 1 faces, 0 synonym swap(s) · #3 1 faces, 0 synonym swap(s)
     sibling SPREAD #1: NOT-EXECUTABLE: a distance needs two faces and this variant carries 1
     sibling SPREAD #2: NOT-EXECUTABLE: a distance needs two faces and this variant carries 1
     sibling SPREAD #3: NOT-EXECUTABLE: a distance needs two faces and this variant carries 1
     band position FACE grain (8 word-level metrics): mean distance from the exemplar median 0.259 band-widths · budget ok on 3/3 · depth ok on 3/3 · perfection-suspect 3 · distinct tuples 1 of 3 face(s)
     band position CORPUS grain (13 text-level metrics over 62 word(s)): exceeded 10/13 · share 0.769 · mean 0.396 · deepest shapes.antithesisRate 0.257 under
     provenance: 0 citation(s) · A13 rows 0

  ── DS-ECO-12 :: TRADE PROFILE: no significant exports   [WITHHELD]  inBand YES
     variants 3 · faces 1/1/1 · attach 0 · units 3 · rate 1914 bp · departure 0
     rounds: draft 0 · refine-A no · refine-B no
     walk: FAIL 0 · WITHHELD 3 · PASS 0 · findings 6
     unit: FAIL 0 · WITHHELD 3 · PASS 0   ·   owned: FAIL 0 · WITHHELD 0 · PASS 3 (0 owned finding(s), 6 inherited)
     inherited (the SPINE's own, never counted against this pool): A3 · the band half is the refuter's · spine `TRADE PROFILE: no significant exports` · "rather than thin" x 1
     inherited (the SPINE's own, never counted against this pool): Q · a second sentence naming no second field · spine `TRADE PROFILE: no significant exports` · "What the town makes, the town uses." x 1
     inherited (the SPINE's own, never counted against this pool): Q · a second sentence naming no second field · spine `TRADE PROFILE: no significant exports` · "The outward column is empty rather than thin." x 1
     inherited (the SPINE's own, never counted against this pool): A3 · the band half is the refuter's · spine `TRADE PROFILE: no significant exports` · "and not many of those." x 1
     inherited (the SPINE's own, never counted against this pool): C3 · is this clause historical? · spine `TRADE PROFILE: no significant exports` · "{settlement} produces enough to feed and clothe itself and sells none of it. That is a decisi..." x 1
     inherited (the SPINE's own, never counted against this pool): Q · a second sentence naming no second field · spine `TRADE PROFILE: no significant exports` · "That is a decision the town has never had to revisit." x 1
     arm Q vocabulary REPORT (no arm changed): "What the town makes, the town uses." against spine `TRADE PROFILE: no significant exports` reads [eco, eco.isEntrepot, eco.localProduction, eco.primaryExports, eco.primaryImports]
       maps to no field — the clause names no field the spine declares it reads, under the vocabulary the census supplies
       a word-level synonym table ships and was applied
     arm Q vocabulary REPORT (no arm changed): "The outward column is empty rather than thin." against spine `TRADE PROFILE: no significant exports` reads [eco, eco.isEntrepot, eco.localProduction, eco.primaryExports, eco.primaryImports]
       maps to no field — the clause names no field the spine declares it reads, under the vocabulary the census supplies
       a word-level synonym table ships and was applied
     arm Q vocabulary REPORT (no arm changed): "That is a decision the town has never had to revisit." against spine `TRADE PROFILE: no significant exports` reads [eco, eco.isEntrepot, eco.localProduction, eco.primaryExports, eco.primaryImports]
       maps to no field — the clause names no field the spine declares it reads, under the vocabulary the census supplies
       a word-level synonym table ships and was applied
     words per face: 21 · 11 · 24 (sentence form)
     sibling distance: #1 1 faces, 0 synonym swap(s) · #2 1 faces, 0 synonym swap(s) · #3 1 faces, 0 synonym swap(s)
     sibling SPREAD #1: NOT-EXECUTABLE: a distance needs two faces and this variant carries 1
     sibling SPREAD #2: NOT-EXECUTABLE: a distance needs two faces and this variant carries 1
     sibling SPREAD #3: NOT-EXECUTABLE: a distance needs two faces and this variant carries 1
     band position FACE grain (8 word-level metrics): mean distance from the exemplar median 0.259 band-widths · budget ok on 3/3 · depth ok on 3/3 · perfection-suspect 3 · distinct tuples 1 of 3 face(s)
     band position CORPUS grain (13 text-level metrics over 56 word(s)): exceeded 12/13 · share 0.923 · mean 0.997 · deepest shapes.antithesisRate 5.013 over
     provenance: 0 citation(s) · A13 rows 0

  ── DS-ECO-2 :: FOOD: balanced   [WITHHELD]  inBand YES
     variants 3 · faces 1/1/1 · attach 0 · units 3 · rate 130 bp · departure 1
     rounds: draft 0 · refine-A no · refine-B no
     walk: FAIL 0 · WITHHELD 3 · PASS 0 · findings 5
     unit: FAIL 0 · WITHHELD 3 · PASS 0   ·   owned: FAIL 0 · WITHHELD 0 · PASS 3 (0 owned finding(s), 5 inherited)
     inherited (the SPINE's own, never counted against this pool): Q · a second sentence naming no second field · spine `FOOD: balanced` · "There is no shortfall to cover and nothing spare to sell." x 1
     inherited (the SPINE's own, never counted against this pool): Q · a second sentence naming no second field · spine `FOOD: balanced` · "The town feeds itself, and it feeds itself exactly." x 1
     inherited (the SPINE's own, never counted against this pool): C3 · is this clause historical? · spine `FOOD: balanced` · "{settlement} sits level on food. The fields answer the town and no further. So a single failu..." x 1
     inherited (the SPINE's own, never counted against this pool): Q · a second sentence naming no second field · spine `FOOD: balanced` · "The fields answer the town and no further." x 1
     inherited (the SPINE's own, never counted against this pool): Q · a second sentence naming no second field · spine `FOOD: balanced` · "So a single failure would be felt at once and a good season would not be noticed." x 1
     arm Q vocabulary REPORT (no arm changed): "There is no shortfall to cover and nothing spare to sell." against spine `FOOD: balanced` reads [foodBalance, foodBalance.available, foodBalance.deficit, foodBalance.surplus]
       maps to no field — the clause names no field the spine declares it reads, under the vocabulary the census supplies
       a word-level synonym table ships and was applied
     arm Q vocabulary REPORT (no arm changed): "The town feeds itself, and it feeds itself exactly." against spine `FOOD: balanced` reads [foodBalance, foodBalance.available, foodBalance.deficit, foodBalance.surplus]
       maps to no field — the clause names no field the spine declares it reads, under the vocabulary the census supplies
       a word-level synonym table ships and was applied
     arm Q vocabulary REPORT (no arm changed): "The fields answer the town and no further." against spine `FOOD: balanced` reads [foodBalance, foodBalance.available, foodBalance.deficit, foodBalance.surplus]
       maps to no field — the clause names no field the spine declares it reads, under the vocabulary the census supplies
       a word-level synonym table ships and was applied
     arm Q vocabulary REPORT (no arm changed): "So a single failure would be felt at once and a good season would not be noticed." against spine `FOOD: balanced` reads [foodBalance, foodBalance.available, foodBalance.deficit, foodBalance.surplus]
       maps to no field — the clause names no field the spine declares it reads, under the vocabulary the census supplies
       a word-level synonym table ships and was applied
     words per face: 21 · 15 · 30 (sentence form)
     sibling distance: #1 1 faces, 0 synonym swap(s) · #2 1 faces, 0 synonym swap(s) · #3 1 faces, 0 synonym swap(s)
     sibling SPREAD #1: NOT-EXECUTABLE: a distance needs two faces and this variant carries 1
     sibling SPREAD #2: NOT-EXECUTABLE: a distance needs two faces and this variant carries 1
     sibling SPREAD #3: NOT-EXECUTABLE: a distance needs two faces and this variant carries 1
     band position FACE grain (8 word-level metrics): mean distance from the exemplar median 0.259 band-widths · budget ok on 3/3 · depth ok on 3/3 · perfection-suspect 3 · distinct tuples 1 of 3 face(s)
     band position CORPUS grain (13 text-level metrics over 66 word(s)): exceeded 8/13 · share 0.615 · mean 0.631 · deepest shapes.thereIsOpenerRate 2.057 over
     provenance: 0 citation(s) · A13 rows 0

  ── DS-ECO-2 :: FOOD: deficit   [WITHHELD]  inBand YES
     variants 3 · faces 1/1/1 · attach 0 · units 3 · rate 9596 bp · departure 0
     rounds: draft 0 · refine-A no · refine-B no
     walk: FAIL 0 · WITHHELD 2 · PASS 1 · findings 6
     unit: FAIL 0 · WITHHELD 2 · PASS 1   ·   owned: FAIL 0 · WITHHELD 0 · PASS 3 (0 owned finding(s), 6 inherited)
     inherited (the SPINE's own, never counted against this pool): Q · a second sentence naming no second field · spine `FOOD: deficit` · "The daily count comes up short." x 1
     inherited (the SPINE's own, never counted against this pool): Q · a second sentence naming no second field · spine `FOOD: deficit` · "The shortfall is made good off the road, week on week, as a standing line in the accounts." x 1
     inherited (the SPINE's own, never counted against this pool): A3 · the band half is the refuter's · spine `FOOD: deficit` · ", not simply had. the fields do not cover the town. everyone knows which day" x 1
     inherited (the SPINE's own, never counted against this pool): C3 · is this clause historical? · spine `FOOD: deficit` · "Bread here is bought, not simply had. The fields do not cover the town. Everyone knows which ..." x 1
     inherited (the SPINE's own, never counted against this pool): Q · a second sentence naming no second field · spine `FOOD: deficit` · "The fields do not cover the town." x 1
     inherited (the SPINE's own, never counted against this pool): Q · a second sentence naming no second field · spine `FOOD: deficit` · "Everyone knows which day the carts come." x 1
     arm Q vocabulary REPORT (no arm changed): "The daily count comes up short." against spine `FOOD: deficit` reads [foodBalance, foodBalance.available, foodBalance.deficit]
       maps to no field — the clause names no field the spine declares it reads, under the vocabulary the census supplies
       a word-level synonym table ships and was applied
     arm Q vocabulary REPORT (no arm changed): "The shortfall is made good off the road, week on week, as a standing line in the accounts." against spine `FOOD: deficit` reads [foodBalance, foodBalance.available, foodBalance.deficit]
       maps to no field — the clause names no field the spine declares it reads, under the vocabulary the census supplies
       a word-level synonym table ships and was applied
     arm Q vocabulary REPORT (no arm changed): "The fields do not cover the town." against spine `FOOD: deficit` reads [foodBalance, foodBalance.available, foodBalance.deficit]
       maps to no field — the clause names no field the spine declares it reads, under the vocabulary the census supplies
       a word-level synonym table ships and was applied
     arm Q vocabulary REPORT (no arm changed): "Everyone knows which day the carts come." against spine `FOOD: deficit` reads [foodBalance, foodBalance.available, foodBalance.deficit]
       maps to no field — the clause names no field the spine declares it reads, under the vocabulary the census supplies
       a word-level synonym table ships and was applied
     words per face: 31 · 21 · 24 (sentence form)
     sibling distance: #1 1 faces, 0 synonym swap(s) · #2 1 faces, 0 synonym swap(s) · #3 1 faces, 0 synonym swap(s)
     sibling SPREAD #1: NOT-EXECUTABLE: a distance needs two faces and this variant carries 1
     sibling SPREAD #2: NOT-EXECUTABLE: a distance needs two faces and this variant carries 1
     sibling SPREAD #3: NOT-EXECUTABLE: a distance needs two faces and this variant carries 1
     band position FACE grain (8 word-level metrics): mean distance from the exemplar median 0.259 band-widths · budget ok on 3/3 · depth ok on 3/3 · perfection-suspect 3 · distinct tuples 1 of 3 face(s)
     band position CORPUS grain (13 text-level metrics over 76 word(s)): exceeded 10/13 · share 0.769 · mean 0.783 · deepest shapes.antithesisRate 3.223 over
     provenance: 0 citation(s) · A13 rows 0

  ── DS-ECO-2 :: FOOD: surplus   [WITHHELD]  inBand YES
     variants 3 · faces 1/1/1 · attach 0 · units 3 · rate 273 bp · departure 1
     rounds: draft 0 · refine-A no · refine-B no
     walk: FAIL 0 · WITHHELD 3 · PASS 0 · findings 7
     unit: FAIL 0 · WITHHELD 3 · PASS 0   ·   owned: FAIL 0 · WITHHELD 0 · PASS 3 (0 owned finding(s), 7 inherited)
     inherited (the SPINE's own, never counted against this pool): A3 · the band half is the refuter's · spine `FOOD: surplus` · "rather than needed" x 1
     inherited (the SPINE's own, never counted against this pool): Q · a second sentence naming no second field · spine `FOOD: surplus` · "The excess is counted, stored, and argued over rather than needed." x 1
     inherited (the SPINE's own, never counted against this pool): A3 · the band half is the refuter's · spine `FOOD: surplus` · ", not about enough. the fields have been good to the town. the stores show it." x 1
     inherited (the SPINE's own, never counted against this pool): Q · a second sentence naming no second field · spine `FOOD: surplus` · "The fields have been good to the town." x 1
     inherited (the SPINE's own, never counted against this pool): Q · a second sentence naming no second field · spine `FOOD: surplus` · "The stores show it." x 1
     inherited (the SPINE's own, never counted against this pool): A3 · the band half is the refuter's · spine `FOOD: surplus` · "rather than arriving" x 1
     inherited (the SPINE's own, never counted against this pool): Q · a second sentence naming no second field · spine `FOOD: surplus` · "What the town grows, the town cannot finish." x 1
     arm Q vocabulary REPORT (no arm changed): "The excess is counted, stored, and argued over rather than needed." against spine `FOOD: surplus` reads [foodBalance, foodBalance.available, foodBalance.deficit, foodBalance.surplus]
       maps to no field — the clause names no field the spine declares it reads, under the vocabulary the census supplies
       a word-level synonym table ships and was applied
     arm Q vocabulary REPORT (no arm changed): "The fields have been good to the town." against spine `FOOD: surplus` reads [foodBalance, foodBalance.available, foodBalance.deficit, foodBalance.surplus]
       maps to no field — the clause names no field the spine declares it reads, under the vocabulary the census supplies
       a word-level synonym table ships and was applied
     arm Q vocabulary REPORT (no arm changed): "The stores show it." against spine `FOOD: surplus` reads [foodBalance, foodBalance.available, foodBalance.deficit, foodBalance.surplus]
       maps to no field — the clause names no field the spine declares it reads, under the vocabulary the census supplies
       a word-level synonym table ships and was applied
     arm Q vocabulary REPORT (no arm changed): "What the town grows, the town cannot finish." against spine `FOOD: surplus` reads [foodBalance, foodBalance.available, foodBalance.deficit, foodBalance.surplus]
       maps to no field — the clause names no field the spine declares it reads, under the vocabulary the census supplies
       a word-level synonym table ships and was applied
     words per face: 18 · 23 · 19 (sentence form)
     sibling distance: #1 1 faces, 0 synonym swap(s) · #2 1 faces, 0 synonym swap(s) · #3 1 faces, 0 synonym swap(s)
     sibling SPREAD #1: NOT-EXECUTABLE: a distance needs two faces and this variant carries 1
     sibling SPREAD #2: NOT-EXECUTABLE: a distance needs two faces and this variant carries 1
     sibling SPREAD #3: NOT-EXECUTABLE: a distance needs two faces and this variant carries 1
     band position FACE grain (8 word-level metrics): mean distance from the exemplar median 0.259 band-widths · budget ok on 3/3 · depth ok on 3/3 · perfection-suspect 3 · distinct tuples 1 of 3 face(s)
     band position CORPUS grain (13 text-level metrics over 60 word(s)): exceeded 12/13 · share 0.923 · mean 1.633 · deepest shapes.antithesisRate 12.179 over
     provenance: 0 citation(s) · A13 rows 0

  ── DS-ECO-2 :: GRANARY: nearly empty   [WITHHELD]  inBand YES
     variants 3 · faces 1/1/1 · attach 0 · units 3 · rate ABSENT · departure ABSENT
     rounds: draft 0 · refine-A no · refine-B no
     walk: FAIL 0 · WITHHELD 2 · PASS 1 · findings 2
     unit: FAIL 0 · WITHHELD 2 · PASS 1   ·   owned: FAIL 0 · WITHHELD 0 · PASS 3 (0 owned finding(s), 2 inherited)
     inherited (the SPINE's own, never counted against this pool): Q · a second sentence naming no second field · spine `GRANARY: nearly empty` · "What remains is counted daily and issued against a list." x 1
     inherited (the SPINE's own, never counted against this pool): Q · a second sentence naming no second field · spine `GRANARY: nearly empty` · "There is little behind it and everybody knows roughly how little." x 1
     arm Q vocabulary REPORT (no arm changed): "What remains is counted daily and issued against a list." against spine `GRANARY: nearly empty` reads [granary, granary.available, granary.band]
       maps to no field — the clause names no field the spine declares it reads, under the vocabulary the census supplies
       a word-level synonym table ships and was applied
     arm Q vocabulary REPORT (no arm changed): "There is little behind it and everybody knows roughly how little." against spine `GRANARY: nearly empty` reads [granary, granary.available, granary.band]
       maps to no field — the clause names no field the spine declares it reads, under the vocabulary the census supplies
       a word-level synonym table ships and was applied
     words per face: 16 · 17 · 26 (sentence form)
     sibling distance: #1 1 faces, 0 synonym swap(s) · #2 1 faces, 0 synonym swap(s) · #3 1 faces, 0 synonym swap(s)
     sibling SPREAD #1: NOT-EXECUTABLE: a distance needs two faces and this variant carries 1
     sibling SPREAD #2: NOT-EXECUTABLE: a distance needs two faces and this variant carries 1
     sibling SPREAD #3: NOT-EXECUTABLE: a distance needs two faces and this variant carries 1
     band position FACE grain (8 word-level metrics): mean distance from the exemplar median 0.259 band-widths · budget ok on 3/3 · depth ok on 3/3 · perfection-suspect 3 · distinct tuples 1 of 3 face(s)
     band position CORPUS grain (13 text-level metrics over 59 word(s)): exceeded 11/13 · share 0.846 · mean 0.86 · deepest shapes.doubledAdjectiveRate 2.226 over
     provenance: 0 citation(s) · A13 rows 0

  ── DS-ECO-2 :: GRANARY: stocked   [WITHHELD]  inBand YES
     variants 3 · faces 1/1/1 · attach 0 · units 3 · rate ABSENT · departure ABSENT
     rounds: draft 0 · refine-A no · refine-B no
     walk: FAIL 0 · WITHHELD 2 · PASS 1 · findings 3
     unit: FAIL 0 · WITHHELD 2 · PASS 1   ·   owned: FAIL 0 · WITHHELD 0 · PASS 3 (0 owned finding(s), 3 inherited)
     inherited (the SPINE's own, never counted against this pool): A3 · the band half is the refuter's · spine `GRANARY: stocked` · "and not enough to lend." x 1
     inherited (the SPINE's own, never counted against this pool): Q · a second sentence naming no second field · spine `GRANARY: stocked` · "It is enough to carry the town through and not enough to lend." x 1
     inherited (the SPINE's own, never counted against this pool): A3 · the band half is the refuter's · spine `GRANARY: stocked` · "and not deep. it answers {season} as things stand and would not answer {s" x 1
     arm Q vocabulary REPORT (no arm changed): "It is enough to carry the town through and not enough to lend." against spine `GRANARY: stocked` reads [granary, granary.available, granary.band]
       maps to no field — the clause names no field the spine declares it reads, under the vocabulary the census supplies
       a word-level synonym table ships and was applied
     words per face: 21 · 17 · 21 (sentence form)
     sibling distance: #1 1 faces, 0 synonym swap(s) · #2 1 faces, 0 synonym swap(s) · #3 1 faces, 0 synonym swap(s)
     sibling SPREAD #1: NOT-EXECUTABLE: a distance needs two faces and this variant carries 1
     sibling SPREAD #2: NOT-EXECUTABLE: a distance needs two faces and this variant carries 1
     sibling SPREAD #3: NOT-EXECUTABLE: a distance needs two faces and this variant carries 1
     band position FACE grain (8 word-level metrics): mean distance from the exemplar median 0.259 band-widths · budget ok on 3/3 · depth ok on 3/3 · perfection-suspect 3 · distinct tuples 1 of 3 face(s)
     band position CORPUS grain (13 text-level metrics over 59 word(s)): exceeded 11/13 · share 0.846 · mean 0.706 · deepest shapes.thereIsOpenerRate 2.057 over
     provenance: 0 citation(s) · A13 rows 0

  ── DS-ECO-2 :: GRANARY: thin   [WITHHELD]  inBand YES
     variants 3 · faces 1/1/1 · attach 0 · units 3 · rate ABSENT · departure ABSENT
     rounds: draft 0 · refine-A no · refine-B no
     walk: FAIL 0 · WITHHELD 3 · PASS 0 · findings 6
     unit: FAIL 0 · WITHHELD 3 · PASS 0   ·   owned: FAIL 0 · WITHHELD 0 · PASS 3 (0 owned finding(s), 6 inherited)
     inherited (the SPINE's own, never counted against this pool): A3 · the band half is the refuter's · spine `GRANARY: thin` · "rather than a stretch of seasons" x 1
     inherited (the SPINE's own, never counted against this pool): Q · a second sentence naming no second field · spine `GRANARY: thin` · "What is left is measured in a stretch of weeks rather than a stretch of seasons." x 1
     inherited (the SPINE's own, never counted against this pool): Q · a second sentence naming no second field · spine `GRANARY: thin` · "The measuring is being done." x 1
     inherited (the SPINE's own, never counted against this pool): C3 · is this clause historical? · spine `GRANARY: thin` · "People in {settlement} have begun asking when the store was last this low." x 1
     inherited (the SPINE's own, never counted against this pool): Q · a second sentence naming no second field · spine `GRANARY: thin` · "That is the question that comes before the harder ones." x 1
     inherited (the SPINE's own, never counted against this pool): Q · a second sentence naming no second field · spine `GRANARY: thin` · "That gap is the town's whole immediate problem." x 1
     arm Q vocabulary REPORT (no arm changed): "What is left is measured in a stretch of weeks rather than a stretch of seasons." against spine `GRANARY: thin` reads [granary, granary.available, granary.band]
       maps to no field — the clause names no field the spine declares it reads, under the vocabulary the census supplies
       a word-level synonym table ships and was applied
     arm Q vocabulary REPORT (no arm changed): "The measuring is being done." against spine `GRANARY: thin` reads [granary, granary.available, granary.band]
       maps to no field — the clause names no field the spine declares it reads, under the vocabulary the census supplies
       a word-level synonym table ships and was applied
     arm Q vocabulary REPORT (no arm changed): "That is the question that comes before the harder ones." against spine `GRANARY: thin` reads [granary, granary.available, granary.band]
       maps to no field — the clause names no field the spine declares it reads, under the vocabulary the census supplies
       a word-level synonym table ships and was applied
     arm Q vocabulary REPORT (no arm changed): "That gap is the town's whole immediate problem." against spine `GRANARY: thin` reads [granary, granary.available, granary.band]
       maps to no field — the clause names no field the spine declares it reads, under the vocabulary the census supplies
       a word-level synonym table ships and was applied
     words per face: 27 · 23 · 21 (sentence form)
     sibling distance: #1 1 faces, 0 synonym swap(s) · #2 1 faces, 0 synonym swap(s) · #3 1 faces, 0 synonym swap(s)
     sibling SPREAD #1: NOT-EXECUTABLE: a distance needs two faces and this variant carries 1
     sibling SPREAD #2: NOT-EXECUTABLE: a distance needs two faces and this variant carries 1
     sibling SPREAD #3: NOT-EXECUTABLE: a distance needs two faces and this variant carries 1
     band position FACE grain (8 word-level metrics): mean distance from the exemplar median 0.259 band-widths · budget ok on 3/3 · depth ok on 3/3 · perfection-suspect 3 · distinct tuples 1 of 3 face(s)
     band position CORPUS grain (13 text-level metrics over 71 word(s)): exceeded 10/13 · share 0.769 · mean 0.717 · deepest shapes.antithesisRate 3.223 over
     provenance: 0 citation(s) · A13 rows 0

  ── DS-ECO-2 :: GRANARY: well stocked   [WITHHELD]  inBand YES
     variants 3 · faces 1/1/1 · attach 0 · units 3 · rate ABSENT · departure ABSENT
     rounds: draft 0 · refine-A no · refine-B no
     walk: FAIL 0 · WITHHELD 1 · PASS 2 · findings 1
     unit: FAIL 0 · WITHHELD 1 · PASS 2   ·   owned: FAIL 0 · WITHHELD 0 · PASS 3 (0 owned finding(s), 1 inherited)
     inherited (the SPINE's own, never counted against this pool): Q · a second sentence naming no second field · spine `GRANARY: well stocked` · "The argument is about the overflow." x 1
     arm Q vocabulary REPORT (no arm changed): "The argument is about the overflow." against spine `GRANARY: well stocked` reads [granary, granary.available, granary.band]
       maps to no field — the clause names no field the spine declares it reads, under the vocabulary the census supplies
       a word-level synonym table ships and was applied
     words per face: 22 · 18 · 21 (sentence form)
     sibling distance: #1 1 faces, 0 synonym swap(s) · #2 1 faces, 0 synonym swap(s) · #3 1 faces, 0 synonym swap(s)
     sibling SPREAD #1: NOT-EXECUTABLE: a distance needs two faces and this variant carries 1
     sibling SPREAD #2: NOT-EXECUTABLE: a distance needs two faces and this variant carries 1
     sibling SPREAD #3: NOT-EXECUTABLE: a distance needs two faces and this variant carries 1
     band position FACE grain (8 word-level metrics): mean distance from the exemplar median 0.259 band-widths · budget ok on 3/3 · depth ok on 3/3 · perfection-suspect 3 · distinct tuples 1 of 3 face(s)
     band position CORPUS grain (13 text-level metrics over 61 word(s)): exceeded 11/13 · share 0.846 · mean 0.648 · deepest openers.sameOpenerAsPreviousRate 1.965 over
     provenance: 0 citation(s) · A13 rows 0

  ── DS-ECO-3 :: ADEQUATE   [WITHHELD]  inBand YES
     variants 4 · faces 1/1/1/1 · attach 0 · units 4 · rate ABSENT · departure ABSENT
     rounds: draft 0 · refine-A no · refine-B no
     walk: FAIL 0 · WITHHELD 3 · PASS 1 · findings 3
     unit: FAIL 0 · WITHHELD 3 · PASS 1   ·   owned: FAIL 0 · WITHHELD 0 · PASS 4 (0 owned finding(s), 3 inherited)
     inherited (the SPINE's own, never counted against this pool): Q · a second sentence naming no second field · spine `ADEQUATE` · "Trade moves at its accustomed pace." x 1
     inherited (the SPINE's own, never counted against this pool): Q · a second sentence naming no second field · spine `ADEQUATE` · "Arrivals and departures come out even, week on week." x 1
     inherited (the SPINE's own, never counted against this pool): Q · a second sentence naming no second field · spine `ADEQUATE` · "On a road, that is the good reading." x 1
     arm Q vocabulary REPORT (no arm changed): "Trade moves at its accustomed pace." against spine `ADEQUATE` reads [readings.flowDrift.band]
       maps to no field — the clause names no field the spine declares it reads, under the vocabulary the census supplies
       a word-level synonym table ships and was applied
     arm Q vocabulary REPORT (no arm changed): "Arrivals and departures come out even, week on week." against spine `ADEQUATE` reads [readings.flowDrift.band]
       maps to no field — the clause names no field the spine declares it reads, under the vocabulary the census supplies
       a word-level synonym table ships and was applied
     arm Q vocabulary REPORT (no arm changed): "On a road, that is the good reading." against spine `ADEQUATE` reads [readings.flowDrift.band]
       maps to no field — the clause names no field the spine declares it reads, under the vocabulary the census supplies
       a word-level synonym table ships and was applied
     words per face: 11 · 20 · 14 · 13 (sentence form)
     sibling distance: #0 1 faces, 0 synonym swap(s) · #1 1 faces, 0 synonym swap(s) · #2 1 faces, 0 synonym swap(s) · #3 1 faces, 0 synonym swap(s)
     sibling SPREAD #0: NOT-EXECUTABLE: a distance needs two faces and this variant carries 1
     sibling SPREAD #1: NOT-EXECUTABLE: a distance needs two faces and this variant carries 1
     sibling SPREAD #2: NOT-EXECUTABLE: a distance needs two faces and this variant carries 1
     sibling SPREAD #3: NOT-EXECUTABLE: a distance needs two faces and this variant carries 1
     band position FACE grain (8 word-level metrics): mean distance from the exemplar median 0.259 band-widths · budget ok on 4/4 · depth ok on 4/4 · perfection-suspect 4 · distinct tuples 1 of 4 face(s)
     band position CORPUS grain (13 text-level metrics over 58 word(s)): exceeded 13/13 · share 1 · mean 0.722 · deepest closers.pronounRate 1.629 over
     provenance: 0 citation(s) · A13 rows 0

  ── DS-ECO-3 :: SHORTAGE × not trade-dependent   [WITHHELD]  inBand YES
     variants 3 · faces 1/1/1 · attach 0 · units 3 · rate ABSENT · departure ABSENT
     rounds: draft 0 · refine-A no · refine-B no
     walk: FAIL 0 · WITHHELD 3 · PASS 0 · findings 4
     unit: FAIL 0 · WITHHELD 3 · PASS 0   ·   owned: FAIL 0 · WITHHELD 0 · PASS 3 (0 owned finding(s), 4 inherited)
     inherited (the SPINE's own, never counted against this pool): Q · a second sentence naming no second field · spine `SHORTAGE × not trade-dependent` · "The town buys and sells almost nothing beyond its own walls." x 1
     inherited (the SPINE's own, never counted against this pool): A3 · the band half is the refuter's · spine `SHORTAGE × not trade-dependent` · "rather than supply" x 1
     inherited (the SPINE's own, never counted against this pool): Q · a second sentence naming no second field · spine `SHORTAGE × not trade-dependent` · "In a town that lives off its own fields, quiet roads are a matter of company rather than supply." x 1
     inherited (the SPINE's own, never counted against this pool): Q · a second sentence naming no second field · spine `SHORTAGE × not trade-dependent` · "The two go together here." x 1
     arm Q vocabulary REPORT (no arm changed): "The town buys and sells almost nothing beyond its own walls." against spine `SHORTAGE × not trade-dependent` reads [none recovered]
       NOT-EXECUTABLE: the wiring census recovered no reading for this pool, so there is no declared field set to reconcile the text against
       a word-level synonym table ships and was applied
     arm Q vocabulary REPORT (no arm changed): "In a town that lives off its own fields, quiet roads are a matter of company rather than supply." against spine `SHORTAGE × not trade-dependent` reads [none recovered]
       NOT-EXECUTABLE: the wiring census recovered no reading for this pool, so there is no declared field set to reconcile the text against
       a word-level synonym table ships and was applied
     arm Q vocabulary REPORT (no arm changed): "The two go together here." against spine `SHORTAGE × not trade-dependent` reads [none recovered]
       NOT-EXECUTABLE: the wiring census recovered no reading for this pool, so there is no declared field set to reconcile the text against
       a word-level synonym table ships and was applied
     words per face: 22 · 23 · 15 (sentence form)
     sibling distance: #1 1 faces, 0 synonym swap(s) · #2 1 faces, 0 synonym swap(s) · #3 1 faces, 0 synonym swap(s)
     sibling SPREAD #1: NOT-EXECUTABLE: a distance needs two faces and this variant carries 1
     sibling SPREAD #2: NOT-EXECUTABLE: a distance needs two faces and this variant carries 1
     sibling SPREAD #3: NOT-EXECUTABLE: a distance needs two faces and this variant carries 1
     band position FACE grain (8 word-level metrics): mean distance from the exemplar median 0.259 band-widths · budget ok on 3/3 · depth ok on 3/3 · perfection-suspect 3 · distinct tuples 1 of 3 face(s)
     band position CORPUS grain (13 text-level metrics over 60 word(s)): exceeded 9/13 · share 0.692 · mean 1.008 · deepest shapes.antithesisRate 3.969 over
     provenance: 0 citation(s) · A13 rows 0

  ── DS-ECO-3 :: SHORTAGE × trade-dependent   [WITHHELD]  inBand YES
     variants 4 · faces 1/1/1/1 · attach 0 · units 4 · rate ABSENT · departure ABSENT
     rounds: draft 0 · refine-A no · refine-B no
     walk: FAIL 0 · WITHHELD 4 · PASS 0 · findings 5
     unit: FAIL 0 · WITHHELD 4 · PASS 0   ·   owned: FAIL 0 · WITHHELD 0 · PASS 4 (0 owned finding(s), 5 inherited)
     inherited (the SPINE's own, never counted against this pool): Q · a second sentence naming no second field · spine `SHORTAGE × trade-dependent` · "Little reaches the markets, and what the town depends on is not arriving." x 1
     inherited (the SPINE's own, never counted against this pool): Q · a second sentence naming no second field · spine `SHORTAGE × trade-dependent` · "What arrives is short of what the town has contracted for." x 1
     inherited (the SPINE's own, never counted against this pool): Q · a second sentence naming no second field · spine `SHORTAGE × trade-dependent` · "The shortfall is in goods the town does not make." x 1
     inherited (the SPINE's own, never counted against this pool): Q · a second sentence naming no second field · spine `SHORTAGE × trade-dependent` · "The stalls that depend on the roads are the ones standing empty." x 1
     inherited (the SPINE's own, never counted against this pool): Q · a second sentence naming no second field · spine `SHORTAGE × trade-dependent` · "The stores are covering the difference for now." x 1
     arm Q vocabulary REPORT (no arm changed): "Little reaches the markets, and what the town depends on is not arriving." against spine `SHORTAGE × trade-dependent` reads [none recovered]
       NOT-EXECUTABLE: the wiring census recovered no reading for this pool, so there is no declared field set to reconcile the text against
       a word-level synonym table ships and was applied
     arm Q vocabulary REPORT (no arm changed): "What arrives is short of what the town has contracted for." against spine `SHORTAGE × trade-dependent` reads [none recovered]
       NOT-EXECUTABLE: the wiring census recovered no reading for this pool, so there is no declared field set to reconcile the text against
       a word-level synonym table ships and was applied
     arm Q vocabulary REPORT (no arm changed): "The shortfall is in goods the town does not make." against spine `SHORTAGE × trade-dependent` reads [none recovered]
       NOT-EXECUTABLE: the wiring census recovered no reading for this pool, so there is no declared field set to reconcile the text against
       a word-level synonym table ships and was applied
     arm Q vocabulary REPORT (no arm changed): "The stalls that depend on the roads are the ones standing empty." against spine `SHORTAGE × trade-dependent` reads [none recovered]
       NOT-EXECUTABLE: the wiring census recovered no reading for this pool, so there is no declared field set to reconcile the text against
       a word-level synonym table ships and was applied
     arm Q vocabulary REPORT (no arm changed): "The stores are covering the difference for now." against spine `SHORTAGE × trade-dependent` reads [none recovered]
       NOT-EXECUTABLE: the wiring census recovered no reading for this pool, so there is no declared field set to reconcile the text against
       a word-level synonym table ships and was applied
     words per face: 18 · 29 · 18 · 19 (sentence form)
     sibling distance: #0 1 faces, 0 synonym swap(s) · #1 1 faces, 0 synonym swap(s) · #2 1 faces, 0 synonym swap(s) · #3 1 faces, 0 synonym swap(s)
     sibling SPREAD #0: NOT-EXECUTABLE: a distance needs two faces and this variant carries 1
     sibling SPREAD #1: NOT-EXECUTABLE: a distance needs two faces and this variant carries 1
     sibling SPREAD #2: NOT-EXECUTABLE: a distance needs two faces and this variant carries 1
     sibling SPREAD #3: NOT-EXECUTABLE: a distance needs two faces and this variant carries 1
     band position FACE grain (8 word-level metrics): mean distance from the exemplar median 0.259 band-widths · budget ok on 4/4 · depth ok on 4/4 · perfection-suspect 4 · distinct tuples 1 of 4 face(s)
     band position CORPUS grain (13 text-level metrics over 84 word(s)): exceeded 11/13 · share 0.846 · mean 0.476 · deepest wordsPerSentence.neighbourVariation 0.258 under
     provenance: 0 citation(s) · A13 rows 0

  ── DS-ECO-3 :: SURPLUS × not trade-dependent   [WITHHELD]  inBand YES
     variants 3 · faces 1/1/1 · attach 0 · units 3 · rate ABSENT · departure ABSENT
     rounds: draft 0 · refine-A no · refine-B no
     walk: FAIL 0 · WITHHELD 3 · PASS 0 · findings 3
     unit: FAIL 0 · WITHHELD 3 · PASS 0   ·   owned: FAIL 0 · WITHHELD 0 · PASS 3 (0 owned finding(s), 3 inherited)
     inherited (the SPINE's own, never counted against this pool): Q · a second sentence naming no second field · spine `SURPLUS × not trade-dependent` · "The roads are busy and the books are local." x 1
     inherited (the SPINE's own, never counted against this pool): Q · a second sentence naming no second field · spine `SURPLUS × not trade-dependent` · "Not much of it stops." x 1
     inherited (the SPINE's own, never counted against this pool): Q · a second sentence naming no second field · spine `SURPLUS × not trade-dependent` · "What arrives is mostly going somewhere else." x 1
     arm Q vocabulary REPORT (no arm changed): "The roads are busy and the books are local." against spine `SURPLUS × not trade-dependent` reads [none recovered]
       NOT-EXECUTABLE: the wiring census recovered no reading for this pool, so there is no declared field set to reconcile the text against
       a word-level synonym table ships and was applied
     arm Q vocabulary REPORT (no arm changed): "Not much of it stops." against spine `SURPLUS × not trade-dependent` reads [none recovered]
       NOT-EXECUTABLE: the wiring census recovered no reading for this pool, so there is no declared field set to reconcile the text against
       a word-level synonym table ships and was applied
     arm Q vocabulary REPORT (no arm changed): "What arrives is mostly going somewhere else." against spine `SURPLUS × not trade-dependent` reads [none recovered]
       NOT-EXECUTABLE: the wiring census recovered no reading for this pool, so there is no declared field set to reconcile the text against
       a word-level synonym table ships and was applied
     words per face: 22 · 8 · 15 (sentence form)
     sibling distance: #1 1 faces, 0 synonym swap(s) · #2 1 faces, 0 synonym swap(s) · #3 1 faces, 0 synonym swap(s)
     sibling SPREAD #1: NOT-EXECUTABLE: a distance needs two faces and this variant carries 1
     sibling SPREAD #2: NOT-EXECUTABLE: a distance needs two faces and this variant carries 1
     sibling SPREAD #3: NOT-EXECUTABLE: a distance needs two faces and this variant carries 1
     band position FACE grain (8 word-level metrics): mean distance from the exemplar median 0.259 band-widths · budget ok on 3/3 · depth ok on 3/3 · perfection-suspect 3 · distinct tuples 1 of 3 face(s)
     band position CORPUS grain (13 text-level metrics over 45 word(s)): exceeded 12/13 · share 0.923 · mean 0.583 · deepest closers.pronounRate 0.671 over
     provenance: 0 citation(s) · A13 rows 0

  ── DS-ECO-3 :: SURPLUS × trade-dependent   [WITHHELD]  inBand YES
     variants 4 · faces 1/1/1/1 · attach 0 · units 4 · rate ABSENT · departure ABSENT
     rounds: draft 0 · refine-A no · refine-B no
     reported: band depth · shapes.participialOpenerRate (over) = 13.62 band-widths on 1 of 4 face(s) | DEPTH at most 1.75 band-widths on every face (REPORTED, refuses nothing — ADDENDUM 18 ruling 1)
     walk: FAIL 0 · WITHHELD 4 · PASS 0 · findings 5
     unit: FAIL 0 · WITHHELD 4 · PASS 0   ·   owned: FAIL 0 · WITHHELD 0 · PASS 4 (0 owned finding(s), 5 inherited)
     inherited (the SPINE's own, never counted against this pool): Q · a second sentence naming no second field · spine `SURPLUS × trade-dependent` · "Caravans arrive thick and depart laden, and the markets are well-fed." x 1
     inherited (the SPINE's own, never counted against this pool): Q · a second sentence naming no second field · spine `SURPLUS × trade-dependent` · "Everything the market depends on arrives ahead of its need." x 1
     inherited (the SPINE's own, never counted against this pool): Q · a second sentence naming no second field · spine `SURPLUS × trade-dependent` · "The market is fat on it." x 1
     inherited (the SPINE's own, never counted against this pool): Q · a second sentence naming no second field · spine `SURPLUS × trade-dependent` · "What the town cannot make, the town can simply buy." x 1
     inherited (the SPINE's own, never counted against this pool): Q · a second sentence naming no second field · spine `SURPLUS × trade-dependent` · "The roads are working harder than the town requires of them." x 1
     arm Q vocabulary REPORT (no arm changed): "Caravans arrive thick and depart laden, and the markets are well-fed." against spine `SURPLUS × trade-dependent` reads [none recovered]
       NOT-EXECUTABLE: the wiring census recovered no reading for this pool, so there is no declared field set to reconcile the text against
       a word-level synonym table ships and was applied
     arm Q vocabulary REPORT (no arm changed): "Everything the market depends on arrives ahead of its need." against spine `SURPLUS × trade-dependent` reads [none recovered]
       NOT-EXECUTABLE: the wiring census recovered no reading for this pool, so there is no declared field set to reconcile the text against
       a word-level synonym table ships and was applied
     arm Q vocabulary REPORT (no arm changed): "The market is fat on it." against spine `SURPLUS × trade-dependent` reads [none recovered]
       NOT-EXECUTABLE: the wiring census recovered no reading for this pool, so there is no declared field set to reconcile the text against
       a word-level synonym table ships and was applied
     arm Q vocabulary REPORT (no arm changed): "What the town cannot make, the town can simply buy." against spine `SURPLUS × trade-dependent` reads [none recovered]
       NOT-EXECUTABLE: the wiring census recovered no reading for this pool, so there is no declared field set to reconcile the text against
       a word-level synonym table ships and was applied
     arm Q vocabulary REPORT (no arm changed): "The roads are working harder than the town requires of them." against spine `SURPLUS × trade-dependent` reads [none recovered]
       NOT-EXECUTABLE: the wiring census recovered no reading for this pool, so there is no declared field set to reconcile the text against
       a word-level synonym table ships and was applied
     words per face: 15 · 22 · 22 · 19 (sentence form)
     sibling distance: #0 1 faces, 0 synonym swap(s) · #1 1 faces, 0 synonym swap(s) · #2 1 faces, 0 synonym swap(s) · #3 1 faces, 0 synonym swap(s)
     sibling SPREAD #0: NOT-EXECUTABLE: a distance needs two faces and this variant carries 1
     sibling SPREAD #1: NOT-EXECUTABLE: a distance needs two faces and this variant carries 1
     sibling SPREAD #2: NOT-EXECUTABLE: a distance needs two faces and this variant carries 1
     sibling SPREAD #3: NOT-EXECUTABLE: a distance needs two faces and this variant carries 1
     band position FACE grain (8 word-level metrics): mean distance from the exemplar median 0.701 band-widths · budget ok on 4/4 · depth ok on 3/4 · perfection-suspect 3 · distinct tuples 2 of 4 face(s)
     band position CORPUS grain (13 text-level metrics over 78 word(s)): exceeded 9/13 · share 0.692 · mean 0.549 · deepest closers.pronounRate 1.309 over
     provenance: 0 citation(s) · A13 rows 0

  ── DS-ECO-4 :: HIGHLIGHT: cheap   [WITHHELD]  inBand YES
     variants 4 · faces 1/1/1/1 · attach 0 · units 4 · rate ABSENT · departure ABSENT
     rounds: draft 0 · refine-A no · refine-B no
     walk: FAIL 0 · WITHHELD 4 · PASS 0 · findings 5
     unit: FAIL 0 · WITHHELD 4 · PASS 0   ·   owned: FAIL 0 · WITHHELD 0 · PASS 4 (0 owned finding(s), 5 inherited)
     inherited (the SPINE's own, never counted against this pool): Q · a second sentence naming no second field · spine `HIGHLIGHT: cheap` · "The stores are heavy with it." x 1
     inherited (the SPINE's own, never counted against this pool): Q · a second sentence naming no second field · spine `HIGHLIGHT: cheap` · "The reckoning has come down to meet the pile." x 1
     inherited (the SPINE's own, never counted against this pool): Q · a second sentence naming no second field · spine `HIGHLIGHT: cheap` · "There is too much of it and the price says so." x 1
     inherited (the SPINE's own, never counted against this pool): Q · a second sentence naming no second field · spine `HIGHLIGHT: cheap` · "Nothing else is priced kindly." x 1
     inherited (the SPINE's own, never counted against this pool): Q · a second sentence naming no second field · spine `HIGHLIGHT: cheap` · "The price has been giving way to it." x 1
     arm Q vocabulary REPORT (no arm changed): "The stores are heavy with it." against spine `HIGHLIGHT: cheap` reads [none recovered]
       NOT-EXECUTABLE: the wiring census recovered no reading for this pool, so there is no declared field set to reconcile the text against
       a word-level synonym table ships and was applied
     arm Q vocabulary REPORT (no arm changed): "The reckoning has come down to meet the pile." against spine `HIGHLIGHT: cheap` reads [none recovered]
       NOT-EXECUTABLE: the wiring census recovered no reading for this pool, so there is no declared field set to reconcile the text against
       a word-level synonym table ships and was applied
     arm Q vocabulary REPORT (no arm changed): "There is too much of it and the price says so." against spine `HIGHLIGHT: cheap` reads [none recovered]
       NOT-EXECUTABLE: the wiring census recovered no reading for this pool, so there is no declared field set to reconcile the text against
       a word-level synonym table ships and was applied
     arm Q vocabulary REPORT (no arm changed): "Nothing else is priced kindly." against spine `HIGHLIGHT: cheap` reads [none recovered]
       NOT-EXECUTABLE: the wiring census recovered no reading for this pool, so there is no declared field set to reconcile the text against
       a word-level synonym table ships and was applied
     arm Q vocabulary REPORT (no arm changed): "The price has been giving way to it." against spine `HIGHLIGHT: cheap` reads [none recovered]
       NOT-EXECUTABLE: the wiring census recovered no reading for this pool, so there is no declared field set to reconcile the text against
       a word-level synonym table ships and was applied
     words per face: 20 · 20 · 14 · 15 (sentence form)
     sibling distance: #1 1 faces, 0 synonym swap(s) · #2 1 faces, 0 synonym swap(s) · #3 1 faces, 0 synonym swap(s) · #4 1 faces, 0 synonym swap(s)
     sibling SPREAD #1: NOT-EXECUTABLE: a distance needs two faces and this variant carries 1
     sibling SPREAD #2: NOT-EXECUTABLE: a distance needs two faces and this variant carries 1
     sibling SPREAD #3: NOT-EXECUTABLE: a distance needs two faces and this variant carries 1
     sibling SPREAD #4: NOT-EXECUTABLE: a distance needs two faces and this variant carries 1
     band position FACE grain (8 word-level metrics): mean distance from the exemplar median 0.259 band-widths · budget ok on 4/4 · depth ok on 4/4 · perfection-suspect 4 · distinct tuples 1 of 4 face(s)
     band position CORPUS grain (13 text-level metrics over 69 word(s)): exceeded 10/13 · share 0.769 · mean 0.876 · deepest closers.pronounRate 3.066 over
     provenance: 0 citation(s) · A13 rows 0

  ── DS-ECO-4 :: HIGHLIGHT: dear   [WITHHELD]  inBand YES
     variants 4 · faces 1/1/1/1 · attach 0 · units 4 · rate ABSENT · departure ABSENT
     rounds: draft 0 · refine-A no · refine-B no
     walk: FAIL 0 · WITHHELD 4 · PASS 0 · findings 7
     unit: FAIL 0 · WITHHELD 4 · PASS 0   ·   owned: FAIL 0 · WITHHELD 0 · PASS 4 (0 owned finding(s), 7 inherited)
     inherited (the SPINE's own, never counted against this pool): A3 · the band half is the refuter's · spine `HIGHLIGHT: dear` · "rather than any rate" x 1
     inherited (the SPINE's own, never counted against this pool): Q · a second sentence naming no second field · spine `HIGHLIGHT: dear` · "The stores are short of it." x 1
     inherited (the SPINE's own, never counted against this pool): Q · a second sentence naming no second field · spine `HIGHLIGHT: dear` · "The crier's reckoning follows the shortage rather than any rate." x 1
     inherited (the SPINE's own, never counted against this pool): Q · a second sentence naming no second field · spine `HIGHLIGHT: dear` · "It is dear, it has been dear." x 1
     inherited (the SPINE's own, never counted against this pool): Q · a second sentence naming no second field · spine `HIGHLIGHT: dear` · "The crier says so before he says anything else." x 1
     inherited (the SPINE's own, never counted against this pool): Q · a second sentence naming no second field · spine `HIGHLIGHT: dear` · "It is scarce enough that the market prices it out loud." x 1
     inherited (the SPINE's own, never counted against this pool): Q · a second sentence naming no second field · spine `HIGHLIGHT: dear` · "Stocks of it have fallen far enough to move the crier's coarse reckoning, and nothing else has." x 1
     arm Q vocabulary REPORT (no arm changed): "The stores are short of it." against spine `HIGHLIGHT: dear` reads [none recovered]
       NOT-EXECUTABLE: the wiring census recovered no reading for this pool, so there is no declared field set to reconcile the text against
       a word-level synonym table ships and was applied
     arm Q vocabulary REPORT (no arm changed): "The crier's reckoning follows the shortage rather than any rate." against spine `HIGHLIGHT: dear` reads [none recovered]
       NOT-EXECUTABLE: the wiring census recovered no reading for this pool, so there is no declared field set to reconcile the text against
       a word-level synonym table ships and was applied
     arm Q vocabulary REPORT (no arm changed): "It is dear, it has been dear." against spine `HIGHLIGHT: dear` reads [none recovered]
       NOT-EXECUTABLE: the wiring census recovered no reading for this pool, so there is no declared field set to reconcile the text against
       a word-level synonym table ships and was applied
     arm Q vocabulary REPORT (no arm changed): "The crier says so before he says anything else." against spine `HIGHLIGHT: dear` reads [none recovered]
       NOT-EXECUTABLE: the wiring census recovered no reading for this pool, so there is no declared field set to reconcile the text against
       a word-level synonym table ships and was applied
     arm Q vocabulary REPORT (no arm changed): "It is scarce enough that the market prices it out loud." against spine `HIGHLIGHT: dear` reads [none recovered]
       NOT-EXECUTABLE: the wiring census recovered no reading for this pool, so there is no declared field set to reconcile the text against
       a word-level synonym table ships and was applied
     arm Q vocabulary REPORT (no arm changed): "Stocks of it have fallen far enough to move the crier's coarse reckoning, and nothing else has." against spine `HIGHLIGHT: dear` reads [none recovered]
       NOT-EXECUTABLE: the wiring census recovered no reading for this pool, so there is no declared field set to reconcile the text against
       a word-level synonym table ships and was applied
     words per face: 28 · 26 · 22 · 24 (sentence form)
     sibling distance: #1 1 faces, 0 synonym swap(s) · #2 1 faces, 0 synonym swap(s) · #3 1 faces, 0 synonym swap(s) · #4 1 faces, 0 synonym swap(s)
     sibling SPREAD #1: NOT-EXECUTABLE: a distance needs two faces and this variant carries 1
     sibling SPREAD #2: NOT-EXECUTABLE: a distance needs two faces and this variant carries 1
     sibling SPREAD #3: NOT-EXECUTABLE: a distance needs two faces and this variant carries 1
     sibling SPREAD #4: NOT-EXECUTABLE: a distance needs two faces and this variant carries 1
     band position FACE grain (8 word-level metrics): mean distance from the exemplar median 0.259 band-widths · budget ok on 4/4 · depth ok on 4/4 · perfection-suspect 4 · distinct tuples 1 of 4 face(s)
     band position CORPUS grain (13 text-level metrics over 100 word(s)): exceeded 10/13 · share 0.769 · mean 0.878 · deepest shapes.thereIsOpenerRate 2.674 over
     provenance: 0 citation(s) · A13 rows 0

  ── DS-ECO-4 :: MIXED: exports dear, imports cheap   [WITHHELD]  inBand YES
     variants 4 · faces 1/1/1/1 · attach 0 · units 4 · rate ABSENT · departure ABSENT
     rounds: draft 0 · refine-A no · refine-B no
     walk: FAIL 0 · WITHHELD 4 · PASS 0 · findings 5
     unit: FAIL 0 · WITHHELD 4 · PASS 0   ·   owned: FAIL 0 · WITHHELD 0 · PASS 4 (0 owned finding(s), 5 inherited)
     inherited (the SPINE's own, never counted against this pool): Q · a second sentence naming no second field · spine `MIXED: exports dear, imports cheap` · "What the town sells is dear and what the town buys is cheap." x 1
     inherited (the SPINE's own, never counted against this pool): Q · a second sentence naming no second field · spine `MIXED: exports dear, imports cheap` · "Both readings come off the same week's stocks." x 1
     inherited (the SPINE's own, never counted against this pool): Q · a second sentence naming no second field · spine `MIXED: exports dear, imports cheap` · "That is not the ordinary shape of a market, and it is the first thing a trader remarks on." x 1
     inherited (the SPINE's own, never counted against this pool): Q · a second sentence naming no second field · spine `MIXED: exports dear, imports cheap` · "He gets little for what he brought." x 1
     inherited (the SPINE's own, never counted against this pool): Q · a second sentence naming no second field · spine `MIXED: exports dear, imports cheap` · "The crier prices both movements in the same breath." x 1
     arm Q vocabulary REPORT (no arm changed): "What the town sells is dear and what the town buys is cheap." against spine `MIXED: exports dear, imports cheap` reads [none recovered]
       NOT-EXECUTABLE: the wiring census recovered no reading for this pool, so there is no declared field set to reconcile the text against
       a word-level synonym table ships and was applied
     arm Q vocabulary REPORT (no arm changed): "Both readings come off the same week's stocks." against spine `MIXED: exports dear, imports cheap` reads [none recovered]
       NOT-EXECUTABLE: the wiring census recovered no reading for this pool, so there is no declared field set to reconcile the text against
       a word-level synonym table ships and was applied
     arm Q vocabulary REPORT (no arm changed): "That is not the ordinary shape of a market, and it is the first thing a trader remarks on." against spine `MIXED: exports dear, imports cheap` reads [none recovered]
       NOT-EXECUTABLE: the wiring census recovered no reading for this pool, so there is no declared field set to reconcile the text against
       a word-level synonym table ships and was applied
     arm Q vocabulary REPORT (no arm changed): "He gets little for what he brought." against spine `MIXED: exports dear, imports cheap` reads [none recovered]
       NOT-EXECUTABLE: the wiring census recovered no reading for this pool, so there is no declared field set to reconcile the text against
       a word-level synonym table ships and was applied
     arm Q vocabulary REPORT (no arm changed): "The crier prices both movements in the same breath." against spine `MIXED: exports dear, imports cheap` reads [none recovered]
       NOT-EXECUTABLE: the wiring census recovered no reading for this pool, so there is no declared field set to reconcile the text against
       a word-level synonym table ships and was applied
     words per face: 28 · 28 · 19 · 23 (sentence form)
     sibling distance: #1 1 faces, 0 synonym swap(s) · #2 1 faces, 0 synonym swap(s) · #3 1 faces, 0 synonym swap(s) · #4 1 faces, 0 synonym swap(s)
     sibling SPREAD #1: NOT-EXECUTABLE: a distance needs two faces and this variant carries 1
     sibling SPREAD #2: NOT-EXECUTABLE: a distance needs two faces and this variant carries 1
     sibling SPREAD #3: NOT-EXECUTABLE: a distance needs two faces and this variant carries 1
     sibling SPREAD #4: NOT-EXECUTABLE: a distance needs two faces and this variant carries 1
     band position FACE grain (8 word-level metrics): mean distance from the exemplar median 0.259 band-widths · budget ok on 4/4 · depth ok on 4/4 · perfection-suspect 4 · distinct tuples 1 of 4 face(s)
     band position CORPUS grain (13 text-level metrics over 98 word(s)): exceeded 9/13 · share 0.692 · mean 0.438 · deepest shapes.antithesisRate 0.257 under
     provenance: 0 citation(s) · A13 rows 0

  ── DS-ECO-4 :: NO HIGHLIGHT: everything steady   [WITHHELD]  inBand YES
     variants 4 · faces 1/1/1/1 · attach 0 · units 4 · rate ABSENT · departure ABSENT
     rounds: draft 0 · refine-A no · refine-B no
     walk: FAIL 0 · WITHHELD 4 · PASS 0 · findings 6
     unit: FAIL 0 · WITHHELD 4 · PASS 0   ·   owned: FAIL 0 · WITHHELD 0 · PASS 4 (0 owned finding(s), 6 inherited)
     inherited (the SPINE's own, never counted against this pool): Q · a second sentence naming no second field · spine `NO HIGHLIGHT: everything steady` · "Every good the town trades sits within its accustomed reckoning." x 1
     inherited (the SPINE's own, never counted against this pool): Q · a second sentence naming no second field · spine `NO HIGHLIGHT: everything steady` · "Prices here are what prices here usually are." x 1
     inherited (the SPINE's own, never counted against this pool): X · exhaustivity over an open column · spine `NO HIGHLIGHT: everything steady` · "Prices here are what prices here usually are." x 1
     inherited (the SPINE's own, never counted against this pool): Q · a second sentence naming no second field · spine `NO HIGHLIGHT: everything steady` · "The market is level across the board." x 1
     inherited (the SPINE's own, never counted against this pool): Q · a second sentence naming no second field · spine `NO HIGHLIGHT: everything steady` · "So every stall sits inside its ordinary reckoning." x 1
     inherited (the SPINE's own, never counted against this pool): Q · a second sentence naming no second field · spine `NO HIGHLIGHT: everything steady` · "It would take a real movement in the stores to put any of them outside it." x 1
     arm Q vocabulary REPORT (no arm changed): "Every good the town trades sits within its accustomed reckoning." against spine `NO HIGHLIGHT: everything steady` reads [none recovered]
       NOT-EXECUTABLE: the wiring census recovered no reading for this pool, so there is no declared field set to reconcile the text against
       a word-level synonym table ships and was applied
     arm Q vocabulary REPORT (no arm changed): "Prices here are what prices here usually are." against spine `NO HIGHLIGHT: everything steady` reads [none recovered]
       NOT-EXECUTABLE: the wiring census recovered no reading for this pool, so there is no declared field set to reconcile the text against
       a word-level synonym table ships and was applied
     arm Q vocabulary REPORT (no arm changed): "The market is level across the board." against spine `NO HIGHLIGHT: everything steady` reads [none recovered]
       NOT-EXECUTABLE: the wiring census recovered no reading for this pool, so there is no declared field set to reconcile the text against
       a word-level synonym table ships and was applied
     arm Q vocabulary REPORT (no arm changed): "So every stall sits inside its ordinary reckoning." against spine `NO HIGHLIGHT: everything steady` reads [none recovered]
       NOT-EXECUTABLE: the wiring census recovered no reading for this pool, so there is no declared field set to reconcile the text against
       a word-level synonym table ships and was applied
     arm Q vocabulary REPORT (no arm changed): "It would take a real movement in the stores to put any of them outside it." against spine `NO HIGHLIGHT: everything steady` reads [none recovered]
       NOT-EXECUTABLE: the wiring census recovered no reading for this pool, so there is no declared field set to reconcile the text against
       a word-level synonym table ships and was applied
     words per face: 20 · 17 · 15 · 36 (sentence form)
     sibling distance: #1 1 faces, 0 synonym swap(s) · #2 1 faces, 0 synonym swap(s) · #3 1 faces, 0 synonym swap(s) · #4 1 faces, 0 synonym swap(s)
     sibling SPREAD #1: NOT-EXECUTABLE: a distance needs two faces and this variant carries 1
     sibling SPREAD #2: NOT-EXECUTABLE: a distance needs two faces and this variant carries 1
     sibling SPREAD #3: NOT-EXECUTABLE: a distance needs two faces and this variant carries 1
     sibling SPREAD #4: NOT-EXECUTABLE: a distance needs two faces and this variant carries 1
     band position FACE grain (8 word-level metrics): mean distance from the exemplar median 0.259 band-widths · budget ok on 4/4 · depth ok on 4/4 · perfection-suspect 4 · distinct tuples 1 of 4 face(s)
     band position CORPUS grain (13 text-level metrics over 88 word(s)): exceeded 11/13 · share 0.846 · mean 0.492 · deepest wordsPerSentence.neighbourVariation 0.771 under
     provenance: 0 citation(s) · A13 rows 0

  ── DS-ECO-5 :: ENTREPÔT   [WITHHELD]  inBand YES
     variants 3 · faces 1/1/1 · attach 0 · units 3 · rate ABSENT · departure ABSENT
     rounds: draft 0 · refine-A no · refine-B no
     walk: FAIL 0 · WITHHELD 2 · PASS 1 · findings 4
     unit: FAIL 0 · WITHHELD 2 · PASS 1   ·   owned: FAIL 0 · WITHHELD 0 · PASS 3 (0 owned finding(s), 4 inherited)
     inherited (the SPINE's own, never counted against this pool): Q · a second sentence naming no second field · spine `ENTREPÔT` · "It handles it." x 1
     inherited (the SPINE's own, never counted against this pool): Q · a second sentence naming no second field · spine `ENTREPÔT` · "The goods enter, change hands and leave." x 1
     inherited (the SPINE's own, never counted against this pool): Q · a second sentence naming no second field · spine `ENTREPÔT` · "The town's earnings are in the handling." x 1
     inherited (the SPINE's own, never counted against this pool): Q · a second sentence naming no second field · spine `ENTREPÔT` · "The warehouses are full and the workshops are not." x 1
     arm Q vocabulary REPORT (no arm changed): "It handles it." against spine `ENTREPÔT` reads [none recovered]
       NOT-EXECUTABLE: the wiring census recovered no reading for this pool, so there is no declared field set to reconcile the text against
       a word-level synonym table ships and was applied
     arm Q vocabulary REPORT (no arm changed): "The goods enter, change hands and leave." against spine `ENTREPÔT` reads [none recovered]
       NOT-EXECUTABLE: the wiring census recovered no reading for this pool, so there is no declared field set to reconcile the text against
       a word-level synonym table ships and was applied
     arm Q vocabulary REPORT (no arm changed): "The town's earnings are in the handling." against spine `ENTREPÔT` reads [none recovered]
       NOT-EXECUTABLE: the wiring census recovered no reading for this pool, so there is no declared field set to reconcile the text against
       a word-level synonym table ships and was applied
     arm Q vocabulary REPORT (no arm changed): "The warehouses are full and the workshops are not." against spine `ENTREPÔT` reads [none recovered]
       NOT-EXECUTABLE: the wiring census recovered no reading for this pool, so there is no declared field set to reconcile the text against
       a word-level synonym table ships and was applied
     words per face: 22 · 23 · 18 (sentence form)
     sibling distance: #1 1 faces, 0 synonym swap(s) · #2 1 faces, 0 synonym swap(s) · #3 1 faces, 0 synonym swap(s)
     sibling SPREAD #1: NOT-EXECUTABLE: a distance needs two faces and this variant carries 1
     sibling SPREAD #2: NOT-EXECUTABLE: a distance needs two faces and this variant carries 1
     sibling SPREAD #3: NOT-EXECUTABLE: a distance needs two faces and this variant carries 1
     band position FACE grain (8 word-level metrics): mean distance from the exemplar median 0.259 band-widths · budget ok on 3/3 · depth ok on 3/3 · perfection-suspect 3 · distinct tuples 1 of 3 face(s)
     band position CORPUS grain (13 text-level metrics over 63 word(s)): exceeded 12/13 · share 0.923 · mean 0.68 · deepest openers.sameOpenerAsPreviousRate 0.893 over
     provenance: 0 citation(s) · A13 rows 0

  ── DS-ECO-5 :: IMPAIRED (canonical scarce), with a named dependency   [WITHHELD]  inBand YES
     variants 3 · faces 1/1/1 · attach 0 · units 3 · rate ABSENT · departure ABSENT
     rounds: draft 0 · refine-A no · refine-B no
     walk: FAIL 0 · WITHHELD 3 · PASS 0 · findings 4
     unit: FAIL 0 · WITHHELD 3 · PASS 0   ·   owned: FAIL 0 · WITHHELD 0 · PASS 3 (0 owned finding(s), 4 inherited)
     inherited (the SPINE's own, never counted against this pool): Q · a second sentence naming no second field · spine `IMPAIRED (canonical scarce), with a named dependency` · "The shortfall reaches the services that draw on it." x 1
     inherited (the SPINE's own, never counted against this pool): Q · a second sentence naming no second field · spine `IMPAIRED (canonical scarce), with a named dependency` · "What it needs has not been coming." x 1
     inherited (the SPINE's own, never counted against this pool): Q · a second sentence naming no second field · spine `IMPAIRED (canonical scarce), with a named dependency` · "The work it cannot do is felt further down." x 1
     inherited (the SPINE's own, never counted against this pool): Q · a second sentence naming no second field · spine `IMPAIRED (canonical scarce), with a named dependency` · "The trades below it are shortening their own work to match." x 1
     arm Q vocabulary REPORT (no arm changed): "The shortfall reaches the services that draw on it." against spine `IMPAIRED (canonical scarce), with a named dependency` reads [none recovered]
       NOT-EXECUTABLE: the wiring census recovered no reading for this pool, so there is no declared field set to reconcile the text against
       a word-level synonym table ships and was applied
     arm Q vocabulary REPORT (no arm changed): "What it needs has not been coming." against spine `IMPAIRED (canonical scarce), with a named dependency` reads [none recovered]
       NOT-EXECUTABLE: the wiring census recovered no reading for this pool, so there is no declared field set to reconcile the text against
       a word-level synonym table ships and was applied
     arm Q vocabulary REPORT (no arm changed): "The work it cannot do is felt further down." against spine `IMPAIRED (canonical scarce), with a named dependency` reads [none recovered]
       NOT-EXECUTABLE: the wiring census recovered no reading for this pool, so there is no declared field set to reconcile the text against
       a word-level synonym table ships and was applied
     arm Q vocabulary REPORT (no arm changed): "The trades below it are shortening their own work to match." against spine `IMPAIRED (canonical scarce), with a named dependency` reads [none recovered]
       NOT-EXECUTABLE: the wiring census recovered no reading for this pool, so there is no declared field set to reconcile the text against
       a word-level synonym table ships and was applied
     words per face: 24 · 23 · 22 (sentence form)
     sibling distance: #1 1 faces, 0 synonym swap(s) · #2 1 faces, 0 synonym swap(s) · #3 1 faces, 0 synonym swap(s)
     sibling SPREAD #1: NOT-EXECUTABLE: a distance needs two faces and this variant carries 1
     sibling SPREAD #2: NOT-EXECUTABLE: a distance needs two faces and this variant carries 1
     sibling SPREAD #3: NOT-EXECUTABLE: a distance needs two faces and this variant carries 1
     band position FACE grain (8 word-level metrics): mean distance from the exemplar median 0.259 band-widths · budget ok on 3/3 · depth ok on 3/3 · perfection-suspect 3 · distinct tuples 1 of 3 face(s)
     band position CORPUS grain (13 text-level metrics over 69 word(s)): exceeded 10/13 · share 0.769 · mean 0.538 · deepest runsOfThreeSameLengthBand 0.605 under
     provenance: 0 citation(s) · A13 rows 0

  ── DS-ECO-5 :: MAGICALLY SUSTAINED: a large prop (high magicRecovery)   [WITHHELD]  inBand YES
     variants 3 · faces 1/1/1 · attach 0 · units 3 · rate ABSENT · departure ABSENT
     rounds: draft 0 · refine-A no · refine-B no
     walk: FAIL 0 · WITHHELD 3 · PASS 0 · findings 6
     unit: FAIL 0 · WITHHELD 3 · PASS 0   ·   owned: FAIL 0 · WITHHELD 0 · PASS 3 (0 owned finding(s), 6 inherited)
     inherited (the SPINE's own, never counted against this pool): A3 · the band half is the refuter's · spine `MAGICALLY SUSTAINED: a large prop (high magicRecovery)` · "rather than repaired" x 1
     inherited (the SPINE's own, never counted against this pool): Q · a second sentence naming no second field · spine `MAGICALLY SUSTAINED: a large prop (high magicRecovery)` · "The books show the output nearly where it belongs and the line beneath it replaced rather tha..." x 1
     inherited (the SPINE's own, never counted against this pool): F25 · a cited record's content · spine `MAGICALLY SUSTAINED: a large prop (high magicRecovery)` · "The books show" x 1
     inherited (the SPINE's own, never counted against this pool): A3 · the band half is the refuter's · spine `MAGICALLY SUSTAINED: a large prop (high magicRecovery)` · "and not a road." x 1
     inherited (the SPINE's own, never counted against this pool): Q · a second sentence naming no second field · spine `MAGICALLY SUSTAINED: a large prop (high magicRecovery)` · "What is wrong is that the thing carrying it is a craft and not a road." x 1
     inherited (the SPINE's own, never counted against this pool): Q · a second sentence naming no second field · spine `MAGICALLY SUSTAINED: a large prop (high magicRecovery)` · "What it lost is being made good by a working strong enough to stand in for nearly all of it." x 1
     arm Q vocabulary REPORT (no arm changed): "The books show the output nearly where it belongs and the line beneath it replaced rather tha..." against spine `MAGICALLY SUSTAINED: a large prop (high magicRecovery)` reads [none recovered]
       NOT-EXECUTABLE: the wiring census recovered no reading for this pool, so there is no declared field set to reconcile the text against
       a word-level synonym table ships and was applied
     arm Q vocabulary REPORT (no arm changed): "What is wrong is that the thing carrying it is a craft and not a road." against spine `MAGICALLY SUSTAINED: a large prop (high magicRecovery)` reads [none recovered]
       NOT-EXECUTABLE: the wiring census recovered no reading for this pool, so there is no declared field set to reconcile the text against
       a word-level synonym table ships and was applied
     arm Q vocabulary REPORT (no arm changed): "What it lost is being made good by a working strong enough to stand in for nearly all of it." against spine `MAGICALLY SUSTAINED: a large prop (high magicRecovery)` reads [none recovered]
       NOT-EXECUTABLE: the wiring census recovered no reading for this pool, so there is no declared field set to reconcile the text against
       a word-level synonym table ships and was applied
     words per face: 26 · 25 · 28 (sentence form)
     sibling distance: #1 1 faces, 0 synonym swap(s) · #2 1 faces, 0 synonym swap(s) · #3 1 faces, 0 synonym swap(s)
     sibling SPREAD #1: NOT-EXECUTABLE: a distance needs two faces and this variant carries 1
     sibling SPREAD #2: NOT-EXECUTABLE: a distance needs two faces and this variant carries 1
     sibling SPREAD #3: NOT-EXECUTABLE: a distance needs two faces and this variant carries 1
     band position FACE grain (8 word-level metrics): mean distance from the exemplar median 0.259 band-widths · budget ok on 3/3 · depth ok on 3/3 · perfection-suspect 3 · distinct tuples 1 of 3 face(s)
     band position CORPUS grain (13 text-level metrics over 79 word(s)): exceeded 10/13 · share 0.769 · mean 0.907 · deepest shapes.antithesisRate 3.969 over
     provenance: 0 citation(s) · A13 rows 0

  ── DS-ECO-5 :: MAGICALLY SUSTAINED: a small prop (low magicRecovery)   [WITHHELD]  inBand YES
     variants 3 · faces 1/1/1 · attach 0 · units 3 · rate ABSENT · departure ABSENT
     rounds: draft 0 · refine-A no · refine-B no
     walk: FAIL 0 · WITHHELD 3 · PASS 0 · findings 5
     unit: FAIL 0 · WITHHELD 3 · PASS 0   ·   owned: FAIL 0 · WITHHELD 0 · PASS 3 (0 owned finding(s), 5 inherited)
     inherited (the SPINE's own, never counted against this pool): Q · a second sentence naming no second field · spine `MAGICALLY SUSTAINED: a small prop (low magicRecovery)` · "The working covers a corner of what the line needs." x 1
     inherited (the SPINE's own, never counted against this pool): Q · a second sentence naming no second field · spine `MAGICALLY SUSTAINED: a small prop (low magicRecovery)` · "The prop is real and it is small." x 1
     inherited (the SPINE's own, never counted against this pool): Q · a second sentence naming no second field · spine `MAGICALLY SUSTAINED: a small prop (low magicRecovery)` · "Most of what the line lacks, it still lacks." x 1
     inherited (the SPINE's own, never counted against this pool): Q · a second sentence naming no second field · spine `MAGICALLY SUSTAINED: a small prop (low magicRecovery)` · "It buys time." x 1
     inherited (the SPINE's own, never counted against this pool): Q · a second sentence naming no second field · spine `MAGICALLY SUSTAINED: a small prop (low magicRecovery)` · "It does not buy supply." x 1
     arm Q vocabulary REPORT (no arm changed): "The working covers a corner of what the line needs." against spine `MAGICALLY SUSTAINED: a small prop (low magicRecovery)` reads [none recovered]
       NOT-EXECUTABLE: the wiring census recovered no reading for this pool, so there is no declared field set to reconcile the text against
       a word-level synonym table ships and was applied
     arm Q vocabulary REPORT (no arm changed): "The prop is real and it is small." against spine `MAGICALLY SUSTAINED: a small prop (low magicRecovery)` reads [none recovered]
       NOT-EXECUTABLE: the wiring census recovered no reading for this pool, so there is no declared field set to reconcile the text against
       a word-level synonym table ships and was applied
     arm Q vocabulary REPORT (no arm changed): "Most of what the line lacks, it still lacks." against spine `MAGICALLY SUSTAINED: a small prop (low magicRecovery)` reads [none recovered]
       NOT-EXECUTABLE: the wiring census recovered no reading for this pool, so there is no declared field set to reconcile the text against
       a word-level synonym table ships and was applied
     arm Q vocabulary REPORT (no arm changed): "It buys time." against spine `MAGICALLY SUSTAINED: a small prop (low magicRecovery)` reads [none recovered]
       NOT-EXECUTABLE: the wiring census recovered no reading for this pool, so there is no declared field set to reconcile the text against
       a word-level synonym table ships and was applied
     arm Q vocabulary REPORT (no arm changed): "It does not buy supply." against spine `MAGICALLY SUSTAINED: a small prop (low magicRecovery)` reads [none recovered]
       NOT-EXECUTABLE: the wiring census recovered no reading for this pool, so there is no declared field set to reconcile the text against
       a word-level synonym table ships and was applied
     words per face: 24 · 24 · 22 (sentence form)
     sibling distance: #1 1 faces, 0 synonym swap(s) · #2 1 faces, 0 synonym swap(s) · #3 1 faces, 0 synonym swap(s)
     sibling SPREAD #1: NOT-EXECUTABLE: a distance needs two faces and this variant carries 1
     sibling SPREAD #2: NOT-EXECUTABLE: a distance needs two faces and this variant carries 1
     sibling SPREAD #3: NOT-EXECUTABLE: a distance needs two faces and this variant carries 1
     band position FACE grain (8 word-level metrics): mean distance from the exemplar median 0.259 band-widths · budget ok on 3/3 · depth ok on 3/3 · perfection-suspect 3 · distinct tuples 1 of 3 face(s)
     band position CORPUS grain (13 text-level metrics over 70 word(s)): exceeded 13/13 · share 1 · mean 0.944 · deepest shapes.antithesisRate 2.661 over
     provenance: 0 citation(s) · A13 rows 0

  ── DS-ECO-5 :: OPERATIONAL: the service economy (no line of supply behind it)   [WITHHELD]  inBand YES
     variants 3 · faces 1/1/1 · attach 0 · units 3 · rate ABSENT · departure ABSENT
     rounds: draft 0 · refine-A no · refine-B no
     walk: FAIL 0 · WITHHELD 2 · PASS 1 · findings 4
     unit: FAIL 0 · WITHHELD 2 · PASS 1   ·   owned: FAIL 0 · WITHHELD 0 · PASS 3 (0 owned finding(s), 4 inherited)
     inherited (the SPINE's own, never counted against this pool): A3 · the band half is the refuter's · spine `OPERATIONAL: the service economy (no line of supply behind it)` · "rather than goods" x 1
     inherited (the SPINE's own, never counted against this pool): Q · a second sentence naming no second field · spine `OPERATIONAL: the service economy (no line of supply behind it)` · "There is no line of supply to break." x 1
     inherited (the SPINE's own, never counted against this pool): Q · a second sentence naming no second field · spine `OPERATIONAL: the service economy (no line of supply behind it)` · "The service stands as long as the house stands." x 1
     inherited (the SPINE's own, never counted against this pool): Q · a second sentence naming no second field · spine `OPERATIONAL: the service economy (no line of supply behind it)` · "It is not a trade with a road attached." x 1
     arm Q vocabulary REPORT (no arm changed): "There is no line of supply to break." against spine `OPERATIONAL: the service economy (no line of supply behind it)` reads [none recovered]
       NOT-EXECUTABLE: the wiring census recovered no reading for this pool, so there is no declared field set to reconcile the text against
       a word-level synonym table ships and was applied
     arm Q vocabulary REPORT (no arm changed): "The service stands as long as the house stands." against spine `OPERATIONAL: the service economy (no line of supply behind it)` reads [none recovered]
       NOT-EXECUTABLE: the wiring census recovered no reading for this pool, so there is no declared field set to reconcile the text against
       a word-level synonym table ships and was applied
     arm Q vocabulary REPORT (no arm changed): "It is not a trade with a road attached." against spine `OPERATIONAL: the service economy (no line of supply behind it)` reads [none recovered]
       NOT-EXECUTABLE: the wiring census recovered no reading for this pool, so there is no declared field set to reconcile the text against
       a word-level synonym table ships and was applied
     words per face: 23 · 14 · 17 (sentence form)
     sibling distance: #1 1 faces, 0 synonym swap(s) · #2 1 faces, 0 synonym swap(s) · #3 1 faces, 0 synonym swap(s)
     sibling SPREAD #1: NOT-EXECUTABLE: a distance needs two faces and this variant carries 1
     sibling SPREAD #2: NOT-EXECUTABLE: a distance needs two faces and this variant carries 1
     sibling SPREAD #3: NOT-EXECUTABLE: a distance needs two faces and this variant carries 1
     band position FACE grain (8 word-level metrics): mean distance from the exemplar median 0.259 band-widths · budget ok on 3/3 · depth ok on 3/3 · perfection-suspect 3 · distinct tuples 1 of 3 face(s)
     band position CORPUS grain (13 text-level metrics over 54 word(s)): exceeded 12/13 · share 0.923 · mean 1.285 · deepest shapes.thereIsOpenerRate 5.143 over
     provenance: 0 citation(s) · A13 rows 0

  ── DS-ECO-5 :: RUNNING (canonical stable): draw only with the note fields empty (R-DST-F)   [WITHHELD]  inBand YES
     variants 3 · faces 1/1/1 · attach 0 · units 3 · rate ABSENT · departure ABSENT
     rounds: draft 0 · refine-A no · refine-B no
     walk: FAIL 0 · WITHHELD 2 · PASS 1 · findings 2
     unit: FAIL 0 · WITHHELD 2 · PASS 1   ·   owned: FAIL 0 · WITHHELD 0 · PASS 3 (0 owned finding(s), 2 inherited)
     inherited (the SPINE's own, never counted against this pool): Q · a second sentence naming no second field · spine `RUNNING (canonical stable): draw only with the note fields empty (R-DST-F)` · "Nothing in the line is being covered for." x 1
     inherited (the SPINE's own, never counted against this pool): Q · a second sentence naming no second field · spine `RUNNING (canonical stable): draw only with the note fields empty (R-DST-F)` · "It works, it has worked, and the town's attention is elsewhere." x 1
     arm Q vocabulary REPORT (no arm changed): "Nothing in the line is being covered for." against spine `RUNNING (canonical stable): draw only with the note fields empty (R-DST-F)` reads [none recovered]
       NOT-EXECUTABLE: the wiring census recovered no reading for this pool, so there is no declared field set to reconcile the text against
       a word-level synonym table ships and was applied
     arm Q vocabulary REPORT (no arm changed): "It works, it has worked, and the town's attention is elsewhere." against spine `RUNNING (canonical stable): draw only with the note fields empty (R-DST-F)` reads [none recovered]
       NOT-EXECUTABLE: the wiring census recovered no reading for this pool, so there is no declared field set to reconcile the text against
       a word-level synonym table ships and was applied
     words per face: 24 · 27 · 16 (sentence form)
     sibling distance: #1 1 faces, 0 synonym swap(s) · #2 1 faces, 0 synonym swap(s) · #3 1 faces, 0 synonym swap(s)
     sibling SPREAD #1: NOT-EXECUTABLE: a distance needs two faces and this variant carries 1
     sibling SPREAD #2: NOT-EXECUTABLE: a distance needs two faces and this variant carries 1
     sibling SPREAD #3: NOT-EXECUTABLE: a distance needs two faces and this variant carries 1
     band position FACE grain (8 word-level metrics): mean distance from the exemplar median 0.259 band-widths · budget ok on 3/3 · depth ok on 3/3 · perfection-suspect 3 · distinct tuples 1 of 3 face(s)
     band position CORPUS grain (13 text-level metrics over 67 word(s)): exceeded 10/13 · share 0.769 · mean 0.642 · deepest shapes.thereIsOpenerRate 2.057 over
     provenance: 0 citation(s) · A13 rows 0

  ── DS-ECO-5 :: VULNERABLE (canonical strained)   [WITHHELD]  inBand YES
     variants 3 · faces 1/1/1 · attach 0 · units 3 · rate ABSENT · departure ABSENT
     rounds: draft 0 · refine-A no · refine-B no
     walk: FAIL 0 · WITHHELD 3 · PASS 0 · findings 5
     unit: FAIL 0 · WITHHELD 3 · PASS 0   ·   owned: FAIL 0 · WITHHELD 0 · PASS 3 (0 owned finding(s), 5 inherited)
     inherited (the SPINE's own, never counted against this pool): Q · a second sentence naming no second field · spine `VULNERABLE (canonical strained)` · "Every input it needs is arriving and none of it is arriving spare." x 1
     inherited (the SPINE's own, never counted against this pool): C3 · is this clause historical? · spine `VULNERABLE (canonical strained)` · "The {chain} is intact and exposed at once. It works while everything holds and has nothing be..." x 1
     inherited (the SPINE's own, never counted against this pool): Q · a second sentence naming no second field · spine `VULNERABLE (canonical strained)` · "It works while everything holds and has nothing behind it if one link gives." x 1
     inherited (the SPINE's own, never counted against this pool): C3 · a route claim on a goods sentence · spine `VULNERABLE (canonical strained)` · "One bad month upstream would put them down." x 1
     inherited (the SPINE's own, never counted against this pool): Q · a second sentence naming no second field · spine `VULNERABLE (canonical strained)` · "One bad month upstream would put them down." x 1
     arm Q vocabulary REPORT (no arm changed): "Every input it needs is arriving and none of it is arriving spare." against spine `VULNERABLE (canonical strained)` reads [none recovered]
       NOT-EXECUTABLE: the wiring census recovered no reading for this pool, so there is no declared field set to reconcile the text against
       a word-level synonym table ships and was applied
     arm Q vocabulary REPORT (no arm changed): "It works while everything holds and has nothing behind it if one link gives." against spine `VULNERABLE (canonical strained)` reads [none recovered]
       NOT-EXECUTABLE: the wiring census recovered no reading for this pool, so there is no declared field set to reconcile the text against
       a word-level synonym table ships and was applied
     arm Q vocabulary REPORT (no arm changed): "One bad month upstream would put them down." against spine `VULNERABLE (canonical strained)` reads [none recovered]
       NOT-EXECUTABLE: the wiring census recovered no reading for this pool, so there is no declared field set to reconcile the text against
       a word-level synonym table ships and was applied
     words per face: 22 · 22 · 20 (sentence form)
     sibling distance: #1 1 faces, 0 synonym swap(s) · #2 1 faces, 0 synonym swap(s) · #3 1 faces, 0 synonym swap(s)
     sibling SPREAD #1: NOT-EXECUTABLE: a distance needs two faces and this variant carries 1
     sibling SPREAD #2: NOT-EXECUTABLE: a distance needs two faces and this variant carries 1
     sibling SPREAD #3: NOT-EXECUTABLE: a distance needs two faces and this variant carries 1
     band position FACE grain (8 word-level metrics): mean distance from the exemplar median 0.259 band-widths · budget ok on 3/3 · depth ok on 3/3 · perfection-suspect 3 · distinct tuples 1 of 3 face(s)
     band position CORPUS grain (13 text-level metrics over 64 word(s)): exceeded 13/13 · share 1 · mean 0.589 · deepest runsOfThreeSameLengthBand 1.016 over
     provenance: 0 citation(s) · A13 rows 0

  ── DS-ECO-6 :: TIER: a large share off the books (≥30)   [WITHHELD]  inBand YES
     variants 4 · faces 1/1/1/1 · attach 0 · units 4 · rate 156 bp · departure 1
     rounds: draft 0 · refine-A no · refine-B no
     walk: FAIL 0 · WITHHELD 3 · PASS 1 · findings 4
     unit: FAIL 0 · WITHHELD 3 · PASS 1   ·   owned: FAIL 0 · WITHHELD 0 · PASS 4 (0 owned finding(s), 4 inherited)
     inherited (the SPINE's own, never counted against this pool): Q · a second sentence naming no second field · spine `TIER: a large share off the books (≥30)` · "The duties collected fall well short of the trade actually done." x 1
     inherited (the SPINE's own, never counted against this pool): Q · a second sentence naming no second field · spine `TIER: a large share off the books (≥30)` · "The gap is not an accounting error." x 1
     inherited (the SPINE's own, never counted against this pool): Q · a second sentence naming no second field · spine `TIER: a large share off the books (≥30)` · "The rest is done quietly." x 1
     inherited (the SPINE's own, never counted against this pool): Q · a second sentence naming no second field · spine `TIER: a large share off the books (≥30)` · "Anyone can undercut a guild price by simply not being in the guild." x 1
     arm Q vocabulary REPORT (no arm changed): "The duties collected fall well short of the trade actually done." against spine `TIER: a large share off the books (≥30)` reads [eco.safetyProfile.blackMarketCapture]
       maps to no field — the clause names no field the spine declares it reads, under the vocabulary the census supplies
       a word-level synonym table ships and was applied
     arm Q vocabulary REPORT (no arm changed): "The gap is not an accounting error." against spine `TIER: a large share off the books (≥30)` reads [eco.safetyProfile.blackMarketCapture]
       maps to no field — the clause names no field the spine declares it reads, under the vocabulary the census supplies
       a word-level synonym table ships and was applied
     arm Q vocabulary REPORT (no arm changed): "The rest is done quietly." against spine `TIER: a large share off the books (≥30)` reads [eco.safetyProfile.blackMarketCapture]
       maps to no field — the clause names no field the spine declares it reads, under the vocabulary the census supplies
       a word-level synonym table ships and was applied
     arm Q vocabulary REPORT (no arm changed): "Anyone can undercut a guild price by simply not being in the guild." against spine `TIER: a large share off the books (≥30)` reads [eco.safetyProfile.blackMarketCapture]
       maps to no field — the clause names no field the spine declares it reads, under the vocabulary the census supplies
       a word-level synonym table ships and was applied
     words per face: 29 · 25 · 22 · 24 (sentence form)
     sibling distance: #1 1 faces, 0 synonym swap(s) · #2 1 faces, 0 synonym swap(s) · #3 1 faces, 0 synonym swap(s) · #4 1 faces, 0 synonym swap(s)
     sibling SPREAD #1: NOT-EXECUTABLE: a distance needs two faces and this variant carries 1
     sibling SPREAD #2: NOT-EXECUTABLE: a distance needs two faces and this variant carries 1
     sibling SPREAD #3: NOT-EXECUTABLE: a distance needs two faces and this variant carries 1
     sibling SPREAD #4: NOT-EXECUTABLE: a distance needs two faces and this variant carries 1
     band position FACE grain (8 word-level metrics): mean distance from the exemplar median 0.259 band-widths · budget ok on 4/4 · depth ok on 4/4 · perfection-suspect 4 · distinct tuples 1 of 4 face(s)
     band position CORPUS grain (13 text-level metrics over 100 word(s)): exceeded 11/13 · share 0.846 · mean 0.557 · deepest shapes.adverbsPerSentence 0.625 over
     provenance: 0 citation(s) · A13 rows 0

  ── DS-ECO-6 :: TIER: minor shadow activity (≥3)   [WITHHELD]  inBand YES
     variants 4 · faces 1/1/1/1 · attach 0 · units 4 · rate 5169 bp · departure 0
     rounds: draft 0 · refine-A no · refine-B no
     walk: FAIL 0 · WITHHELD 3 · PASS 1 · findings 5
     unit: FAIL 0 · WITHHELD 3 · PASS 1   ·   owned: FAIL 0 · WITHHELD 0 · PASS 4 (0 owned finding(s), 5 inherited)
     inherited (the SPINE's own, never counted against this pool): A3 · the band half is the refuter's · spine `TIER: minor shadow activity (≥3)` · ", not a structural threat." x 1
     inherited (the SPINE's own, never counted against this pool): Q · a second sentence naming no second field · spine `TIER: minor shadow activity (≥3)` · "Petty theft and small-scale unlicensed trade." x 1
     inherited (the SPINE's own, never counted against this pool): Q · a second sentence naming no second field · spine `TIER: minor shadow activity (≥3)` · "An inconvenience, not a structural threat." x 1
     inherited (the SPINE's own, never counted against this pool): Q · a second sentence naming no second field · spine `TIER: minor shadow activity (≥3)` · "Every town this size has both." x 1
     inherited (the SPINE's own, never counted against this pool): Q · a second sentence naming no second field · spine `TIER: minor shadow activity (≥3)` · "There is unlicensed trade and nothing organised behind it." x 1
     arm Q vocabulary REPORT (no arm changed): "Petty theft and small-scale unlicensed trade." against spine `TIER: minor shadow activity (≥3)` reads [eco.safetyProfile.blackMarketCapture]
       maps to no field — the clause names no field the spine declares it reads, under the vocabulary the census supplies
       a word-level synonym table ships and was applied
     arm Q vocabulary REPORT (no arm changed): "An inconvenience, not a structural threat." against spine `TIER: minor shadow activity (≥3)` reads [eco.safetyProfile.blackMarketCapture]
       maps to no field — the clause names no field the spine declares it reads, under the vocabulary the census supplies
       a word-level synonym table ships and was applied
     arm Q vocabulary REPORT (no arm changed): "Every town this size has both." against spine `TIER: minor shadow activity (≥3)` reads [eco.safetyProfile.blackMarketCapture]
       maps to no field — the clause names no field the spine declares it reads, under the vocabulary the census supplies
       a word-level synonym table ships and was applied
     arm Q vocabulary REPORT (no arm changed): "There is unlicensed trade and nothing organised behind it." against spine `TIER: minor shadow activity (≥3)` reads [eco.safetyProfile.blackMarketCapture]
       maps to no field — the clause names no field the spine declares it reads, under the vocabulary the census supplies
       a word-level synonym table ships and was applied
     words per face: 15 · 22 · 16 · 21 (sentence form)
     sibling distance: #0 1 faces, 0 synonym swap(s) · #1 1 faces, 0 synonym swap(s) · #2 1 faces, 0 synonym swap(s) · #3 1 faces, 0 synonym swap(s)
     sibling SPREAD #0: NOT-EXECUTABLE: a distance needs two faces and this variant carries 1
     sibling SPREAD #1: NOT-EXECUTABLE: a distance needs two faces and this variant carries 1
     sibling SPREAD #2: NOT-EXECUTABLE: a distance needs two faces and this variant carries 1
     sibling SPREAD #3: NOT-EXECUTABLE: a distance needs two faces and this variant carries 1
     band position FACE grain (8 word-level metrics): mean distance from the exemplar median 0.259 band-widths · budget ok on 4/4 · depth ok on 4/4 · perfection-suspect 4 · distinct tuples 1 of 4 face(s)
     band position CORPUS grain (13 text-level metrics over 74 word(s)): exceeded 12/13 · share 0.923 · mean 1.151 · deepest shapes.thereIsOpenerRate 3.6 over
     provenance: 0 citation(s) · A13 rows 0

  ── DS-ECO-6 :: TIER: significant off-book activity (≥15)   [WITHHELD]  inBand YES
     variants 4 · faces 1/1/1/1 · attach 0 · units 4 · rate 573 bp · departure 1
     rounds: draft 0 · refine-A no · refine-B no
     walk: FAIL 0 · WITHHELD 4 · PASS 0 · findings 4
     unit: FAIL 0 · WITHHELD 4 · PASS 0   ·   owned: FAIL 0 · WITHHELD 0 · PASS 4 (0 owned finding(s), 4 inherited)
     inherited (the SPINE's own, never counted against this pool): Q · a second sentence naming no second field · spine `TIER: significant off-book activity (≥15)` · "Merchants operating in the shadow economy have a cost advantage over those paying duties and ..." x 1
     inherited (the SPINE's own, never counted against this pool): Q · a second sentence naming no second field · spine `TIER: significant off-book activity (≥15)` · "It is enough that the men who do pay their duties are competing at a disadvantage." x 1
     inherited (the SPINE's own, never counted against this pool): Q · a second sentence naming no second field · spine `TIER: significant off-book activity (≥15)` · "Most people know somebody who knows it." x 1
     inherited (the SPINE's own, never counted against this pool): Q · a second sentence naming no second field · spine `TIER: significant off-book activity (≥15)` · "They are not." x 1
     arm Q vocabulary REPORT (no arm changed): "Merchants operating in the shadow economy have a cost advantage over those paying duties and ..." against spine `TIER: significant off-book activity (≥15)` reads [eco.safetyProfile.blackMarketCapture]
       maps to no field — the clause names no field the spine declares it reads, under the vocabulary the census supplies
       a word-level synonym table ships and was applied
     arm Q vocabulary REPORT (no arm changed): "It is enough that the men who do pay their duties are competing at a disadvantage." against spine `TIER: significant off-book activity (≥15)` reads [eco.safetyProfile.blackMarketCapture]
       maps to no field — the clause names no field the spine declares it reads, under the vocabulary the census supplies
       a word-level synonym table ships and was applied
     arm Q vocabulary REPORT (no arm changed): "Most people know somebody who knows it." against spine `TIER: significant off-book activity (≥15)` reads [eco.safetyProfile.blackMarketCapture]
       maps to no field — the clause names no field the spine declares it reads, under the vocabulary the census supplies
       a word-level synonym table ships and was applied
     arm Q vocabulary REPORT (no arm changed): "They are not." against spine `TIER: significant off-book activity (≥15)` reads [eco.safetyProfile.blackMarketCapture]
       maps to no field — the clause names no field the spine declares it reads, under the vocabulary the census supplies
       a word-level synonym table ships and was applied
     words per face: 20 · 26 · 17 · 24 (sentence form)
     sibling distance: #0 1 faces, 0 synonym swap(s) · #1 1 faces, 0 synonym swap(s) · #2 1 faces, 0 synonym swap(s) · #3 1 faces, 0 synonym swap(s)
     sibling SPREAD #0: NOT-EXECUTABLE: a distance needs two faces and this variant carries 1
     sibling SPREAD #1: NOT-EXECUTABLE: a distance needs two faces and this variant carries 1
     sibling SPREAD #2: NOT-EXECUTABLE: a distance needs two faces and this variant carries 1
     sibling SPREAD #3: NOT-EXECUTABLE: a distance needs two faces and this variant carries 1
     band position FACE grain (8 word-level metrics): mean distance from the exemplar median 0.259 band-widths · budget ok on 4/4 · depth ok on 4/4 · perfection-suspect 4 · distinct tuples 1 of 4 face(s)
     band position CORPUS grain (13 text-level metrics over 87 word(s)): exceeded 12/13 · share 0.923 · mean 0.943 · deepest shapes.thereIsOpenerRate 3.6 over
     provenance: 0 citation(s) · A13 rows 0

  ── DS-ECO-7 :: CATALOG   [WITHHELD]  inBand YES
     variants 4 · faces 1/1/1/1 · attach 0 · units 4 · rate ABSENT · departure ABSENT
     rounds: draft 0 · refine-A no · refine-B no
     walk: FAIL 0 · WITHHELD 3 · PASS 1 · findings 6
     unit: FAIL 0 · WITHHELD 3 · PASS 1   ·   owned: FAIL 0 · WITHHELD 0 · PASS 4 (0 owned finding(s), 6 inherited)
     inherited (the SPINE's own, never counted against this pool): C3 · is this clause historical? · spine `CATALOG` · "This list of what {settlement} offers was drawn at the last survey." x 1
     inherited (the SPINE's own, never counted against this pool): Q · a second sentence naming no second field · spine `CATALOG` · "A house opened or closed since then may not appear on it yet." x 1
     inherited (the SPINE's own, never counted against this pool): C3 · is this clause historical? · spine `CATALOG` · "The catalog describes the services {settlement} was judged to hold." x 1
     inherited (the SPINE's own, never counted against this pool): Q · a second sentence naming no second field · spine `CATALOG` · "Later changes may not be counted in it yet." x 1
     inherited (the SPINE's own, never counted against this pool): C3 · is this clause historical? · spine `CATALOG` · "What the town could do for a visitor was written down at the last survey." x 1
     inherited (the SPINE's own, never counted against this pool): Q · a second sentence naming no second field · spine `CATALOG` · "It may have moved since." x 1
     arm Q vocabulary REPORT (no arm changed): "A house opened or closed since then may not appear on it yet." against spine `CATALOG` reads [none recovered]
       NOT-EXECUTABLE: the wiring census recovered no reading for this pool, so there is no declared field set to reconcile the text against
       a word-level synonym table ships and was applied
     arm Q vocabulary REPORT (no arm changed): "Later changes may not be counted in it yet." against spine `CATALOG` reads [none recovered]
       NOT-EXECUTABLE: the wiring census recovered no reading for this pool, so there is no declared field set to reconcile the text against
       a word-level synonym table ships and was applied
     arm Q vocabulary REPORT (no arm changed): "It may have moved since." against spine `CATALOG` reads [none recovered]
       NOT-EXECUTABLE: the wiring census recovered no reading for this pool, so there is no declared field set to reconcile the text against
       a word-level synonym table ships and was applied
     words per face: 16 · 25 · 19 · 20 (sentence form)
     sibling distance: #0 1 faces, 0 synonym swap(s) · #1 1 faces, 0 synonym swap(s) · #2 1 faces, 0 synonym swap(s) · #3 1 faces, 0 synonym swap(s)
     sibling SPREAD #0: NOT-EXECUTABLE: a distance needs two faces and this variant carries 1
     sibling SPREAD #1: NOT-EXECUTABLE: a distance needs two faces and this variant carries 1
     sibling SPREAD #2: NOT-EXECUTABLE: a distance needs two faces and this variant carries 1
     sibling SPREAD #3: NOT-EXECUTABLE: a distance needs two faces and this variant carries 1
     band position FACE grain (8 word-level metrics): mean distance from the exemplar median 0.259 band-widths · budget ok on 4/4 · depth ok on 4/4 · perfection-suspect 4 · distinct tuples 1 of 4 face(s)
     band position CORPUS grain (13 text-level metrics over 80 word(s)): exceeded 12/13 · share 0.923 · mean 0.541 · deepest runsOfThreeSameLengthBand 0.642 over
     provenance: 0 citation(s) · A13 rows 0

  ── DS-ECO-7 :: TALLIES   [WITHHELD]  inBand YES
     variants 4 · faces 1/1/1/1 · attach 0 · units 4 · rate ABSENT · departure ABSENT
     rounds: draft 0 · refine-A no · refine-B no
     reported: band depth · shapes.participialOpenerRate (over) = 13.62 band-widths on 1 of 4 face(s) | DEPTH at most 1.75 band-widths on every face (REPORTED, refuses nothing — ADDENDUM 18 ruling 1)
     walk: FAIL 0 · WITHHELD 3 · PASS 1 · findings 5
     unit: FAIL 0 · WITHHELD 3 · PASS 1   ·   owned: FAIL 0 · WITHHELD 0 · PASS 4 (0 owned finding(s), 5 inherited)
     inherited (the SPINE's own, never counted against this pool): C3 · is this clause historical? · spine `TALLIES` · "The counts on this page were taken at the last full survey of {settlement}. Anything recorded..." x 1
     inherited (the SPINE's own, never counted against this pool): Q · a second sentence naming no second field · spine `TALLIES` · "Anything recorded since then may not have reached them yet." x 1
     inherited (the SPINE's own, never counted against this pool): C3 · is this clause historical? · spine `TALLIES` · "These figures describe {settlement} as it was judged at its last survey." x 1
     inherited (the SPINE's own, never counted against this pool): Q · a second sentence naming no second field · spine `TALLIES` · "Events entered after that judgement may not be counted in them yet." x 1
     inherited (the SPINE's own, never counted against this pool): Q · a second sentence naming no second field · spine `TALLIES` · "It may not be today's." x 1
     arm Q vocabulary REPORT (no arm changed): "Anything recorded since then may not have reached them yet." against spine `TALLIES` reads [none recovered]
       NOT-EXECUTABLE: the wiring census recovered no reading for this pool, so there is no declared field set to reconcile the text against
       a word-level synonym table ships and was applied
     arm Q vocabulary REPORT (no arm changed): "Events entered after that judgement may not be counted in them yet." against spine `TALLIES` reads [none recovered]
       NOT-EXECUTABLE: the wiring census recovered no reading for this pool, so there is no declared field set to reconcile the text against
       a word-level synonym table ships and was applied
     arm Q vocabulary REPORT (no arm changed): "It may not be today's." against spine `TALLIES` reads [none recovered]
       NOT-EXECUTABLE: the wiring census recovered no reading for this pool, so there is no declared field set to reconcile the text against
       a word-level synonym table ships and was applied
     words per face: 16 · 24 · 24 · 14 (sentence form)
     sibling distance: #0 1 faces, 0 synonym swap(s) · #1 1 faces, 0 synonym swap(s) · #2 1 faces, 0 synonym swap(s) · #3 1 faces, 0 synonym swap(s)
     sibling SPREAD #0: NOT-EXECUTABLE: a distance needs two faces and this variant carries 1
     sibling SPREAD #1: NOT-EXECUTABLE: a distance needs two faces and this variant carries 1
     sibling SPREAD #2: NOT-EXECUTABLE: a distance needs two faces and this variant carries 1
     sibling SPREAD #3: NOT-EXECUTABLE: a distance needs two faces and this variant carries 1
     band position FACE grain (8 word-level metrics): mean distance from the exemplar median 0.701 band-widths · budget ok on 4/4 · depth ok on 3/4 · perfection-suspect 3 · distinct tuples 2 of 4 face(s)
     band position CORPUS grain (13 text-level metrics over 78 word(s)): exceeded 12/13 · share 0.923 · mean 0.716 · deepest closers.abstractNounRate 1.658 over
     provenance: 0 citation(s) · A13 rows 0

  ── DS-ECO-8 :: COMFORTABLE   [WITHHELD]  inBand YES
     variants 3 · faces 1/1/1 · attach 0 · units 3 · rate 2500 bp · departure 0
     rounds: draft 0 · refine-A no · refine-B no
     walk: FAIL 0 · WITHHELD 3 · PASS 0 · findings 6
     unit: FAIL 0 · WITHHELD 3 · PASS 0   ·   owned: FAIL 0 · WITHHELD 0 · PASS 3 (0 owned finding(s), 6 inherited)
     inherited (the SPINE's own, never counted against this pool): Q · a second sentence naming no second field · spine `COMFORTABLE` · "The margin is not large and it is dependable." x 1
     inherited (the SPINE's own, never counted against this pool): Q · a second sentence naming no second field · spine `COMFORTABLE` · "There are reserves behind it." x 1
     inherited (the SPINE's own, never counted against this pool): Q · a second sentence naming no second field · spine `COMFORTABLE` · "That is the difference between this town and a poorer one." x 1
     inherited (the SPINE's own, never counted against this pool): A3 · the band half is the refuter's · spine `COMFORTABLE` · "rather than patched" x 1
     inherited (the SPINE's own, never counted against this pool): Q · a second sentence naming no second field · spine `COMFORTABLE` · "The buildings are finished rather than patched." x 1
     inherited (the SPINE's own, never counted against this pool): Q · a second sentence naming no second field · spine `COMFORTABLE` · "The stores are more than the season needs." x 1
     arm Q vocabulary REPORT (no arm changed): "The margin is not large and it is dependable." against spine `COMFORTABLE` reads [none recovered]
       NOT-EXECUTABLE: the wiring census recovered no reading for this pool, so there is no declared field set to reconcile the text against
       a word-level synonym table ships and was applied
     arm Q vocabulary REPORT (no arm changed): "There are reserves behind it." against spine `COMFORTABLE` reads [none recovered]
       NOT-EXECUTABLE: the wiring census recovered no reading for this pool, so there is no declared field set to reconcile the text against
       a word-level synonym table ships and was applied
     arm Q vocabulary REPORT (no arm changed): "That is the difference between this town and a poorer one." against spine `COMFORTABLE` reads [none recovered]
       NOT-EXECUTABLE: the wiring census recovered no reading for this pool, so there is no declared field set to reconcile the text against
       a word-level synonym table ships and was applied
     arm Q vocabulary REPORT (no arm changed): "The buildings are finished rather than patched." against spine `COMFORTABLE` reads [none recovered]
       NOT-EXECUTABLE: the wiring census recovered no reading for this pool, so there is no declared field set to reconcile the text against
       a word-level synonym table ships and was applied
     arm Q vocabulary REPORT (no arm changed): "The stores are more than the season needs." against spine `COMFORTABLE` reads [none recovered]
       NOT-EXECUTABLE: the wiring census recovered no reading for this pool, so there is no declared field set to reconcile the text against
       a word-level synonym table ships and was applied
     words per face: 19 · 18 · 21 (sentence form)
     sibling distance: #1 1 faces, 0 synonym swap(s) · #2 1 faces, 0 synonym swap(s) · #3 1 faces, 0 synonym swap(s)
     sibling SPREAD #1: NOT-EXECUTABLE: a distance needs two faces and this variant carries 1
     sibling SPREAD #2: NOT-EXECUTABLE: a distance needs two faces and this variant carries 1
     sibling SPREAD #3: NOT-EXECUTABLE: a distance needs two faces and this variant carries 1
     band position FACE grain (8 word-level metrics): mean distance from the exemplar median 0.259 band-widths · budget ok on 3/3 · depth ok on 3/3 · perfection-suspect 3 · distinct tuples 1 of 3 face(s)
     band position CORPUS grain (13 text-level metrics over 58 word(s)): exceeded 12/13 · share 0.923 · mean 1.027 · deepest shapes.antithesisRate 2.661 over
     provenance: 0 citation(s) · A13 rows 0

  ── DS-ECO-8 :: MODERATE   [WITHHELD]  inBand YES
     variants 3 · faces 1/1/1 · attach 0 · units 3 · rate 1680 bp · departure 0
     rounds: draft 0 · refine-A no · refine-B no
     reported: band depth · punctuation.colonRate (over) = 2.994 band-widths on 1 of 3 face(s) | DEPTH at most 1.75 band-widths on every face (REPORTED, refuses nothing — ADDENDUM 18 ruling 1)
     walk: FAIL 0 · WITHHELD 3 · PASS 0 · findings 4
     unit: FAIL 0 · WITHHELD 3 · PASS 0   ·   owned: FAIL 0 · WITHHELD 0 · PASS 3 (0 owned finding(s), 4 inherited)
     inherited (the SPINE's own, never counted against this pool): Q · a second sentence naming no second field · spine `MODERATE` · "It is an ordinary town's arithmetic and it works." x 1
     inherited (the SPINE's own, never counted against this pool): Q · a second sentence naming no second field · spine `MODERATE` · "Not comfortable, not tight: fine, and fine is what people here expect." x 1
     inherited (the SPINE's own, never counted against this pool): X · exhaustivity over an open column · spine `MODERATE` · "Not comfortable, not tight: fine, and fine is what people here expect." x 1
     inherited (the SPINE's own, never counted against this pool): Q · a second sentence naming no second field · spine `MODERATE` · "The town supports itself and has a little in hand." x 1
     arm Q vocabulary REPORT (no arm changed): "It is an ordinary town's arithmetic and it works." against spine `MODERATE` reads [none recovered]
       NOT-EXECUTABLE: the wiring census recovered no reading for this pool, so there is no declared field set to reconcile the text against
       a word-level synonym table ships and was applied
     arm Q vocabulary REPORT (no arm changed): "Not comfortable, not tight: fine, and fine is what people here expect." against spine `MODERATE` reads [none recovered]
       NOT-EXECUTABLE: the wiring census recovered no reading for this pool, so there is no declared field set to reconcile the text against
       a word-level synonym table ships and was applied
     arm Q vocabulary REPORT (no arm changed): "The town supports itself and has a little in hand." against spine `MODERATE` reads [none recovered]
       NOT-EXECUTABLE: the wiring census recovered no reading for this pool, so there is no declared field set to reconcile the text against
       a word-level synonym table ships and was applied
     words per face: 18 · 15 · 19 (sentence form)
     sibling distance: #1 1 faces, 0 synonym swap(s) · #2 1 faces, 0 synonym swap(s) · #3 1 faces, 0 synonym swap(s)
     sibling SPREAD #1: NOT-EXECUTABLE: a distance needs two faces and this variant carries 1
     sibling SPREAD #2: NOT-EXECUTABLE: a distance needs two faces and this variant carries 1
     sibling SPREAD #3: NOT-EXECUTABLE: a distance needs two faces and this variant carries 1
     band position FACE grain (8 word-level metrics): mean distance from the exemplar median 0.402 band-widths · budget ok on 3/3 · depth ok on 2/3 · perfection-suspect 2 · distinct tuples 2 of 3 face(s)
     band position CORPUS grain (13 text-level metrics over 52 word(s)): exceeded 11/13 · share 0.846 · mean 0.951 · deepest shapes.antithesisRate 3.969 over
     provenance: 0 citation(s) · A13 rows 0

  ── DS-ECO-8 :: POOR   [WITHHELD]  inBand YES
     variants 3 · faces 1/1/1 · attach 0 · units 3 · rate 2878 bp · departure 0
     rounds: draft 0 · refine-A no · refine-B no
     walk: FAIL 0 · WITHHELD 2 · PASS 1 · findings 4
     unit: FAIL 0 · WITHHELD 2 · PASS 1   ·   owned: FAIL 0 · WITHHELD 0 · PASS 3 (0 owned finding(s), 4 inherited)
     inherited (the SPINE's own, never counted against this pool): Q · a second sentence naming no second field · spine `POOR` · "Every essential is accounted for and there is no line for anything else." x 1
     inherited (the SPINE's own, never counted against this pool): A3 · the band half is the refuter's · spine `POOR` · "rather than made" x 1
     inherited (the SPINE's own, never counted against this pool): Q · a second sentence naming no second field · spine `POOR` · "What stands is kept standing." x 1
     inherited (the SPINE's own, never counted against this pool): Q · a second sentence naming no second field · spine `POOR` · "Nothing new goes up." x 1
     arm Q vocabulary REPORT (no arm changed): "Every essential is accounted for and there is no line for anything else." against spine `POOR` reads [none recovered]
       NOT-EXECUTABLE: the wiring census recovered no reading for this pool, so there is no declared field set to reconcile the text against
       a word-level synonym table ships and was applied
     arm Q vocabulary REPORT (no arm changed): "What stands is kept standing." against spine `POOR` reads [none recovered]
       NOT-EXECUTABLE: the wiring census recovered no reading for this pool, so there is no declared field set to reconcile the text against
       a word-level synonym table ships and was applied
     arm Q vocabulary REPORT (no arm changed): "Nothing new goes up." against spine `POOR` reads [none recovered]
       NOT-EXECUTABLE: the wiring census recovered no reading for this pool, so there is no declared field set to reconcile the text against
       a word-level synonym table ships and was applied
     words per face: 21 · 15 · 15 (sentence form)
     sibling distance: #1 1 faces, 0 synonym swap(s) · #2 1 faces, 0 synonym swap(s) · #3 1 faces, 0 synonym swap(s)
     sibling SPREAD #1: NOT-EXECUTABLE: a distance needs two faces and this variant carries 1
     sibling SPREAD #2: NOT-EXECUTABLE: a distance needs two faces and this variant carries 1
     sibling SPREAD #3: NOT-EXECUTABLE: a distance needs two faces and this variant carries 1
     band position FACE grain (8 word-level metrics): mean distance from the exemplar median 0.259 band-widths · budget ok on 3/3 · depth ok on 3/3 · perfection-suspect 3 · distinct tuples 1 of 3 face(s)
     band position CORPUS grain (13 text-level metrics over 51 word(s)): exceeded 13/13 · share 1 · mean 0.936 · deepest shapes.antithesisRate 3.969 over
     provenance: 0 citation(s) · A13 rows 0

  ── DS-ECO-8 :: PROSPEROUS   [WITHHELD]  inBand YES
     variants 3 · faces 1/1/1 · attach 0 · units 3 · rate 1615 bp · departure 0
     rounds: draft 0 · refine-A no · refine-B no
     walk: FAIL 0 · WITHHELD 3 · PASS 0 · findings 4
     unit: FAIL 0 · WITHHELD 3 · PASS 0   ·   owned: FAIL 0 · WITHHELD 0 · PASS 3 (0 owned finding(s), 4 inherited)
     inherited (the SPINE's own, never counted against this pool): A3 · the band half is the refuter's · spine `PROSPEROUS` · "rather than merely held" x 1
     inherited (the SPINE's own, never counted against this pool): Q · a second sentence naming no second field · spine `PROSPEROUS` · "The spending shows in what the town keeps up." x 1
     inherited (the SPINE's own, never counted against this pool): Q · a second sentence naming no second field · spine `PROSPEROUS` · "The halls, the walls and the roads are all better than a town this size strictly requires." x 1
     inherited (the SPINE's own, never counted against this pool): Q · a second sentence naming no second field · spine `PROSPEROUS` · "It goes into the town." x 1
     arm Q vocabulary REPORT (no arm changed): "The spending shows in what the town keeps up." against spine `PROSPEROUS` reads [none recovered]
       NOT-EXECUTABLE: the wiring census recovered no reading for this pool, so there is no declared field set to reconcile the text against
       a word-level synonym table ships and was applied
     arm Q vocabulary REPORT (no arm changed): "The halls, the walls and the roads are all better than a town this size strictly requires." against spine `PROSPEROUS` reads [none recovered]
       NOT-EXECUTABLE: the wiring census recovered no reading for this pool, so there is no declared field set to reconcile the text against
       a word-level synonym table ships and was applied
     arm Q vocabulary REPORT (no arm changed): "It goes into the town." against spine `PROSPEROUS` reads [none recovered]
       NOT-EXECUTABLE: the wiring census recovered no reading for this pool, so there is no declared field set to reconcile the text against
       a word-level synonym table ships and was applied
     words per face: 21 · 22 · 25 (sentence form)
     sibling distance: #1 1 faces, 0 synonym swap(s) · #2 1 faces, 0 synonym swap(s) · #3 1 faces, 0 synonym swap(s)
     sibling SPREAD #1: NOT-EXECUTABLE: a distance needs two faces and this variant carries 1
     sibling SPREAD #2: NOT-EXECUTABLE: a distance needs two faces and this variant carries 1
     sibling SPREAD #3: NOT-EXECUTABLE: a distance needs two faces and this variant carries 1
     band position FACE grain (8 word-level metrics): mean distance from the exemplar median 0.259 band-widths · budget ok on 3/3 · depth ok on 3/3 · perfection-suspect 3 · distinct tuples 1 of 3 face(s)
     band position CORPUS grain (13 text-level metrics over 68 word(s)): exceeded 10/13 · share 0.769 · mean 1.14 · deepest shapes.antithesisRate 3.969 over
     provenance: 0 citation(s) · A13 rows 0

  ── DS-ECO-8 :: STRUGGLING   [WITHHELD]  inBand YES
     variants 3 · faces 1/1/1 · attach 0 · units 3 · rate 1328 bp · departure 0
     rounds: draft 0 · refine-A no · refine-B no
     reported: band depth · punctuation.colonRate (over) = 6.987 band-widths on 1 of 3 face(s) | DEPTH at most 1.75 band-widths on every face (REPORTED, refuses nothing — ADDENDUM 18 ruling 1)
     walk: FAIL 0 · WITHHELD 1 · PASS 2 · findings 1
     unit: FAIL 0 · WITHHELD 1 · PASS 2   ·   owned: FAIL 0 · WITHHELD 0 · PASS 3 (0 owned finding(s), 1 inherited)
     inherited (the SPINE's own, never counted against this pool): Q · a second sentence naming no second field · spine `STRUGGLING` · "What the town needs and what the town has are near enough to argue about and never near enoug..." x 1
     arm Q vocabulary REPORT (no arm changed): "What the town needs and what the town has are near enough to argue about and never near enoug..." against spine `STRUGGLING` reads [none recovered]
       NOT-EXECUTABLE: the wiring census recovered no reading for this pool, so there is no declared field set to reconcile the text against
       a word-level synonym table ships and was applied
     words per face: 23 · 26 · 21 (sentence form)
     sibling distance: #1 1 faces, 0 synonym swap(s) · #2 1 faces, 0 synonym swap(s) · #3 1 faces, 0 synonym swap(s)
     sibling SPREAD #1: NOT-EXECUTABLE: a distance needs two faces and this variant carries 1
     sibling SPREAD #2: NOT-EXECUTABLE: a distance needs two faces and this variant carries 1
     sibling SPREAD #3: NOT-EXECUTABLE: a distance needs two faces and this variant carries 1
     band position FACE grain (8 word-level metrics): mean distance from the exemplar median 0.568 band-widths · budget ok on 3/3 · depth ok on 2/3 · perfection-suspect 2 · distinct tuples 2 of 3 face(s)
     band position CORPUS grain (13 text-level metrics over 70 word(s)): exceeded 12/13 · share 0.923 · mean 0.516 · deepest runsOfThreeSameLengthBand 0.605 under
     provenance: 0 citation(s) · A13 rows 0

  ── DS-ECO-8 :: SUBSISTENCE   [WITHHELD]  inBand YES
     variants 3 · faces 1/1/1 · attach 0 · units 3 · rate ABSENT · departure ABSENT
     rounds: draft 0 · refine-A no · refine-B no
     reported: band depth · punctuation.colonRate (over) = 2.994 band-widths on 1 of 3 face(s) | DEPTH at most 1.75 band-widths on every face (REPORTED, refuses nothing — ADDENDUM 18 ruling 1)
     walk: FAIL 0 · WITHHELD 3 · PASS 0 · findings 5
     unit: FAIL 0 · WITHHELD 3 · PASS 0   ·   owned: FAIL 0 · WITHHELD 0 · PASS 3 (0 owned finding(s), 5 inherited)
     inherited (the SPINE's own, never counted against this pool): C3 · is this clause historical? · spine `SUBSISTENCE` · "A year here is measured by whether it was got through." x 1
     inherited (the SPINE's own, never counted against this pool): Q · a second sentence naming no second field · spine `SUBSISTENCE` · "A year here is measured by whether it was got through." x 1
     inherited (the SPINE's own, never counted against this pool): Q · a second sentence naming no second field · spine `SUBSISTENCE` · "What it has is what it is using." x 1
     inherited (the SPINE's own, never counted against this pool): X · exhaustivity over an open column · spine `SUBSISTENCE` · "What it has is what it is using." x 1
     inherited (the SPINE's own, never counted against this pool): Q · a second sentence naming no second field · spine `SUBSISTENCE` · "Nothing is set aside because there is nothing to set aside." x 1
     arm Q vocabulary REPORT (no arm changed): "A year here is measured by whether it was got through." against spine `SUBSISTENCE` reads [none recovered]
       NOT-EXECUTABLE: the wiring census recovered no reading for this pool, so there is no declared field set to reconcile the text against
       a word-level synonym table ships and was applied
     arm Q vocabulary REPORT (no arm changed): "What it has is what it is using." against spine `SUBSISTENCE` reads [none recovered]
       NOT-EXECUTABLE: the wiring census recovered no reading for this pool, so there is no declared field set to reconcile the text against
       a word-level synonym table ships and was applied
     arm Q vocabulary REPORT (no arm changed): "Nothing is set aside because there is nothing to set aside." against spine `SUBSISTENCE` reads [none recovered]
       NOT-EXECUTABLE: the wiring census recovered no reading for this pool, so there is no declared field set to reconcile the text against
       a word-level synonym table ships and was applied
     words per face: 21 · 25 · 18 (sentence form)
     sibling distance: #1 1 faces, 0 synonym swap(s) · #2 1 faces, 0 synonym swap(s) · #3 1 faces, 0 synonym swap(s)
     sibling SPREAD #1: NOT-EXECUTABLE: a distance needs two faces and this variant carries 1
     sibling SPREAD #2: NOT-EXECUTABLE: a distance needs two faces and this variant carries 1
     sibling SPREAD #3: NOT-EXECUTABLE: a distance needs two faces and this variant carries 1
     band position FACE grain (8 word-level metrics): mean distance from the exemplar median 0.402 band-widths · budget ok on 3/3 · depth ok on 2/3 · perfection-suspect 2 · distinct tuples 2 of 3 face(s)
     band position CORPUS grain (13 text-level metrics over 64 word(s)): exceeded 11/13 · share 0.846 · mean 0.653 · deepest shapes.thereIsOpenerRate 2.057 over
     provenance: 0 citation(s) · A13 rows 0

  ── DS-ECO-8 :: WEALTHY   [WITHHELD]  inBand YES
     variants 3 · faces 1/1/1 · attach 0 · units 3 · rate ABSENT · departure ABSENT
     rounds: draft 0 · refine-A no · refine-B no
     reported: band depth · punctuation.colonRate (over) = 2.994 band-widths on 1 of 3 face(s) | DEPTH at most 1.75 band-widths on every face (REPORTED, refuses nothing — ADDENDUM 18 ruling 1)
     walk: FAIL 0 · WITHHELD 3 · PASS 0 · findings 5
     unit: FAIL 0 · WITHHELD 3 · PASS 0   ·   owned: FAIL 0 · WITHHELD 0 · PASS 3 (0 owned finding(s), 5 inherited)
     inherited (the SPINE's own, never counted against this pool): Q · a second sentence naming no second field · spine `WEALTHY` · "The accounts are not merely positive." x 1
     inherited (the SPINE's own, never counted against this pool): Q · a second sentence naming no second field · spine `WEALTHY` · "They are cushioned." x 1
     inherited (the SPINE's own, never counted against this pool): C3 · is this clause historical? · spine `WEALTHY` · "The wealth here is not the kind a stranger has to look for. It is in the scale of everything ..." x 1
     inherited (the SPINE's own, never counted against this pool): Q · a second sentence naming no second field · spine `WEALTHY` · "It is in the scale of everything at once: the gates, the halls, the goods on ordinary stalls." x 1
     inherited (the SPINE's own, never counted against this pool): Q · a second sentence naming no second field · spine `WEALTHY` · "What would be a crisis elsewhere is an expense here." x 1
     arm Q vocabulary REPORT (no arm changed): "The accounts are not merely positive." against spine `WEALTHY` reads [none recovered]
       NOT-EXECUTABLE: the wiring census recovered no reading for this pool, so there is no declared field set to reconcile the text against
       a word-level synonym table ships and was applied
     arm Q vocabulary REPORT (no arm changed): "They are cushioned." against spine `WEALTHY` reads [none recovered]
       NOT-EXECUTABLE: the wiring census recovered no reading for this pool, so there is no declared field set to reconcile the text against
       a word-level synonym table ships and was applied
     arm Q vocabulary REPORT (no arm changed): "It is in the scale of everything at once: the gates, the halls, the goods on ordinary stalls." against spine `WEALTHY` reads [none recovered]
       NOT-EXECUTABLE: the wiring census recovered no reading for this pool, so there is no declared field set to reconcile the text against
       a word-level synonym table ships and was applied
     arm Q vocabulary REPORT (no arm changed): "What would be a crisis elsewhere is an expense here." against spine `WEALTHY` reads [none recovered]
       NOT-EXECUTABLE: the wiring census recovered no reading for this pool, so there is no declared field set to reconcile the text against
       a word-level synonym table ships and was applied
     words per face: 24 · 31 · 18 (sentence form)
     sibling distance: #1 1 faces, 0 synonym swap(s) · #2 1 faces, 0 synonym swap(s) · #3 1 faces, 0 synonym swap(s)
     sibling SPREAD #1: NOT-EXECUTABLE: a distance needs two faces and this variant carries 1
     sibling SPREAD #2: NOT-EXECUTABLE: a distance needs two faces and this variant carries 1
     sibling SPREAD #3: NOT-EXECUTABLE: a distance needs two faces and this variant carries 1
     band position FACE grain (8 word-level metrics): mean distance from the exemplar median 0.402 band-widths · budget ok on 3/3 · depth ok on 2/3 · perfection-suspect 2 · distinct tuples 2 of 3 face(s)
     band position CORPUS grain (13 text-level metrics over 73 word(s)): exceeded 9/13 · share 0.692 · mean 0.816 · deepest closers.pronounRate 3.682 over
     provenance: 0 citation(s) · A13 rows 0

  ── DS-ECO-9 :: ACTIVE FAMINE   [WITHHELD]  inBand YES
     variants 3 · faces 1/1/1 · attach 0 · units 3 · rate ABSENT · departure ABSENT
     rounds: draft 0 · refine-A no · refine-B no
     reported: band depth · punctuation.colonRate (over) = 2.994 band-widths on 1 of 3 face(s) | DEPTH at most 1.75 band-widths on every face (REPORTED, refuses nothing — ADDENDUM 18 ruling 1)
     walk: FAIL 0 · WITHHELD 2 · PASS 1 · findings 4
     unit: FAIL 0 · WITHHELD 2 · PASS 1   ·   owned: FAIL 0 · WITHHELD 0 · PASS 3 (0 owned finding(s), 4 inherited)
     inherited (the SPINE's own, never counted against this pool): Q · a second sentence naming no second field · spine `ACTIVE FAMINE` · "No arrangement is bringing enough." x 1
     inherited (the SPINE's own, never counted against this pool): Q · a second sentence naming no second field · spine `ACTIVE FAMINE` · "The counts have stopped being a margin and started being a total." x 1
     inherited (the SPINE's own, never counted against this pool): C3 · a processing claim on a goods sentence · spine `ACTIVE FAMINE` · "not pressed:" x 1
     inherited (the SPINE's own, never counted against this pool): Q · a second sentence naming no second field · spine `ACTIVE FAMINE` · "Not short, not pressed: hungry, and the ordinary answers have already been tried." x 1
     arm Q vocabulary REPORT (no arm changed): "No arrangement is bringing enough." against spine `ACTIVE FAMINE` reads [none recovered]
       NOT-EXECUTABLE: the wiring census recovered no reading for this pool, so there is no declared field set to reconcile the text against
       a word-level synonym table ships and was applied
     arm Q vocabulary REPORT (no arm changed): "The counts have stopped being a margin and started being a total." against spine `ACTIVE FAMINE` reads [none recovered]
       NOT-EXECUTABLE: the wiring census recovered no reading for this pool, so there is no declared field set to reconcile the text against
       a word-level synonym table ships and was applied
     arm Q vocabulary REPORT (no arm changed): "Not short, not pressed: hungry, and the ordinary answers have already been tried." against spine `ACTIVE FAMINE` reads [none recovered]
       NOT-EXECUTABLE: the wiring census recovered no reading for this pool, so there is no declared field set to reconcile the text against
       a word-level synonym table ships and was applied
     words per face: 24 · 17 · 23 (sentence form)
     sibling distance: #1 1 faces, 0 synonym swap(s) · #2 1 faces, 0 synonym swap(s) · #3 1 faces, 0 synonym swap(s)
     sibling SPREAD #1: NOT-EXECUTABLE: a distance needs two faces and this variant carries 1
     sibling SPREAD #2: NOT-EXECUTABLE: a distance needs two faces and this variant carries 1
     sibling SPREAD #3: NOT-EXECUTABLE: a distance needs two faces and this variant carries 1
     band position FACE grain (8 word-level metrics): mean distance from the exemplar median 0.402 band-widths · budget ok on 3/3 · depth ok on 2/3 · perfection-suspect 2 · distinct tuples 2 of 3 face(s)
     band position CORPUS grain (13 text-level metrics over 64 word(s)): exceeded 11/13 · share 0.846 · mean 1.059 · deepest shapes.antithesisRate 3.223 over
     provenance: 0 citation(s) · A13 rows 0

  ── DS-ECO-9 :: BLOCKADE BYPASSED   [WITHHELD]  inBand YES
     variants 3 · faces 1/1/1 · attach 0 · units 3 · rate ABSENT · departure ABSENT
     rounds: draft 0 · refine-A no · refine-B no
     walk: FAIL 0 · WITHHELD 3 · PASS 0 · findings 3
     unit: FAIL 0 · WITHHELD 3 · PASS 0   ·   owned: FAIL 0 · WITHHELD 0 · PASS 3 (0 owned finding(s), 3 inherited)
     inherited (the SPINE's own, never counted against this pool): Q · a second sentence naming no second field · spine `BLOCKADE BYPASSED` · "Something is getting past the line, not much of it, and enough to keep the counts from collap..." x 1
     inherited (the SPINE's own, never counted against this pool): Q · a second sentence naming no second field · spine `BLOCKADE BYPASSED` · "A way in is still open and it is not on the returns." x 1
     inherited (the SPINE's own, never counted against this pool): Q · a second sentence naming no second field · spine `BLOCKADE BYPASSED` · "The market is not empty." x 1
     arm Q vocabulary REPORT (no arm changed): "Something is getting past the line, not much of it, and enough to keep the counts from collap..." against spine `BLOCKADE BYPASSED` reads [eco.foodSecurity.stockpile, eco.foodSecurity.stockpile.blockadeBypass]
       maps to no field — the clause names no field the spine declares it reads, under the vocabulary the census supplies
       a word-level synonym table ships and was applied
     arm Q vocabulary REPORT (no arm changed): "A way in is still open and it is not on the returns." against spine `BLOCKADE BYPASSED` reads [eco.foodSecurity.stockpile, eco.foodSecurity.stockpile.blockadeBypass]
       maps to no field — the clause names no field the spine declares it reads, under the vocabulary the census supplies
       a word-level synonym table ships and was applied
     arm Q vocabulary REPORT (no arm changed): "The market is not empty." against spine `BLOCKADE BYPASSED` reads [eco.foodSecurity.stockpile, eco.foodSecurity.stockpile.blockadeBypass]
       maps to no field — the clause names no field the spine declares it reads, under the vocabulary the census supplies
       a word-level synonym table ships and was applied
     words per face: 27 · 25 · 25 (sentence form)
     sibling distance: #1 1 faces, 0 synonym swap(s) · #2 1 faces, 0 synonym swap(s) · #3 1 faces, 0 synonym swap(s)
     sibling SPREAD #1: NOT-EXECUTABLE: a distance needs two faces and this variant carries 1
     sibling SPREAD #2: NOT-EXECUTABLE: a distance needs two faces and this variant carries 1
     sibling SPREAD #3: NOT-EXECUTABLE: a distance needs two faces and this variant carries 1
     band position FACE grain (8 word-level metrics): mean distance from the exemplar median 0.259 band-widths · budget ok on 3/3 · depth ok on 3/3 · perfection-suspect 3 · distinct tuples 1 of 3 face(s)
     band position CORPUS grain (13 text-level metrics over 77 word(s)): exceeded 9/13 · share 0.692 · mean 0.716 · deepest shapes.antithesisRate 3.223 over
     provenance: 0 citation(s) · A13 rows 0

  ── DS-ECO-9 :: BLOCKADED   [WITHHELD]  inBand YES
     variants 3 · faces 1/1/1 · attach 0 · units 3 · rate ABSENT · departure ABSENT
     rounds: draft 0 · refine-A no · refine-B no
     walk: FAIL 0 · WITHHELD 3 · PASS 0 · findings 7
     unit: FAIL 0 · WITHHELD 3 · PASS 0   ·   owned: FAIL 0 · WITHHELD 0 · PASS 3 (0 owned finding(s), 7 inherited)
     inherited (the SPINE's own, never counted against this pool): Q · a second sentence naming no second field · spine `BLOCKADED` · "What is inside the walls is what the town has." x 1
     inherited (the SPINE's own, never counted against this pool): Q · a second sentence naming no second field · spine `BLOCKADED` · "No count is being added to it." x 1
     inherited (the SPINE's own, never counted against this pool): X · exhaustivity over an open column · spine `BLOCKADED` · "What is inside the walls is what the town has." x 1
     inherited (the SPINE's own, never counted against this pool): Q · a second sentence naming no second field · spine `BLOCKADED` · "The town's grain store is the whole of the argument now." x 1
     inherited (the SPINE's own, never counted against this pool): Q · a second sentence naming no second field · spine `BLOCKADED` · "Everybody is doing the same arithmetic." x 1
     inherited (the SPINE's own, never counted against this pool): X · exhaustivity over an open column · spine `BLOCKADED` · "The town's grain store is the whole of the argument now." x 1
     inherited (the SPINE's own, never counted against this pool): Q · a second sentence naming no second field · spine `BLOCKADED` · "The stores are answering the siege in place of the fields." x 1
     arm Q vocabulary REPORT (no arm changed): "What is inside the walls is what the town has." against spine `BLOCKADED` reads [eco.foodSecurity.stockpile, eco.foodSecurity.stockpile.blockadeBypass, eco.foodSecurity.stockpile.blockaded]
       maps to no field — the clause names no field the spine declares it reads, under the vocabulary the census supplies
       a word-level synonym table ships and was applied
     arm Q vocabulary REPORT (no arm changed): "No count is being added to it." against spine `BLOCKADED` reads [eco.foodSecurity.stockpile, eco.foodSecurity.stockpile.blockadeBypass, eco.foodSecurity.stockpile.blockaded]
       maps to no field — the clause names no field the spine declares it reads, under the vocabulary the census supplies
       a word-level synonym table ships and was applied
     arm Q vocabulary REPORT (no arm changed): "The town's grain store is the whole of the argument now." against spine `BLOCKADED` reads [eco.foodSecurity.stockpile, eco.foodSecurity.stockpile.blockadeBypass, eco.foodSecurity.stockpile.blockaded]
       maps to no field — the clause names no field the spine declares it reads, under the vocabulary the census supplies
       a word-level synonym table ships and was applied
     arm Q vocabulary REPORT (no arm changed): "Everybody is doing the same arithmetic." against spine `BLOCKADED` reads [eco.foodSecurity.stockpile, eco.foodSecurity.stockpile.blockadeBypass, eco.foodSecurity.stockpile.blockaded]
       maps to no field — the clause names no field the spine declares it reads, under the vocabulary the census supplies
       a word-level synonym table ships and was applied
     arm Q vocabulary REPORT (no arm changed): "The stores are answering the siege in place of the fields." against spine `BLOCKADED` reads [eco.foodSecurity.stockpile, eco.foodSecurity.stockpile.blockadeBypass, eco.foodSecurity.stockpile.blockaded]
       maps to no field — the clause names no field the spine declares it reads, under the vocabulary the census supplies
       a word-level synonym table ships and was applied
     words per face: 25 · 21 · 24 (sentence form)
     sibling distance: #1 1 faces, 0 synonym swap(s) · #2 1 faces, 0 synonym swap(s) · #3 1 faces, 0 synonym swap(s)
     sibling SPREAD #1: NOT-EXECUTABLE: a distance needs two faces and this variant carries 1
     sibling SPREAD #2: NOT-EXECUTABLE: a distance needs two faces and this variant carries 1
     sibling SPREAD #3: NOT-EXECUTABLE: a distance needs two faces and this variant carries 1
     band position FACE grain (8 word-level metrics): mean distance from the exemplar median 0.259 band-widths · budget ok on 3/3 · depth ok on 3/3 · perfection-suspect 3 · distinct tuples 1 of 3 face(s)
     band position CORPUS grain (13 text-level metrics over 70 word(s)): exceeded 11/13 · share 0.846 · mean 0.617 · deepest shapes.doubledAdjectiveRate 1.749 over
     provenance: 1 citation(s) · A13 rows 0

  ── DS-ECO-9 :: DEFICIT   [WITHHELD]  inBand YES
     variants 3 · faces 1/1/1 · attach 0 · units 3 · rate 1563 bp · departure 0
     rounds: draft 0 · refine-A no · refine-B no
     walk: FAIL 0 · WITHHELD 3 · PASS 0 · findings 4
     unit: FAIL 0 · WITHHELD 3 · PASS 0   ·   owned: FAIL 0 · WITHHELD 0 · PASS 3 (0 owned finding(s), 4 inherited)
     inherited (the SPINE's own, never counted against this pool): Q · a second sentence naming no second field · spine `DEFICIT` · "The shortfall is large, standing, and covered incompletely." x 1
     inherited (the SPINE's own, never counted against this pool): Q · a second sentence naming no second field · spine `DEFICIT` · "What comes in helps and does not close the gap." x 1
     inherited (the SPINE's own, never counted against this pool): A3 · the band half is the refuter's · spine `DEFICIT` · "rather than made up from anywhere" x 1
     inherited (the SPINE's own, never counted against this pool): Q · a second sentence naming no second field · spine `DEFICIT` · "The difference is being taken out of the stores rather than made up from anywhere." x 1
     arm Q vocabulary REPORT (no arm changed): "The shortfall is large, standing, and covered incompletely." against spine `DEFICIT` reads [none recovered]
       NOT-EXECUTABLE: the wiring census recovered no reading for this pool, so there is no declared field set to reconcile the text against
       a word-level synonym table ships and was applied
     arm Q vocabulary REPORT (no arm changed): "What comes in helps and does not close the gap." against spine `DEFICIT` reads [none recovered]
       NOT-EXECUTABLE: the wiring census recovered no reading for this pool, so there is no declared field set to reconcile the text against
       a word-level synonym table ships and was applied
     arm Q vocabulary REPORT (no arm changed): "The difference is being taken out of the stores rather than made up from anywhere." against spine `DEFICIT` reads [none recovered]
       NOT-EXECUTABLE: the wiring census recovered no reading for this pool, so there is no declared field set to reconcile the text against
       a word-level synonym table ships and was applied
     words per face: 17 · 23 · 26 (sentence form)
     sibling distance: #1 1 faces, 0 synonym swap(s) · #2 1 faces, 0 synonym swap(s) · #3 1 faces, 0 synonym swap(s)
     sibling SPREAD #1: NOT-EXECUTABLE: a distance needs two faces and this variant carries 1
     sibling SPREAD #2: NOT-EXECUTABLE: a distance needs two faces and this variant carries 1
     sibling SPREAD #3: NOT-EXECUTABLE: a distance needs two faces and this variant carries 1
     band position FACE grain (8 word-level metrics): mean distance from the exemplar median 0.259 band-widths · budget ok on 3/3 · depth ok on 3/3 · perfection-suspect 3 · distinct tuples 1 of 3 face(s)
     band position CORPUS grain (13 text-level metrics over 66 word(s)): exceeded 11/13 · share 0.846 · mean 1.112 · deepest shapes.antithesisRate 3.969 over
     provenance: 0 citation(s) · A13 rows 0

  ── DS-ECO-9 :: IMPORT-DEPENDENT   [WITHHELD]  inBand YES
     variants 3 · faces 1/1/1 · attach 0 · units 3 · rate 4010 bp · departure 0
     rounds: draft 0 · refine-A no · refine-B no
     reported: band depth · shapes.participialOpenerRate (over) = 8.746 band-widths on 1 of 3 face(s) | DEPTH at most 1.75 band-widths on every face (REPORTED, refuses nothing — ADDENDUM 18 ruling 1)
     walk: FAIL 0 · WITHHELD 3 · PASS 0 · findings 6
     unit: FAIL 0 · WITHHELD 3 · PASS 0   ·   owned: FAIL 0 · WITHHELD 0 · PASS 3 (0 owned finding(s), 6 inherited)
     inherited (the SPINE's own, never counted against this pool): A3 · the band half is the refuter's · spine `IMPORT-DEPENDENT` · "rather than grown" x 1
     inherited (the SPINE's own, never counted against this pool): Q · a second sentence naming no second field · spine `IMPORT-DEPENDENT` · "The town's food is a trade item." x 1
     inherited (the SPINE's own, never counted against this pool): Q · a second sentence naming no second field · spine `IMPORT-DEPENDENT` · "The trade is not optional." x 1
     inherited (the SPINE's own, never counted against this pool): Q · a second sentence naming no second field · spine `IMPORT-DEPENDENT` · "Everybody knows what day they come and what it means if they do not." x 1
     inherited (the SPINE's own, never counted against this pool): Q · a second sentence naming no second field · spine `IMPORT-DEPENDENT` · "Nothing about the arrangement is failing." x 1
     inherited (the SPINE's own, never counted against this pool): Q · a second sentence naming no second field · spine `IMPORT-DEPENDENT` · "Everything about it rests on the road staying open." x 1
     arm Q vocabulary REPORT (no arm changed): "The town's food is a trade item." against spine `IMPORT-DEPENDENT` reads [none recovered]
       NOT-EXECUTABLE: the wiring census recovered no reading for this pool, so there is no declared field set to reconcile the text against
       a word-level synonym table ships and was applied
     arm Q vocabulary REPORT (no arm changed): "The trade is not optional." against spine `IMPORT-DEPENDENT` reads [none recovered]
       NOT-EXECUTABLE: the wiring census recovered no reading for this pool, so there is no declared field set to reconcile the text against
       a word-level synonym table ships and was applied
     arm Q vocabulary REPORT (no arm changed): "Everybody knows what day they come and what it means if they do not." against spine `IMPORT-DEPENDENT` reads [none recovered]
       NOT-EXECUTABLE: the wiring census recovered no reading for this pool, so there is no declared field set to reconcile the text against
       a word-level synonym table ships and was applied
     arm Q vocabulary REPORT (no arm changed): "Nothing about the arrangement is failing." against spine `IMPORT-DEPENDENT` reads [none recovered]
       NOT-EXECUTABLE: the wiring census recovered no reading for this pool, so there is no declared field set to reconcile the text against
       a word-level synonym table ships and was applied
     arm Q vocabulary REPORT (no arm changed): "Everything about it rests on the road staying open." against spine `IMPORT-DEPENDENT` reads [none recovered]
       NOT-EXECUTABLE: the wiring census recovered no reading for this pool, so there is no declared field set to reconcile the text against
       a word-level synonym table ships and was applied
     words per face: 24 · 25 · 20 (sentence form)
     sibling distance: #1 1 faces, 0 synonym swap(s) · #2 1 faces, 0 synonym swap(s) · #3 1 faces, 0 synonym swap(s)
     sibling SPREAD #1: NOT-EXECUTABLE: a distance needs two faces and this variant carries 1
     sibling SPREAD #2: NOT-EXECUTABLE: a distance needs two faces and this variant carries 1
     sibling SPREAD #3: NOT-EXECUTABLE: a distance needs two faces and this variant carries 1
     band position FACE grain (8 word-level metrics): mean distance from the exemplar median 0.645 band-widths · budget ok on 3/3 · depth ok on 2/3 · perfection-suspect 2 · distinct tuples 2 of 3 face(s)
     band position CORPUS grain (13 text-level metrics over 69 word(s)): exceeded 12/13 · share 0.923 · mean 1.008 · deepest shapes.antithesisRate 3.223 over
     provenance: 0 citation(s) · A13 rows 0

  ── DS-ECO-9 :: PRESSURED   [WITHHELD]  inBand YES
     variants 3 · faces 1/1/1 · attach 0 · units 3 · rate 2409 bp · departure 0
     rounds: draft 0 · refine-A no · refine-B no
     walk: FAIL 0 · WITHHELD 3 · PASS 0 · findings 3
     unit: FAIL 0 · WITHHELD 3 · PASS 0   ·   owned: FAIL 0 · WITHHELD 0 · PASS 3 (0 owned finding(s), 3 inherited)
     inherited (the SPINE's own, never counted against this pool): Q · a second sentence naming no second field · spine `PRESSURED` · "The little has to be found somewhere every season." x 1
     inherited (the SPINE's own, never counted against this pool): Q · a second sentence naming no second field · spine `PRESSURED` · "People here have started noticing the word "mostly"." x 1
     inherited (the SPINE's own, never counted against this pool): Q · a second sentence naming no second field · spine `PRESSURED` · "A shock to the fields or the road would be felt inside a season." x 1
     arm Q vocabulary REPORT (no arm changed): "The little has to be found somewhere every season." against spine `PRESSURED` reads [none recovered]
       NOT-EXECUTABLE: the wiring census recovered no reading for this pool, so there is no declared field set to reconcile the text against
       a word-level synonym table ships and was applied
     arm Q vocabulary REPORT (no arm changed): "People here have started noticing the word "mostly"." against spine `PRESSURED` reads [none recovered]
       NOT-EXECUTABLE: the wiring census recovered no reading for this pool, so there is no declared field set to reconcile the text against
       a word-level synonym table ships and was applied
     arm Q vocabulary REPORT (no arm changed): "A shock to the fields or the road would be felt inside a season." against spine `PRESSURED` reads [none recovered]
       NOT-EXECUTABLE: the wiring census recovered no reading for this pool, so there is no declared field set to reconcile the text against
       a word-level synonym table ships and was applied
     words per face: 18 · 12 · 22 (sentence form)
     sibling distance: #1 1 faces, 0 synonym swap(s) · #2 1 faces, 0 synonym swap(s) · #3 1 faces, 0 synonym swap(s)
     sibling SPREAD #1: NOT-EXECUTABLE: a distance needs two faces and this variant carries 1
     sibling SPREAD #2: NOT-EXECUTABLE: a distance needs two faces and this variant carries 1
     sibling SPREAD #3: NOT-EXECUTABLE: a distance needs two faces and this variant carries 1
     band position FACE grain (8 word-level metrics): mean distance from the exemplar median 0.321 band-widths · budget ok on 3/3 · depth ok on 3/3 · perfection-suspect 2 · distinct tuples 2 of 3 face(s)
     band position CORPUS grain (13 text-level metrics over 52 word(s)): exceeded 12/13 · share 0.923 · mean 0.763 · deepest shapes.thereIsOpenerRate 2.674 over
     provenance: 0 citation(s) · A13 rows 0

  ── DS-ECO-9 :: SECURE   [WITHHELD]  inBand YES
     variants 3 · faces 1/1/1 · attach 0 · units 3 · rate 1706 bp · departure 0
     rounds: draft 0 · refine-A no · refine-B no
     walk: FAIL 0 · WITHHELD 3 · PASS 0 · findings 3
     unit: FAIL 0 · WITHHELD 3 · PASS 0   ·   owned: FAIL 0 · WITHHELD 0 · PASS 3 (0 owned finding(s), 3 inherited)
     inherited (the SPINE's own, never counted against this pool): Q · a second sentence naming no second field · spine `SECURE` · "The counts come out ahead by a little, every season, without much drama." x 1
     inherited (the SPINE's own, never counted against this pool): Q · a second sentence naming no second field · spine `SECURE` · "It is not a subject anyone raises unprompted." x 1
     inherited (the SPINE's own, never counted against this pool): Q · a second sentence naming no second field · spine `SECURE` · "The margin is real and thin enough that a good season and a poor one feel different." x 1
     arm Q vocabulary REPORT (no arm changed): "The counts come out ahead by a little, every season, without much drama." against spine `SECURE` reads [none recovered]
       NOT-EXECUTABLE: the wiring census recovered no reading for this pool, so there is no declared field set to reconcile the text against
       a word-level synonym table ships and was applied
     arm Q vocabulary REPORT (no arm changed): "It is not a subject anyone raises unprompted." against spine `SECURE` reads [none recovered]
       NOT-EXECUTABLE: the wiring census recovered no reading for this pool, so there is no declared field set to reconcile the text against
       a word-level synonym table ships and was applied
     arm Q vocabulary REPORT (no arm changed): "The margin is real and thin enough that a good season and a poor one feel different." against spine `SECURE` reads [none recovered]
       NOT-EXECUTABLE: the wiring census recovered no reading for this pool, so there is no declared field set to reconcile the text against
       a word-level synonym table ships and was applied
     words per face: 20 · 11 · 24 (sentence form)
     sibling distance: #1 1 faces, 0 synonym swap(s) · #2 1 faces, 0 synonym swap(s) · #3 1 faces, 0 synonym swap(s)
     sibling SPREAD #1: NOT-EXECUTABLE: a distance needs two faces and this variant carries 1
     sibling SPREAD #2: NOT-EXECUTABLE: a distance needs two faces and this variant carries 1
     sibling SPREAD #3: NOT-EXECUTABLE: a distance needs two faces and this variant carries 1
     band position FACE grain (8 word-level metrics): mean distance from the exemplar median 0.259 band-widths · budget ok on 3/3 · depth ok on 3/3 · perfection-suspect 3 · distinct tuples 1 of 3 face(s)
     band position CORPUS grain (13 text-level metrics over 55 word(s)): exceeded 11/13 · share 0.846 · mean 0.977 · deepest shapes.doubledAdjectiveRate 2.894 over
     provenance: 0 citation(s) · A13 rows 0

  ── DS-ECO-9 :: SURPLUS   [WITHHELD]  inBand YES
     variants 3 · faces 1/1/1 · attach 0 · units 3 · rate ABSENT · departure ABSENT
     rounds: draft 0 · refine-A no · refine-B no
     walk: FAIL 0 · WITHHELD 3 · PASS 0 · findings 4
     unit: FAIL 0 · WITHHELD 3 · PASS 0   ·   owned: FAIL 0 · WITHHELD 0 · PASS 3 (0 owned finding(s), 4 inherited)
     inherited (the SPINE's own, never counted against this pool): Q · a second sentence naming no second field · spine `SURPLUS` · "The excess is stored against a bad season and, in a good stretch, sold." x 1
     inherited (the SPINE's own, never counted against this pool): Q · a second sentence naming no second field · spine `SURPLUS` · "The fields have been generous and the stores can take a failure without anyone going short." x 1
     inherited (the SPINE's own, never counted against this pool): Q · a second sentence naming no second field · spine `SURPLUS` · "There is more than enough." x 1
     inherited (the SPINE's own, never counted against this pool): Q · a second sentence naming no second field · spine `SURPLUS` · "It is unremarkable to anyone local." x 1
     arm Q vocabulary REPORT (no arm changed): "The excess is stored against a bad season and, in a good stretch, sold." against spine `SURPLUS` reads [none recovered]
       NOT-EXECUTABLE: the wiring census recovered no reading for this pool, so there is no declared field set to reconcile the text against
       a word-level synonym table ships and was applied
     arm Q vocabulary REPORT (no arm changed): "The fields have been generous and the stores can take a failure without anyone going short." against spine `SURPLUS` reads [none recovered]
       NOT-EXECUTABLE: the wiring census recovered no reading for this pool, so there is no declared field set to reconcile the text against
       a word-level synonym table ships and was applied
     arm Q vocabulary REPORT (no arm changed): "There is more than enough." against spine `SURPLUS` reads [none recovered]
       NOT-EXECUTABLE: the wiring census recovered no reading for this pool, so there is no declared field set to reconcile the text against
       a word-level synonym table ships and was applied
     arm Q vocabulary REPORT (no arm changed): "It is unremarkable to anyone local." against spine `SURPLUS` reads [none recovered]
       NOT-EXECUTABLE: the wiring census recovered no reading for this pool, so there is no declared field set to reconcile the text against
       a word-level synonym table ships and was applied
     words per face: 21 · 23 · 22 (sentence form)
     sibling distance: #1 1 faces, 0 synonym swap(s) · #2 1 faces, 0 synonym swap(s) · #3 1 faces, 0 synonym swap(s)
     sibling SPREAD #1: NOT-EXECUTABLE: a distance needs two faces and this variant carries 1
     sibling SPREAD #2: NOT-EXECUTABLE: a distance needs two faces and this variant carries 1
     sibling SPREAD #3: NOT-EXECUTABLE: a distance needs two faces and this variant carries 1
     band position FACE grain (8 word-level metrics): mean distance from the exemplar median 0.259 band-widths · budget ok on 3/3 · depth ok on 3/3 · perfection-suspect 3 · distinct tuples 1 of 3 face(s)
     band position CORPUS grain (13 text-level metrics over 66 word(s)): exceeded 11/13 · share 0.846 · mean 0.893 · deepest shapes.thereIsOpenerRate 4.261 over
     provenance: 0 citation(s) · A13 rows 0

  ── DS-SUP-1 :: A PROCESSING HOUSE MISSING FROM THE ROSTER   [FAIL]  inBand YES
     variants 3 · faces 1/1/1 · attach 0 · units 3 · rate ABSENT · departure ABSENT
     rounds: draft 0 · refine-A no · refine-B no
     walk: FAIL 1 · WITHHELD 2 · PASS 0 · findings 5
     unit: FAIL 1 · WITHHELD 2 · PASS 0   ·   owned: FAIL 0 · WITHHELD 0 · PASS 3 (0 owned finding(s), 5 inherited)
     inherited (the SPINE's own, never counted against this pool): A3 · the band half is the refuter's · spine `A PROCESSING HOUSE MISSING FROM THE ROSTER` · "or not at all." x 1
     inherited (the SPINE's own, never counted against this pool): Q · a second sentence naming no second field · spine `A PROCESSING HOUSE MISSING FROM THE ROSTER` · "The line ends where the working should begin, and the raw goods go out raw or not at all." x 1
     inherited (the SPINE's own, never counted against this pool): C4 · a bare future indicative · spine `A PROCESSING HOUSE MISSING FROM THE ROSTER` · "A stranger looking for {institution} here will not find one." x 1
     inherited (the SPINE's own, never counted against this pool): Q · a second sentence naming no second field · spine `A PROCESSING HOUSE MISSING FROM THE ROSTER` · "What the town takes out of the ground, it sends on for somebody else to finish." x 1
     inherited (the SPINE's own, never counted against this pool): Q · a second sentence naming no second field · spine `A PROCESSING HOUSE MISSING FROM THE ROSTER` · "It has to be sent for, or done without." x 1
     arm Q vocabulary REPORT (no arm changed): "The line ends where the working should begin, and the raw goods go out raw or not at all." against spine `A PROCESSING HOUSE MISSING FROM THE ROSTER` reads [none recovered]
       NOT-EXECUTABLE: the wiring census recovered no reading for this pool, so there is no declared field set to reconcile the text against
       a word-level synonym table ships and was applied
     arm Q vocabulary REPORT (no arm changed): "What the town takes out of the ground, it sends on for somebody else to finish." against spine `A PROCESSING HOUSE MISSING FROM THE ROSTER` reads [none recovered]
       NOT-EXECUTABLE: the wiring census recovered no reading for this pool, so there is no declared field set to reconcile the text against
       a word-level synonym table ships and was applied
     arm Q vocabulary REPORT (no arm changed): "It has to be sent for, or done without." against spine `A PROCESSING HOUSE MISSING FROM THE ROSTER` reads [none recovered]
       NOT-EXECUTABLE: the wiring census recovered no reading for this pool, so there is no declared field set to reconcile the text against
       a word-level synonym table ships and was applied
     words per face: 27 · 26 · 20 (sentence form)
     sibling distance: #1 1 faces, 0 synonym swap(s) · #2 1 faces, 0 synonym swap(s) · #3 1 faces, 0 synonym swap(s)
     sibling SPREAD #1: NOT-EXECUTABLE: a distance needs two faces and this variant carries 1
     sibling SPREAD #2: NOT-EXECUTABLE: a distance needs two faces and this variant carries 1
     sibling SPREAD #3: NOT-EXECUTABLE: a distance needs two faces and this variant carries 1
     band position FACE grain (8 word-level metrics): mean distance from the exemplar median 0.259 band-widths · budget ok on 3/3 · depth ok on 3/3 · perfection-suspect 3 · distinct tuples 1 of 3 face(s)
     band position CORPUS grain (13 text-level metrics over 73 word(s)): exceeded 12/13 · share 0.923 · mean 0.642 · deepest runsOfThreeSameLengthBand 1.016 over
     provenance: 0 citation(s) · A13 rows 0

  ── DS-SUP-1 :: BLOCKED: nothing can be got away   [WITHHELD]  inBand YES
     variants 3 · faces 1/1/1 · attach 0 · units 3 · rate ABSENT · departure ABSENT
     rounds: draft 0 · refine-A no · refine-B no
     walk: FAIL 0 · WITHHELD 3 · PASS 0 · findings 4
     unit: FAIL 0 · WITHHELD 3 · PASS 0   ·   owned: FAIL 0 · WITHHELD 0 · PASS 3 (0 owned finding(s), 4 inherited)
     inherited (the SPINE's own, never counted against this pool): Q · a second sentence naming no second field · spine `BLOCKED: nothing can be got away` · "There is no way to move what it makes, so it is not being made." x 1
     inherited (the SPINE's own, never counted against this pool): Q · a second sentence naming no second field · spine `BLOCKED: nothing can be got away` · "It is not that there is nothing in them; it is that nothing can be got away from them." x 1
     inherited (the SPINE's own, never counted against this pool): Q · a trailing coordinate naming no second field · spine `BLOCKED: nothing can be got away` · "it is that nothing can be got away from them." x 1
     inherited (the SPINE's own, never counted against this pool): Q · a second sentence naming no second field · spine `BLOCKED: nothing can be got away` · "Without a road out, the ground might as well be empty." x 1
     arm Q vocabulary REPORT (no arm changed): "There is no way to move what it makes, so it is not being made." against spine `BLOCKED: nothing can be got away` reads [none recovered]
       NOT-EXECUTABLE: the wiring census recovered no reading for this pool, so there is no declared field set to reconcile the text against
       a word-level synonym table ships and was applied
     arm Q vocabulary REPORT (no arm changed): "It is not that there is nothing in them; it is that nothing can be got away from them." against spine `BLOCKED: nothing can be got away` reads [none recovered]
       NOT-EXECUTABLE: the wiring census recovered no reading for this pool, so there is no declared field set to reconcile the text against
       a word-level synonym table ships and was applied
     arm Q vocabulary REPORT (no arm changed): "it is that nothing can be got away from them." against spine `BLOCKED: nothing can be got away` reads [none recovered]
       NOT-EXECUTABLE: the wiring census recovered no reading for this pool, so there is no declared field set to reconcile the text against
       a word-level synonym table ships and was applied
     arm Q vocabulary REPORT (no arm changed): "Without a road out, the ground might as well be empty." against spine `BLOCKED: nothing can be got away` reads [none recovered]
       NOT-EXECUTABLE: the wiring census recovered no reading for this pool, so there is no declared field set to reconcile the text against
       a word-level synonym table ships and was applied
     words per face: 25 · 25 · 21 (sentence form)
     sibling distance: #1 1 faces, 0 synonym swap(s) · #2 1 faces, 0 synonym swap(s) · #3 1 faces, 0 synonym swap(s)
     sibling SPREAD #1: NOT-EXECUTABLE: a distance needs two faces and this variant carries 1
     sibling SPREAD #2: NOT-EXECUTABLE: a distance needs two faces and this variant carries 1
     sibling SPREAD #3: NOT-EXECUTABLE: a distance needs two faces and this variant carries 1
     band position FACE grain (8 word-level metrics): mean distance from the exemplar median 0.259 band-widths · budget ok on 3/3 · depth ok on 3/3 · perfection-suspect 3 · distinct tuples 1 of 3 face(s)
     band position CORPUS grain (13 text-level metrics over 71 word(s)): exceeded 10/13 · share 0.769 · mean 1.083 · deepest shapes.thereIsOpenerRate 5.143 over
     provenance: 0 citation(s) · A13 rows 0

  ── DS-SUP-1 :: COMPLETE LINE, output exported   [PASS]  inBand YES
     variants 3 · faces 1/1/1 · attach 0 · units 3 · rate ABSENT · departure ABSENT
     rounds: draft 0 · refine-A no · refine-B no
     reported: band depth · punctuation.colonRate (over) = 6.987 band-widths on 1 of 3 face(s) | DEPTH at most 1.75 band-widths on every face (REPORTED, refuses nothing — ADDENDUM 18 ruling 1)
     walk: FAIL 0 · WITHHELD 0 · PASS 3 · findings 0
     unit: FAIL 0 · WITHHELD 0 · PASS 3   ·   owned: FAIL 0 · WITHHELD 0 · PASS 3 (0 owned finding(s), 0 inherited)
     words per face: 25 · 23 · 25 (sentence form)
     sibling distance: #1 1 faces, 0 synonym swap(s) · #2 1 faces, 0 synonym swap(s) · #3 1 faces, 0 synonym swap(s)
     sibling SPREAD #1: NOT-EXECUTABLE: a distance needs two faces and this variant carries 1
     sibling SPREAD #2: NOT-EXECUTABLE: a distance needs two faces and this variant carries 1
     sibling SPREAD #3: NOT-EXECUTABLE: a distance needs two faces and this variant carries 1
     band position FACE grain (8 word-level metrics): mean distance from the exemplar median 0.568 band-widths · budget ok on 3/3 · depth ok on 2/3 · perfection-suspect 2 · distinct tuples 2 of 3 face(s)
     band position CORPUS grain (13 text-level metrics over 73 word(s)): exceeded 11/13 · share 0.846 · mean 0.483 · deepest shapes.antithesisRate 0.257 under
     provenance: 0 citation(s) · A13 rows 0

  ── DS-SUP-1 :: ENTREPÔT PASS-THROUGH (no workshop in the line)   [WITHHELD]  inBand YES
     variants 3 · faces 1/1/1 · attach 0 · units 3 · rate ABSENT · departure ABSENT
     rounds: draft 0 · refine-A no · refine-B no
     reported: band depth · punctuation.colonRate (over) = 6.987 band-widths on 1 of 3 face(s) | DEPTH at most 1.75 band-widths on every face (REPORTED, refuses nothing — ADDENDUM 18 ruling 1)
     walk: FAIL 0 · WITHHELD 2 · PASS 1 · findings 2
     unit: FAIL 0 · WITHHELD 2 · PASS 1   ·   owned: FAIL 0 · WITHHELD 0 · PASS 3 (0 owned finding(s), 2 inherited)
     inherited (the SPINE's own, never counted against this pool): Q · a second sentence naming no second field · spine `ENTREPÔT PASS-THROUGH (no workshop in the line)` · "Goods arrive finished, are counted, and go on, and the town's return is on the counting." x 1
     inherited (the SPINE's own, never counted against this pool): Q · a second sentence naming no second field · spine `ENTREPÔT PASS-THROUGH (no workshop in the line)` · "The town moves it." x 1
     arm Q vocabulary REPORT (no arm changed): "Goods arrive finished, are counted, and go on, and the town's return is on the counting." against spine `ENTREPÔT PASS-THROUGH (no workshop in the line)` reads [none recovered]
       NOT-EXECUTABLE: the wiring census recovered no reading for this pool, so there is no declared field set to reconcile the text against
       a word-level synonym table ships and was applied
     arm Q vocabulary REPORT (no arm changed): "The town moves it." against spine `ENTREPÔT PASS-THROUGH (no workshop in the line)` reads [none recovered]
       NOT-EXECUTABLE: the wiring census recovered no reading for this pool, so there is no declared field set to reconcile the text against
       a word-level synonym table ships and was applied
     words per face: 24 · 23 · 15 (sentence form)
     sibling distance: #1 1 faces, 0 synonym swap(s) · #2 1 faces, 0 synonym swap(s) · #3 1 faces, 0 synonym swap(s)
     sibling SPREAD #1: NOT-EXECUTABLE: a distance needs two faces and this variant carries 1
     sibling SPREAD #2: NOT-EXECUTABLE: a distance needs two faces and this variant carries 1
     sibling SPREAD #3: NOT-EXECUTABLE: a distance needs two faces and this variant carries 1
     band position FACE grain (8 word-level metrics): mean distance from the exemplar median 0.568 band-widths · budget ok on 3/3 · depth ok on 2/3 · perfection-suspect 2 · distinct tuples 2 of 3 face(s)
     band position CORPUS grain (13 text-level metrics over 62 word(s)): exceeded 10/13 · share 0.769 · mean 0.967 · deepest closers.pronounRate 5.652 over
     provenance: 0 citation(s) · A13 rows 0

  ── DS-SUP-1 :: RESOURCE DEPLETED   [WITHHELD]  inBand YES
     variants 3 · faces 1/1/1 · attach 0 · units 3 · rate ABSENT · departure ABSENT
     rounds: draft 0 · refine-A no · refine-B no
     walk: FAIL 0 · WITHHELD 1 · PASS 2 · findings 3
     unit: FAIL 0 · WITHHELD 1 · PASS 2   ·   owned: FAIL 0 · WITHHELD 0 · PASS 3 (0 owned finding(s), 3 inherited)
     inherited (the SPINE's own, never counted against this pool): C3 · is this clause historical? · spine `RESOURCE DEPLETED` · "what was in them is not." x 1
     inherited (the SPINE's own, never counted against this pool): Q · a second sentence naming no second field · spine `RESOURCE DEPLETED` · "The workings are still there; what was in them is not." x 1
     inherited (the SPINE's own, never counted against this pool): Q · a trailing coordinate naming no second field · spine `RESOURCE DEPLETED` · "what was in them is not." x 1
     arm Q vocabulary REPORT (no arm changed): "The workings are still there; what was in them is not." against spine `RESOURCE DEPLETED` reads [none recovered]
       NOT-EXECUTABLE: the wiring census recovered no reading for this pool, so there is no declared field set to reconcile the text against
       a word-level synonym table ships and was applied
     arm Q vocabulary REPORT (no arm changed): "what was in them is not." against spine `RESOURCE DEPLETED` reads [none recovered]
       NOT-EXECUTABLE: the wiring census recovered no reading for this pool, so there is no declared field set to reconcile the text against
       a word-level synonym table ships and was applied
     words per face: 22 · 27 · 24 (sentence form)
     sibling distance: #1 1 faces, 0 synonym swap(s) · #2 1 faces, 0 synonym swap(s) · #3 1 faces, 0 synonym swap(s)
     sibling SPREAD #1: NOT-EXECUTABLE: a distance needs two faces and this variant carries 1
     sibling SPREAD #2: NOT-EXECUTABLE: a distance needs two faces and this variant carries 1
     sibling SPREAD #3: NOT-EXECUTABLE: a distance needs two faces and this variant carries 1
     band position FACE grain (8 word-level metrics): mean distance from the exemplar median 0.259 band-widths · budget ok on 3/3 · depth ok on 3/3 · perfection-suspect 3 · distinct tuples 1 of 3 face(s)
     band position CORPUS grain (13 text-level metrics over 73 word(s)): exceeded 10/13 · share 0.769 · mean 0.792 · deepest openers.sameOpenerAsPreviousRate 1.75 over
     provenance: 0 citation(s) · A13 rows 0

  ── DS-SUP-1 :: UPSTREAM LINK COVERED BY AN IMPORT   [WITHHELD]  inBand YES
     variants 3 · faces 1/1/1 · attach 0 · units 3 · rate ABSENT · departure ABSENT
     rounds: draft 0 · refine-A no · refine-B no
     walk: FAIL 0 · WITHHELD 2 · PASS 1 · findings 3
     unit: FAIL 0 · WITHHELD 2 · PASS 1   ·   owned: FAIL 0 · WITHHELD 0 · PASS 3 (0 owned finding(s), 3 inherited)
     inherited (the SPINE's own, never counted against this pool): Q · a second sentence naming no second field · spine `UPSTREAM LINK COVERED BY AN IMPORT` · "It buys it, and the line works exactly as long as the buying does." x 1
     inherited (the SPINE's own, never counted against this pool): Q · a second sentence naming no second field · spine `UPSTREAM LINK COVERED BY AN IMPORT` · "The work is local; the material is not." x 1
     inherited (the SPINE's own, never counted against this pool): Q · a trailing coordinate naming no second field · spine `UPSTREAM LINK COVERED BY AN IMPORT` · "the material is not." x 1
     arm Q vocabulary REPORT (no arm changed): "It buys it, and the line works exactly as long as the buying does." against spine `UPSTREAM LINK COVERED BY AN IMPORT` reads [none recovered]
       NOT-EXECUTABLE: the wiring census recovered no reading for this pool, so there is no declared field set to reconcile the text against
       a word-level synonym table ships and was applied
     arm Q vocabulary REPORT (no arm changed): "The work is local; the material is not." against spine `UPSTREAM LINK COVERED BY AN IMPORT` reads [none recovered]
       NOT-EXECUTABLE: the wiring census recovered no reading for this pool, so there is no declared field set to reconcile the text against
       a word-level synonym table ships and was applied
     arm Q vocabulary REPORT (no arm changed): "the material is not." against spine `UPSTREAM LINK COVERED BY AN IMPORT` reads [none recovered]
       NOT-EXECUTABLE: the wiring census recovered no reading for this pool, so there is no declared field set to reconcile the text against
       a word-level synonym table ships and was applied
     words per face: 24 · 25 · 16 (sentence form)
     sibling distance: #1 1 faces, 0 synonym swap(s) · #2 1 faces, 0 synonym swap(s) · #3 1 faces, 0 synonym swap(s)
     sibling SPREAD #1: NOT-EXECUTABLE: a distance needs two faces and this variant carries 1
     sibling SPREAD #2: NOT-EXECUTABLE: a distance needs two faces and this variant carries 1
     sibling SPREAD #3: NOT-EXECUTABLE: a distance needs two faces and this variant carries 1
     band position FACE grain (8 word-level metrics): mean distance from the exemplar median 0.259 band-widths · budget ok on 3/3 · depth ok on 3/3 · perfection-suspect 3 · distinct tuples 1 of 3 face(s)
     band position CORPUS grain (13 text-level metrics over 65 word(s)): exceeded 11/13 · share 0.846 · mean 0.657 · deepest punctuation.semicolonRate 2.449 over
     provenance: 0 citation(s) · A13 rows 0

  ── DS-SUP-2 :: BLOCKED   [FAIL]  inBand YES
     variants 3 · faces 1/1/1 · attach 0 · units 3 · rate ABSENT · departure ABSENT
     rounds: draft 0 · refine-A no · refine-B no
     walk: FAIL 1 · WITHHELD 2 · PASS 0 · findings 5
     unit: FAIL 1 · WITHHELD 2 · PASS 0   ·   owned: FAIL 0 · WITHHELD 0 · PASS 3 (0 owned finding(s), 5 inherited)
     inherited (the SPINE's own, never counted against this pool): Q · a second sentence naming no second field · spine `BLOCKED` · "Something above it failed hard enough that nothing reaches the line at all." x 1
     inherited (the SPINE's own, never counted against this pool): Q · a second sentence naming no second field · spine `BLOCKED` · "Not slowly." x 1
     inherited (the SPINE's own, never counted against this pool): Q · a second sentence naming no second field · spine `BLOCKED` · "Not at all." x 1
     inherited (the SPINE's own, never counted against this pool): C4 · a bare future indicative · spine `BLOCKED` · "A stranger will find {institution} shut" x 1
     inherited (the SPINE's own, never counted against this pool): Q · a second sentence naming no second field · spine `BLOCKED` · "Whatever fed this place stopped feeding it." x 1
     arm Q vocabulary REPORT (no arm changed): "Something above it failed hard enough that nothing reaches the line at all." against spine `BLOCKED` reads [none recovered]
       NOT-EXECUTABLE: the wiring census recovered no reading for this pool, so there is no declared field set to reconcile the text against
       a word-level synonym table ships and was applied
     arm Q vocabulary REPORT (no arm changed): "Not slowly." against spine `BLOCKED` reads [none recovered]
       NOT-EXECUTABLE: the wiring census recovered no reading for this pool, so there is no declared field set to reconcile the text against
       a word-level synonym table ships and was applied
     arm Q vocabulary REPORT (no arm changed): "Not at all." against spine `BLOCKED` reads [none recovered]
       NOT-EXECUTABLE: the wiring census recovered no reading for this pool, so there is no declared field set to reconcile the text against
       a word-level synonym table ships and was applied
     arm Q vocabulary REPORT (no arm changed): "Whatever fed this place stopped feeding it." against spine `BLOCKED` reads [none recovered]
       NOT-EXECUTABLE: the wiring census recovered no reading for this pool, so there is no declared field set to reconcile the text against
       a word-level synonym table ships and was applied
     words per face: 17 · 10 · 19 (sentence form)
     sibling distance: #1 1 faces, 0 synonym swap(s) · #2 1 faces, 0 synonym swap(s) · #3 1 faces, 0 synonym swap(s)
     sibling SPREAD #1: NOT-EXECUTABLE: a distance needs two faces and this variant carries 1
     sibling SPREAD #2: NOT-EXECUTABLE: a distance needs two faces and this variant carries 1
     sibling SPREAD #3: NOT-EXECUTABLE: a distance needs two faces and this variant carries 1
     band position FACE grain (8 word-level metrics): mean distance from the exemplar median 0.259 band-widths · budget ok on 3/3 · depth ok on 3/3 · perfection-suspect 3 · distinct tuples 1 of 3 face(s)
     band position CORPUS grain (13 text-level metrics over 46 word(s)): exceeded 11/13 · share 0.846 · mean 0.606 · deepest wordsPerSentence.shareUnder8 1.253 over
     provenance: 0 citation(s) · A13 rows 0

  ── DS-SUP-2 :: CAPTURED   [WITHHELD]  inBand YES
     variants 3 · faces 1/1/1 · attach 0 · units 3 · rate ABSENT · departure ABSENT
     rounds: draft 0 · refine-A no · refine-B no
     reported: band depth · shapes.participialOpenerRate (over) = 28.24 band-widths on 1 of 3 face(s) | DEPTH at most 1.75 band-widths on every face (REPORTED, refuses nothing — ADDENDUM 18 ruling 1)
     walk: FAIL 0 · WITHHELD 2 · PASS 1 · findings 3
     unit: FAIL 0 · WITHHELD 2 · PASS 1   ·   owned: FAIL 0 · WITHHELD 0 · PASS 3 (0 owned finding(s), 3 inherited)
     inherited (the SPINE's own, never counted against this pool): A3 · the band half is the refuter's · spine `CAPTURED` · "rather than a theft" x 1
     inherited (the SPINE's own, never counted against this pool): C3 · is this clause historical? · spine `CAPTURED` · "The {chain} still runs and no longer runs for the town. {faction} takes its cut at the point ..." x 1
     inherited (the SPINE's own, never counted against this pool): Q · a second sentence naming no second field · spine `CAPTURED` · "Inside it, one name sits on every stage." x 1
     arm Q vocabulary REPORT (no arm changed): "Inside it, one name sits on every stage." against spine `CAPTURED` reads [none recovered]
       NOT-EXECUTABLE: the wiring census recovered no reading for this pool, so there is no declared field set to reconcile the text against
       a word-level synonym table ships and was applied
     words per face: 31 · 19 · 15 (sentence form)
     sibling distance: #1 1 faces, 0 synonym swap(s) · #2 1 faces, 0 synonym swap(s) · #3 1 faces, 0 synonym swap(s)
     sibling SPREAD #1: NOT-EXECUTABLE: a distance needs two faces and this variant carries 1
     sibling SPREAD #2: NOT-EXECUTABLE: a distance needs two faces and this variant carries 1
     sibling SPREAD #3: NOT-EXECUTABLE: a distance needs two faces and this variant carries 1
     band position FACE grain (8 word-level metrics): mean distance from the exemplar median 1.457 band-widths · budget ok on 3/3 · depth ok on 2/3 · perfection-suspect 2 · distinct tuples 2 of 3 face(s)
     band position CORPUS grain (13 text-level metrics over 65 word(s)): exceeded 10/13 · share 0.769 · mean 1.141 · deepest shapes.antithesisRate 6.58 over
     provenance: 0 citation(s) · A13 rows 0

  ── DS-SUP-2 :: COLLAPSING   [WITHHELD]  inBand YES
     variants 3 · faces 1/1/1 · attach 0 · units 3 · rate ABSENT · departure ABSENT
     rounds: draft 0 · refine-A no · refine-B no
     walk: FAIL 0 · WITHHELD 3 · PASS 0 · findings 6
     unit: FAIL 0 · WITHHELD 3 · PASS 0   ·   owned: FAIL 0 · WITHHELD 0 · PASS 3 (0 owned finding(s), 6 inherited)
     inherited (the SPINE's own, never counted against this pool): C3 · is this clause historical? · spine `COLLAPSING` · "The {chain} is failing from several directions at once. No single break explains it and none ..." x 1
     inherited (the SPINE's own, never counted against this pool): Q · a second sentence naming no second field · spine `COLLAPSING` · "No single break explains it and none of them are being answered." x 1
     inherited (the SPINE's own, never counted against this pool): A3 · the band half is the refuter's · spine `COLLAPSING` · "rather than stopping" x 1
     inherited (the SPINE's own, never counted against this pool): Q · a second sentence naming no second field · spine `COLLAPSING` · "Each pressure makes the next bite harder, and the line shortens as it goes." x 1
     inherited (the SPINE's own, never counted against this pool): A3 · the band half is the refuter's · spine `COLLAPSING` · ", not the first." x 1
     inherited (the SPINE's own, never counted against this pool): Q · a second sentence naming no second field · spine `COLLAPSING` · "That is usually the last thing that happens, not the first." x 1
     arm Q vocabulary REPORT (no arm changed): "No single break explains it and none of them are being answered." against spine `COLLAPSING` reads [none recovered]
       NOT-EXECUTABLE: the wiring census recovered no reading for this pool, so there is no declared field set to reconcile the text against
       a word-level synonym table ships and was applied
     arm Q vocabulary REPORT (no arm changed): "Each pressure makes the next bite harder, and the line shortens as it goes." against spine `COLLAPSING` reads [none recovered]
       NOT-EXECUTABLE: the wiring census recovered no reading for this pool, so there is no declared field set to reconcile the text against
       a word-level synonym table ships and was applied
     arm Q vocabulary REPORT (no arm changed): "That is usually the last thing that happens, not the first." against spine `COLLAPSING` reads [none recovered]
       NOT-EXECUTABLE: the wiring census recovered no reading for this pool, so there is no declared field set to reconcile the text against
       a word-level synonym table ships and was applied
     words per face: 21 · 22 · 17 (sentence form)
     sibling distance: #1 1 faces, 0 synonym swap(s) · #2 1 faces, 0 synonym swap(s) · #3 1 faces, 0 synonym swap(s)
     sibling SPREAD #1: NOT-EXECUTABLE: a distance needs two faces and this variant carries 1
     sibling SPREAD #2: NOT-EXECUTABLE: a distance needs two faces and this variant carries 1
     sibling SPREAD #3: NOT-EXECUTABLE: a distance needs two faces and this variant carries 1
     band position FACE grain (8 word-level metrics): mean distance from the exemplar median 0.259 band-widths · budget ok on 3/3 · depth ok on 3/3 · perfection-suspect 3 · distinct tuples 1 of 3 face(s)
     band position CORPUS grain (13 text-level metrics over 60 word(s)): exceeded 9/13 · share 0.692 · mean 1.12 · deepest shapes.antithesisRate 9.191 over
     provenance: 0 citation(s) · A13 rows 0

  ── DS-SUP-2 :: SCARCE   [WITHHELD]  inBand YES
     variants 3 · faces 1/1/1 · attach 0 · units 3 · rate ABSENT · departure ABSENT
     rounds: draft 0 · refine-A no · refine-B no
     walk: FAIL 0 · WITHHELD 3 · PASS 0 · findings 4
     unit: FAIL 0 · WITHHELD 3 · PASS 0   ·   owned: FAIL 0 · WITHHELD 0 · PASS 3 (0 owned finding(s), 4 inherited)
     inherited (the SPINE's own, never counted against this pool): Q · a second sentence naming no second field · spine `SCARCE` · "The line is intact and the volume coming off it is not." x 1
     inherited (the SPINE's own, never counted against this pool): Q · a second sentence naming no second field · spine `SCARCE` · "What they turn out is short of what they are built to turn out." x 1
     inherited (the SPINE's own, never counted against this pool): A3 · the band half is the refuter's · spine `SCARCE` · "rather than stopping" x 1
     inherited (the SPINE's own, never counted against this pool): Q · a second sentence naming no second field · spine `SCARCE` · "Each turn takes a little more off what the line delivers." x 1
     arm Q vocabulary REPORT (no arm changed): "The line is intact and the volume coming off it is not." against spine `SCARCE` reads [none recovered]
       NOT-EXECUTABLE: the wiring census recovered no reading for this pool, so there is no declared field set to reconcile the text against
       a word-level synonym table ships and was applied
     arm Q vocabulary REPORT (no arm changed): "What they turn out is short of what they are built to turn out." against spine `SCARCE` reads [none recovered]
       NOT-EXECUTABLE: the wiring census recovered no reading for this pool, so there is no declared field set to reconcile the text against
       a word-level synonym table ships and was applied
     arm Q vocabulary REPORT (no arm changed): "Each turn takes a little more off what the line delivers." against spine `SCARCE` reads [none recovered]
       NOT-EXECUTABLE: the wiring census recovered no reading for this pool, so there is no declared field set to reconcile the text against
       a word-level synonym table ships and was applied
     words per face: 20 · 23 · 18 (sentence form)
     sibling distance: #1 1 faces, 0 synonym swap(s) · #2 1 faces, 0 synonym swap(s) · #3 1 faces, 0 synonym swap(s)
     sibling SPREAD #1: NOT-EXECUTABLE: a distance needs two faces and this variant carries 1
     sibling SPREAD #2: NOT-EXECUTABLE: a distance needs two faces and this variant carries 1
     sibling SPREAD #3: NOT-EXECUTABLE: a distance needs two faces and this variant carries 1
     band position FACE grain (8 word-level metrics): mean distance from the exemplar median 0.259 band-widths · budget ok on 3/3 · depth ok on 3/3 · perfection-suspect 3 · distinct tuples 1 of 3 face(s)
     band position CORPUS grain (13 text-level metrics over 61 word(s)): exceeded 11/13 · share 0.846 · mean 0.892 · deepest shapes.antithesisRate 3.969 over
     provenance: 0 citation(s) · A13 rows 0

  ── DS-SUP-2 :: STABLE   [WITHHELD]  inBand YES
     variants 3 · faces 1/1/1 · attach 0 · units 3 · rate ABSENT · departure ABSENT
     rounds: draft 0 · refine-A no · refine-B no
     reported: band depth · shapes.whichTailRate (over) = 26.027 band-widths on 1 of 3 face(s) | DEPTH at most 1.75 band-widths on every face (REPORTED, refuses nothing — ADDENDUM 18 ruling 1)
     walk: FAIL 0 · WITHHELD 1 · PASS 2 · findings 1
     unit: FAIL 0 · WITHHELD 1 · PASS 2   ·   owned: FAIL 0 · WITHHELD 0 · PASS 3 (0 owned finding(s), 1 inherited)
     inherited (the SPINE's own, never counted against this pool): Q · a second sentence naming no second field · spine `STABLE` · "There is no story in it this season." x 1
     arm Q vocabulary REPORT (no arm changed): "There is no story in it this season." against spine `STABLE` reads [none recovered]
       NOT-EXECUTABLE: the wiring census recovered no reading for this pool, so there is no declared field set to reconcile the text against
       a word-level synonym table ships and was applied
     words per face: 18 · 11 · 18 (sentence form)
     sibling distance: #1 1 faces, 0 synonym swap(s) · #2 1 faces, 0 synonym swap(s) · #3 1 faces, 0 synonym swap(s)
     sibling SPREAD #1: NOT-EXECUTABLE: a distance needs two faces and this variant carries 1
     sibling SPREAD #2: NOT-EXECUTABLE: a distance needs two faces and this variant carries 1
     sibling SPREAD #3: NOT-EXECUTABLE: a distance needs two faces and this variant carries 1
     band position FACE grain (8 word-level metrics): mean distance from the exemplar median 1.351 band-widths · budget ok on 3/3 · depth ok on 2/3 · perfection-suspect 2 · distinct tuples 2 of 3 face(s)
     band position CORPUS grain (13 text-level metrics over 47 word(s)): exceeded 13/13 · share 1 · mean 0.846 · deepest shapes.thereIsOpenerRate 2.674 over
     provenance: 0 citation(s) · A13 rows 0

  ── DS-SUP-2 :: STRAINED   [WITHHELD]  inBand YES
     variants 3 · faces 1/1/1 · attach 0 · units 3 · rate ABSENT · departure ABSENT
     rounds: draft 0 · refine-A no · refine-B no
     reported: band depth · shapes.participialOpenerRate (over) = 13.62 band-widths on 1 of 3 face(s) | DEPTH at most 1.75 band-widths on every face (REPORTED, refuses nothing — ADDENDUM 18 ruling 1)
     walk: FAIL 0 · WITHHELD 3 · PASS 0 · findings 3
     unit: FAIL 0 · WITHHELD 3 · PASS 0   ·   owned: FAIL 0 · WITHHELD 0 · PASS 3 (0 owned finding(s), 3 inherited)
     inherited (the SPINE's own, never counted against this pool): Q · a second sentence naming no second field · spine `STRAINED` · "There is no slack anywhere in the line." x 1
     inherited (the SPINE's own, never counted against this pool): Q · a second sentence naming no second field · spine `STRAINED` · "It has not failed and it has nothing left to absorb a failure with." x 1
     inherited (the SPINE's own, never counted against this pool): Q · a second sentence naming no second field · spine `STRAINED` · "Keeping up is all they are doing." x 1
     arm Q vocabulary REPORT (no arm changed): "There is no slack anywhere in the line." against spine `STRAINED` reads [none recovered]
       NOT-EXECUTABLE: the wiring census recovered no reading for this pool, so there is no declared field set to reconcile the text against
       a word-level synonym table ships and was applied
     arm Q vocabulary REPORT (no arm changed): "It has not failed and it has nothing left to absorb a failure with." against spine `STRAINED` reads [none recovered]
       NOT-EXECUTABLE: the wiring census recovered no reading for this pool, so there is no declared field set to reconcile the text against
       a word-level synonym table ships and was applied
     arm Q vocabulary REPORT (no arm changed): "Keeping up is all they are doing." against spine `STRAINED` reads [none recovered]
       NOT-EXECUTABLE: the wiring census recovered no reading for this pool, so there is no declared field set to reconcile the text against
       a word-level synonym table ships and was applied
     words per face: 18 · 19 · 15 (sentence form)
     sibling distance: #1 1 faces, 0 synonym swap(s) · #2 1 faces, 0 synonym swap(s) · #3 1 faces, 0 synonym swap(s)
     sibling SPREAD #1: NOT-EXECUTABLE: a distance needs two faces and this variant carries 1
     sibling SPREAD #2: NOT-EXECUTABLE: a distance needs two faces and this variant carries 1
     sibling SPREAD #3: NOT-EXECUTABLE: a distance needs two faces and this variant carries 1
     band position FACE grain (8 word-level metrics): mean distance from the exemplar median 0.848 band-widths · budget ok on 3/3 · depth ok on 2/3 · perfection-suspect 2 · distinct tuples 2 of 3 face(s)
     band position CORPUS grain (13 text-level metrics over 52 word(s)): exceeded 11/13 · share 0.846 · mean 0.673 · deepest shapes.thereIsOpenerRate 2.057 over
     provenance: 0 citation(s) · A13 rows 0

  ── DS-SUP-2 :: SUBSTITUTED   [WITHHELD]  inBand YES
     variants 3 · faces 1/1/1 · attach 0 · units 3 · rate ABSENT · departure ABSENT
     rounds: draft 0 · refine-A no · refine-B no
     walk: FAIL 0 · WITHHELD 2 · PASS 1 · findings 5
     unit: FAIL 0 · WITHHELD 2 · PASS 1   ·   owned: FAIL 0 · WITHHELD 0 · PASS 3 (0 owned finding(s), 5 inherited)
     inherited (the SPINE's own, never counted against this pool): Q · a second sentence naming no second field · spine `SUBSTITUTED` · "The output is real; the line beneath it is not the line that should be there." x 1
     inherited (the SPINE's own, never counted against this pool): Q · a trailing coordinate naming no second field · spine `SUBSTITUTED` · "the line beneath it is not the line that should be there." x 1
     inherited (the SPINE's own, never counted against this pool): A3 · the band half is the refuter's · spine `SUBSTITUTED` · ", not a road. take the working away and the line is what it actually is." x 1
     inherited (the SPINE's own, never counted against this pool): Q · a second sentence naming no second field · spine `SUBSTITUTED` · "Take the working away and the line is what it actually is." x 1
     inherited (the SPINE's own, never counted against this pool): X · exhaustivity over an open column · spine `SUBSTITUTED` · "Take the working away and the line is what it actually is." x 1
     arm Q vocabulary REPORT (no arm changed): "The output is real; the line beneath it is not the line that should be there." against spine `SUBSTITUTED` reads [none recovered]
       NOT-EXECUTABLE: the wiring census recovered no reading for this pool, so there is no declared field set to reconcile the text against
       a word-level synonym table ships and was applied
     arm Q vocabulary REPORT (no arm changed): "the line beneath it is not the line that should be there." against spine `SUBSTITUTED` reads [none recovered]
       NOT-EXECUTABLE: the wiring census recovered no reading for this pool, so there is no declared field set to reconcile the text against
       a word-level synonym table ships and was applied
     arm Q vocabulary REPORT (no arm changed): "Take the working away and the line is what it actually is." against spine `SUBSTITUTED` reads [none recovered]
       NOT-EXECUTABLE: the wiring census recovered no reading for this pool, so there is no declared field set to reconcile the text against
       a word-level synonym table ships and was applied
     words per face: 26 · 23 · 11 (sentence form)
     sibling distance: #1 1 faces, 0 synonym swap(s) · #2 1 faces, 0 synonym swap(s) · #3 1 faces, 0 synonym swap(s)
     sibling SPREAD #1: NOT-EXECUTABLE: a distance needs two faces and this variant carries 1
     sibling SPREAD #2: NOT-EXECUTABLE: a distance needs two faces and this variant carries 1
     sibling SPREAD #3: NOT-EXECUTABLE: a distance needs two faces and this variant carries 1
     band position FACE grain (8 word-level metrics): mean distance from the exemplar median 0.259 band-widths · budget ok on 3/3 · depth ok on 3/3 · perfection-suspect 3 · distinct tuples 1 of 3 face(s)
     band position CORPUS grain (13 text-level metrics over 60 word(s)): exceeded 12/13 · share 0.923 · mean 1.381 · deepest shapes.antithesisRate 5.013 over
     provenance: 0 citation(s) · A13 rows 0

  ── DS-SUP-3 :: A CATEGORY PRESENT BUT ITS CHAIN IMPAIRED   [WITHHELD]  inBand YES
     variants 3 · faces 1/1/1 · attach 0 · units 3 · rate 1380 bp · departure 0
     rounds: draft 0 · refine-A no · refine-B no
     walk: FAIL 0 · WITHHELD 1 · PASS 2 · findings 1
     unit: FAIL 0 · WITHHELD 1 · PASS 2   ·   owned: FAIL 0 · WITHHELD 0 · PASS 3 (0 owned finding(s), 1 inherited)
     inherited (the SPINE's own, never counted against this pool): Q · a trailing coordinate naming no second field · spine `A CATEGORY PRESENT BUT ITS CHAIN IMPAIRED` · "the service stands and what it can actually do has narrowed." x 1
     arm Q vocabulary REPORT (no arm changed): "the service stands and what it can actually do has narrowed." against spine `A CATEGORY PRESENT BUT ITS CHAIN IMPAIRED` reads [readings.impairedInstitution]
       maps to no field — the clause names no field the spine declares it reads, under the vocabulary the census supplies
       a word-level synonym table ships and was applied
     words per face: 23 · 23 · 23 (sentence form)
     sibling distance: #1 1 faces, 0 synonym swap(s) · #2 1 faces, 0 synonym swap(s) · #3 1 faces, 0 synonym swap(s)
     sibling SPREAD #1: NOT-EXECUTABLE: a distance needs two faces and this variant carries 1
     sibling SPREAD #2: NOT-EXECUTABLE: a distance needs two faces and this variant carries 1
     sibling SPREAD #3: NOT-EXECUTABLE: a distance needs two faces and this variant carries 1
     band position FACE grain (8 word-level metrics): mean distance from the exemplar median 0.259 band-widths · budget ok on 3/3 · depth ok on 3/3 · perfection-suspect 3 · distinct tuples 1 of 3 face(s)
     band position CORPUS grain (13 text-level metrics over 69 word(s)): exceeded 12/13 · share 0.923 · mean 0.822 · deepest punctuation.semicolonRate 1.862 over
     provenance: 0 citation(s) · A13 rows 0

  ── DS-SUP-3 :: A METROPOLIS-TIER CATALOG, COMPLETE   [PASS]  inBand YES
     variants 3 · faces 1/1/1 · attach 0 · units 3 · rate 703 bp · departure 1
     rounds: draft 0 · refine-A no · refine-B no
     reported: band depth · punctuation.parenthesisRate (over) = 3.082 band-widths on 1 of 3 face(s) | DEPTH at most 1.75 band-widths on every face (REPORTED, refuses nothing — ADDENDUM 18 ruling 1)
     reported: band depth · shapes.whichTailRate (over) = 26.027 band-widths on 1 of 3 face(s) | DEPTH at most 1.75 band-widths on every face (REPORTED, refuses nothing — ADDENDUM 18 ruling 1)
     walk: FAIL 0 · WITHHELD 0 · PASS 3 · findings 0
     unit: FAIL 0 · WITHHELD 0 · PASS 3   ·   owned: FAIL 0 · WITHHELD 0 · PASS 3 (0 owned finding(s), 0 inherited)
     words per face: 27 · 21 · 22 (sentence form)
     sibling distance: #1 1 faces, 0 synonym swap(s) · #2 1 faces, 0 synonym swap(s) · #3 1 faces, 0 synonym swap(s)
     sibling SPREAD #1: NOT-EXECUTABLE: a distance needs two faces and this variant carries 1
     sibling SPREAD #2: NOT-EXECUTABLE: a distance needs two faces and this variant carries 1
     sibling SPREAD #3: NOT-EXECUTABLE: a distance needs two faces and this variant carries 1
     band position FACE grain (8 word-level metrics): mean distance from the exemplar median 1.5 band-widths · budget ok on 3/3 · depth ok on 1/3 · perfection-suspect 1 · distinct tuples 3 of 3 face(s)
     band position CORPUS grain (13 text-level metrics over 70 word(s)): exceeded 13/13 · share 1 · mean 1.011 · deepest shapes.thereIsOpenerRate 5.143 over
     provenance: 0 citation(s) · A13 rows 0

  ── DS-SUP-3 :: COMPLETE FOR ITS TIER   [PASS]  inBand YES
     variants 3 · faces 1/1/1 · attach 0 · units 3 · rate 7721 bp · departure 0
     rounds: draft 0 · refine-A no · refine-B no
     reported: band depth · punctuation.parenthesisRate (over) = 3.082 band-widths on 1 of 3 face(s) | DEPTH at most 1.75 band-widths on every face (REPORTED, refuses nothing — ADDENDUM 18 ruling 1)
     walk: FAIL 0 · WITHHELD 0 · PASS 3 · findings 0
     unit: FAIL 0 · WITHHELD 0 · PASS 3   ·   owned: FAIL 0 · WITHHELD 0 · PASS 3 (0 owned finding(s), 0 inherited)
     words per face: 20 · 22 · 19 (sentence form)
     sibling distance: #1 1 faces, 0 synonym swap(s) · #2 1 faces, 0 synonym swap(s) · #3 1 faces, 0 synonym swap(s)
     sibling SPREAD #1: NOT-EXECUTABLE: a distance needs two faces and this variant carries 1
     sibling SPREAD #2: NOT-EXECUTABLE: a distance needs two faces and this variant carries 1
     sibling SPREAD #3: NOT-EXECUTABLE: a distance needs two faces and this variant carries 1
     band position FACE grain (8 word-level metrics): mean distance from the exemplar median 0.408 band-widths · budget ok on 3/3 · depth ok on 2/3 · perfection-suspect 2 · distinct tuples 2 of 3 face(s)
     band position CORPUS grain (13 text-level metrics over 61 word(s)): exceeded 12/13 · share 0.923 · mean 0.731 · deepest closers.abstractNounRate 2.121 over
     provenance: 0 citation(s) · A13 rows 0

  ── DS-SUP-3 :: ONE EXPECTED CATEGORY MISSING   [FAIL]  inBand YES
     variants 3 · faces 1/1/1 · attach 0 · units 3 · rate 1523 bp · departure 0
     rounds: draft 0 · refine-A no · refine-B no
     walk: FAIL 1 · WITHHELD 0 · PASS 2 · findings 1
     unit: FAIL 1 · WITHHELD 0 · PASS 2   ·   owned: FAIL 0 · WITHHELD 0 · PASS 3 (0 owned finding(s), 1 inherited)
     inherited (the SPINE's own, never counted against this pool): C4 · a bare future indicative · spine `ONE EXPECTED CATEGORY MISSING` · "A stranger will find everything he expects at {settlement} except one" x 1
     words per face: 24 · 21 · 25 (sentence form)
     sibling distance: #1 1 faces, 0 synonym swap(s) · #2 1 faces, 0 synonym swap(s) · #3 1 faces, 0 synonym swap(s)
     sibling SPREAD #1: NOT-EXECUTABLE: a distance needs two faces and this variant carries 1
     sibling SPREAD #2: NOT-EXECUTABLE: a distance needs two faces and this variant carries 1
     sibling SPREAD #3: NOT-EXECUTABLE: a distance needs two faces and this variant carries 1
     band position FACE grain (8 word-level metrics): mean distance from the exemplar median 0.259 band-widths · budget ok on 3/3 · depth ok on 3/3 · perfection-suspect 3 · distinct tuples 1 of 3 face(s)
     band position CORPUS grain (13 text-level metrics over 70 word(s)): exceeded 12/13 · share 0.923 · mean 1.22 · deepest shapes.thereIsOpenerRate 8.23 over
     provenance: 0 citation(s) · A13 rows 0

  ── DS-SUP-3 :: SEVERAL EXPECTED CATEGORIES MISSING   [WITHHELD]  inBand YES
     variants 3 · faces 1/1/1 · attach 0 · units 3 · rate 52 bp · departure 1
     rounds: draft 0 · refine-A no · refine-B no
     walk: FAIL 0 · WITHHELD 2 · PASS 1 · findings 2
     unit: FAIL 0 · WITHHELD 2 · PASS 1   ·   owned: FAIL 0 · WITHHELD 0 · PASS 3 (0 owned finding(s), 2 inherited)
     inherited (the SPINE's own, never counted against this pool): Q · a trailing coordinate naming no second field · spine `SEVERAL EXPECTED CATEGORIES MISSING` · "what the town offers is a smaller list than a place this size is assumed to keep." x 1
     inherited (the SPINE's own, never counted against this pool): C3 · is this clause historical? · spine `SEVERAL EXPECTED CATEGORIES MISSING` · "This town is bigger than the things it can do for you, and the people here are used to going ..." x 1
     arm Q vocabulary REPORT (no arm changed): "what the town offers is a smaller list than a place this size is assumed to keep." against spine `SEVERAL EXPECTED CATEGORIES MISSING` reads [readings.notableAbsences, readings.notableAbsences.map]
       maps to no field — the clause names no field the spine declares it reads, under the vocabulary the census supplies
       a word-level synonym table ships and was applied
     words per face: 29 · 25 · 21 (sentence form)
     sibling distance: #1 1 faces, 0 synonym swap(s) · #2 1 faces, 0 synonym swap(s) · #3 1 faces, 0 synonym swap(s)
     sibling SPREAD #1: NOT-EXECUTABLE: a distance needs two faces and this variant carries 1
     sibling SPREAD #2: NOT-EXECUTABLE: a distance needs two faces and this variant carries 1
     sibling SPREAD #3: NOT-EXECUTABLE: a distance needs two faces and this variant carries 1
     band position FACE grain (8 word-level metrics): mean distance from the exemplar median 0.259 band-widths · budget ok on 3/3 · depth ok on 3/3 · perfection-suspect 3 · distinct tuples 1 of 3 face(s)
     band position CORPUS grain (13 text-level metrics over 75 word(s)): exceeded 13/13 · share 1 · mean 1.007 · deepest closers.pronounRate 2.586 over
     provenance: 0 citation(s) · A13 rows 0

  ── DS-SUP-3 :: THE FOOD GAP   [WITHHELD]  inBand YES
     variants 3 · faces 1/1/1 · attach 0 · units 3 · rate ABSENT · departure ABSENT
     rounds: draft 0 · refine-A no · refine-B no
     reported: band depth · shapes.whichTailRate (over) = 26.027 band-widths on 1 of 3 face(s) | DEPTH at most 1.75 band-widths on every face (REPORTED, refuses nothing — ADDENDUM 18 ruling 1)
     walk: FAIL 0 · WITHHELD 2 · PASS 1 · findings 2
     unit: FAIL 0 · WITHHELD 2 · PASS 1   ·   owned: FAIL 0 · WITHHELD 0 · PASS 3 (0 owned finding(s), 2 inherited)
     inherited (the SPINE's own, never counted against this pool): A3 · the band half is the refuter's · spine `THE FOOD GAP` · "rather than a trade" x 1
     inherited (the SPINE's own, never counted against this pool): C3 · is this clause historical? · spine `THE FOOD GAP` · "Nobody here sells food to a stranger, because nobody here has ever had enough strangers to ma..." x 1
     words per face: 22 · 23 · 20 (sentence form)
     sibling distance: #1 1 faces, 0 synonym swap(s) · #2 1 faces, 0 synonym swap(s) · #3 1 faces, 0 synonym swap(s)
     sibling SPREAD #1: NOT-EXECUTABLE: a distance needs two faces and this variant carries 1
     sibling SPREAD #2: NOT-EXECUTABLE: a distance needs two faces and this variant carries 1
     sibling SPREAD #3: NOT-EXECUTABLE: a distance needs two faces and this variant carries 1
     band position FACE grain (8 word-level metrics): mean distance from the exemplar median 1.351 band-widths · budget ok on 3/3 · depth ok on 2/3 · perfection-suspect 2 · distinct tuples 2 of 3 face(s)
     band position CORPUS grain (13 text-level metrics over 65 word(s)): exceeded 13/13 · share 1 · mean 1.747 · deepest shapes.antithesisRate 9.191 over
     provenance: 0 citation(s) · A13 rows 0

  ── DS-SUP-3 :: THE HEALING GAP   [WITHHELD]  inBand YES
     variants 3 · faces 1/1/1 · attach 0 · units 3 · rate ABSENT · departure ABSENT
     rounds: draft 0 · refine-A no · refine-B no
     walk: FAIL 0 · WITHHELD 1 · PASS 2 · findings 1
     unit: FAIL 0 · WITHHELD 1 · PASS 2   ·   owned: FAIL 0 · WITHHELD 0 · PASS 3 (0 owned finding(s), 1 inherited)
     inherited (the SPINE's own, never counted against this pool): Q · a trailing coordinate naming no second field · spine `THE HEALING GAP` · "what is done for the badly hurt here is done by whoever is nearest." x 1
     arm Q vocabulary REPORT (no arm changed): "what is done for the badly hurt here is done by whoever is nearest." against spine `THE HEALING GAP` reads [readings.notableAbsences, readings.notableAbsences.map]
       maps to no field — the clause names no field the spine declares it reads, under the vocabulary the census supplies
       a word-level synonym table ships and was applied
     words per face: 27 · 19 · 25 (sentence form)
     sibling distance: #1 1 faces, 0 synonym swap(s) · #2 1 faces, 0 synonym swap(s) · #3 1 faces, 0 synonym swap(s)
     sibling SPREAD #1: NOT-EXECUTABLE: a distance needs two faces and this variant carries 1
     sibling SPREAD #2: NOT-EXECUTABLE: a distance needs two faces and this variant carries 1
     sibling SPREAD #3: NOT-EXECUTABLE: a distance needs two faces and this variant carries 1
     band position FACE grain (8 word-level metrics): mean distance from the exemplar median 0.259 band-widths · budget ok on 3/3 · depth ok on 3/3 · perfection-suspect 3 · distinct tuples 1 of 3 face(s)
     band position CORPUS grain (13 text-level metrics over 71 word(s)): exceeded 12/13 · share 0.923 · mean 0.829 · deepest punctuation.semicolonRate 1.862 over
     provenance: 0 citation(s) · A13 rows 0

  WALK: 329 unit(s) · N 329 (EXHAUSTIVE) · 165 microseconds per unit · sha 9c8a925058d518b6
        the whole population is walked, so every arm rate is exact and no interval applies
        sample verdicts: FAIL 3 · WITHHELD 249 · PASS 77
  MANIFEST: NOT-EXECUTABLE — no --base cells table was supplied, so no cell can be classified
  VARIETY: NOT-EXECUTABLE — the VARIETY run was not asked for (--variety 0)
  TIES: 0 multi-candidate rung(s) · 0 of 0 pair(s) tie · 0 bp — NOT-EXECUTABLE: no rung of the taste carries two candidates that can fire together
  EXEMPLAR CITATION RATE: NOT-EXECUTABLE — NOT-EXECUTABLE: no raw exemplar prose under /private/tmp/claude-502/-Users-cstokes-Desktop-settlement-engine/4e3d2f70-f45f-4e14-b571-514c339cfa17/scratchpad/kit/prose-research/primary/raw, so no rate can be read

  FIXTURE · DS-GEN-11 :: viable: true: the arithmetic closes · the interested fact rendered BOTH WAYS (SITTING §T.4, agenda C‴)
     the DM sentence below is the GATE'S OWN ILLUSTRATION, built from the holder
     census and never projected: what the sitting is shown is the ARRANGEMENT.
     ── captured (rate-9-2) · treasury · holder Town hall · standing INTERESTED
        1 PLAYER, as compiled     "The town works, and works for the reasons a town of this kind usually works."
        2 DM, INLINE replacement  "The treasury that keeps this is the Town hall, and the Town hall stands to gain by what it says."   [passages differ: YES]
        3 DM, PEN LINE beside     "The town works, and works for the reasons a town of this kind usually works."
          + pen                   "The treasury that keeps this is the Town hall, and the Town hall stands to gain by what it says."
        4 the compiled passage is identical on both audiences: YES
     ── clean (rate-3-0) · treasury · holder Weekly market · standing LICENSED
        1 PLAYER, as compiled     "The town works, and works for the reasons a town of this kind usually works."
        2 DM, INLINE replacement  "The town works, and works for the reasons a town of this kind usually works."   [passages differ: no]
        3 DM, PEN LINE beside     "The town works, and works for the reasons a town of this kind usually works."
          + pen                   (none: this holder is not interested here)
        4 the compiled passage is identical on both audiences: YES
     PAIRED-TOWN ARM over the fixture: HOLDS
  SHAPES: NOT-EXECUTABLE — the shape report was not asked for (no --shapes)
  BANKED: 0 set(s) — none
          Part B §21.2: a set that cannot be made lawful is banked as a refusal row with its faces, never trimmed, and this count only ever falls
  0 s
  wrote /private/tmp/claude-502/-Users-cstokes-Desktop-settlement-engine/4e3d2f70-f45f-4e14-b571-514c339cfa17/scratchpad/kit/eco-cut/wave-economy-cutB.json
