PROSE WAVE GATE · arm draft · 2026-09-14T14:37:35
  roster: 67 pool(s) — --section stressors over 3 block(s) of its own leaf
  sections: 6 leaves cover 708 pool(s) · unreached 0 · counted twice 0
  projection: GREEN — [dossier-prose] verified 68 state blocks / 2266 variants across 6 desks, 78 causal families / 468 variants
  exemplar bands: 21 metric(s) over 10 leaves
  band GRAIN: 13 text-level metric(s) on the pool's rendered corpus · 8 word-level on the face (SITTING §T.5's cure)

  ── DS-CND-1 :: ARCHETYPE: boom   [WITHHELD]  inBand YES
     variants 3 · faces 1/1/1 · attach 0 · units 3 · rate ABSENT · departure ABSENT
     rounds: draft 0 · refine-A no · refine-B no
     walk: FAIL 0 · WITHHELD 2 · PASS 1 · findings 3
     unit: FAIL 0 · WITHHELD 2 · PASS 1   ·   owned: FAIL 0 · WITHHELD 0 · PASS 3 (0 owned finding(s), 3 inherited)
     inherited (the SPINE's own, never counted against this pool): A3 · the band half is the refuter's · spine `ARCHETYPE: boom` · "rather than a comment on it" x 1
     inherited (the SPINE's own, never counted against this pool): Q · a second sentence naming no second field · spine `ARCHETYPE: boom` · "Trade runs in its favour, and the expectation of that has become part of the economy rather t..." x 1
     inherited (the SPINE's own, never counted against this pool): Q · a second sentence naming no second field · spine `ARCHETYPE: boom` · "The boom is real and it is not self-sustaining." x 1
     arm Q vocabulary REPORT (no arm changed): "Trade runs in its favour, and the expectation of that has become part of the economy rather t..." against spine `ARCHETYPE: boom` reads [condition.archetype]
       maps to no field — the clause names no field the spine declares it reads, under the vocabulary the census supplies
       a word-level synonym table ships and was applied
     arm Q vocabulary REPORT (no arm changed): "The boom is real and it is not self-sustaining." against spine `ARCHETYPE: boom` reads [condition.archetype]
       maps to no field — the clause names no field the spine declares it reads, under the vocabulary the census supplies
       a word-level synonym table ships and was applied
     words per face: 26 · 21 · 22 (sentence form)
     sibling distance: #1 1 faces, 0 synonym swap(s) · #2 1 faces, 0 synonym swap(s) · #3 1 faces, 0 synonym swap(s)
     sibling SPREAD #1: NOT-EXECUTABLE: a distance needs two faces and this variant carries 1
     sibling SPREAD #2: NOT-EXECUTABLE: a distance needs two faces and this variant carries 1
     sibling SPREAD #3: NOT-EXECUTABLE: a distance needs two faces and this variant carries 1
     band position FACE grain (8 word-level metrics): mean distance from the exemplar median 0.259 band-widths · budget ok on 3/3 · depth ok on 3/3 · perfection-suspect 3 · distinct tuples 1 of 3 face(s)
     band position CORPUS grain (13 text-level metrics over 69 word(s)): exceeded 11/13 · share 0.846 · mean 1.283 · deepest shapes.antithesisRate 5.013 over
     provenance: 0 citation(s) · A13 rows 0

  ── DS-CND-1 :: ARCHETYPE: flourishing   [WITHHELD]  inBand YES
     variants 3 · faces 1/1/1 · attach 0 · units 3 · rate ABSENT · departure ABSENT
     rounds: draft 0 · refine-A no · refine-B no
     reported: band depth · punctuation.colonRate (over) = 6.987 band-widths on 1 of 3 face(s) | DEPTH at most 1.75 band-widths on every face (REPORTED, refuses nothing — ADDENDUM 18 ruling 1)
     walk: FAIL 0 · WITHHELD 2 · PASS 1 · findings 2
     unit: FAIL 0 · WITHHELD 2 · PASS 1   ·   owned: FAIL 0 · WITHHELD 0 · PASS 3 (0 owned finding(s), 2 inherited)
     inherited (the SPINE's own, never counted against this pool): Q · a second sentence naming no second field · spine `ARCHETYPE: flourishing` · "There is room here for things that are not strictly necessary, and the accounts carry them wi..." x 1
     inherited (the SPINE's own, never counted against this pool): Q · a second sentence naming no second field · spine `ARCHETYPE: flourishing` · "It is bounded and it is real, and the people living in it mostly know both." x 1
     arm Q vocabulary REPORT (no arm changed): "There is room here for things that are not strictly necessary, and the accounts carry them wi..." against spine `ARCHETYPE: flourishing` reads [condition.archetype]
       maps to no field — the clause names no field the spine declares it reads, under the vocabulary the census supplies
       a word-level synonym table ships and was applied
     arm Q vocabulary REPORT (no arm changed): "It is bounded and it is real, and the people living in it mostly know both." against spine `ARCHETYPE: flourishing` reads [condition.archetype]
       maps to no field — the clause names no field the spine declares it reads, under the vocabulary the census supplies
       a word-level synonym table ships and was applied
     words per face: 26 · 23 · 22 (sentence form)
     sibling distance: #1 1 faces, 0 synonym swap(s) · #2 1 faces, 0 synonym swap(s) · #3 1 faces, 0 synonym swap(s)
     sibling SPREAD #1: NOT-EXECUTABLE: a distance needs two faces and this variant carries 1
     sibling SPREAD #2: NOT-EXECUTABLE: a distance needs two faces and this variant carries 1
     sibling SPREAD #3: NOT-EXECUTABLE: a distance needs two faces and this variant carries 1
     band position FACE grain (8 word-level metrics): mean distance from the exemplar median 0.568 band-widths · budget ok on 3/3 · depth ok on 2/3 · perfection-suspect 2 · distinct tuples 2 of 3 face(s)
     band position CORPUS grain (13 text-level metrics over 71 word(s)): exceeded 12/13 · share 0.923 · mean 1.206 · deepest shapes.thereIsOpenerRate 8.23 over
     provenance: 0 citation(s) · A13 rows 0

  ── DS-CND-1 :: ARCHETYPE: reconstruction   [FAIL]  inBand YES
     variants 3 · faces 1/1/1 · attach 0 · units 3 · rate ABSENT · departure ABSENT
     rounds: draft 0 · refine-A no · refine-B no
     reported: band depth · punctuation.colonRate (over) = 6.987 band-widths on 1 of 3 face(s) | DEPTH at most 1.75 band-widths on every face (REPORTED, refuses nothing — ADDENDUM 18 ruling 1)
     walk: FAIL 1 · WITHHELD 2 · PASS 0 · findings 5
     unit: FAIL 1 · WITHHELD 2 · PASS 0   ·   owned: FAIL 0 · WITHHELD 0 · PASS 3 (0 owned finding(s), 5 inherited)
     inherited (the SPINE's own, never counted against this pool): C3 · is this clause historical? · spine `ARCHETYPE: reconstruction` · "What was broken is being replaced" x 1
     inherited (the SPINE's own, never counted against this pool): Q · a second sentence naming no second field · spine `ARCHETYPE: reconstruction` · "What was broken is being replaced, and the race is between the rebuilding and the memory of w..." x 1
     inherited (the SPINE's own, never counted against this pool): C3 · is this clause historical? · spine `ARCHETYPE: reconstruction` · "{settlement} is in its repair season: scaffolding where there were ruins, and a great deal of..." x 1
     inherited (the SPINE's own, never counted against this pool): C4 · a bare future indicative · spine `ARCHETYPE: reconstruction` · "The rebuild is going well enough that people have begun arguing about what it should look lik..." x 1
     inherited (the SPINE's own, never counted against this pool): A3 · the band half is the refuter's · spine `ARCHETYPE: reconstruction` · "rather than whether it will happen" x 1
     arm Q vocabulary REPORT (no arm changed): "What was broken is being replaced, and the race is between the rebuilding and the memory of w..." against spine `ARCHETYPE: reconstruction` reads [condition.archetype]
       maps to no field — the clause names no field the spine declares it reads, under the vocabulary the census supplies
       a word-level synonym table ships and was applied
     words per face: 25 · 21 · 23 (sentence form)
     sibling distance: #1 1 faces, 0 synonym swap(s) · #2 1 faces, 0 synonym swap(s) · #3 1 faces, 0 synonym swap(s)
     sibling SPREAD #1: NOT-EXECUTABLE: a distance needs two faces and this variant carries 1
     sibling SPREAD #2: NOT-EXECUTABLE: a distance needs two faces and this variant carries 1
     sibling SPREAD #3: NOT-EXECUTABLE: a distance needs two faces and this variant carries 1
     band position FACE grain (8 word-level metrics): mean distance from the exemplar median 0.568 band-widths · budget ok on 3/3 · depth ok on 2/3 · perfection-suspect 2 · distinct tuples 2 of 3 face(s)
     band position CORPUS grain (13 text-level metrics over 69 word(s)): exceeded 11/13 · share 0.846 · mean 1.399 · deepest shapes.antithesisRate 9.191 over
     provenance: 0 citation(s) · A13 rows 0

  ── DS-CND-1 :: DIRECTION: easing   [WITHHELD]  inBand YES
     variants 3 · faces 1/1/1 · attach 0 · units 3 · rate ABSENT · departure ABSENT
     rounds: draft 0 · refine-A no · refine-B no
     walk: FAIL 0 · WITHHELD 3 · PASS 0 · findings 4
     unit: FAIL 0 · WITHHELD 3 · PASS 0   ·   owned: FAIL 0 · WITHHELD 0 · PASS 3 (0 owned finding(s), 4 inherited)
     inherited (the SPINE's own, never counted against this pool): Q · a second sentence naming no second field · spine `DIRECTION: easing` · "Slowly, and from a level the town remembers clearly, but lifting." x 1
     inherited (the SPINE's own, never counted against this pool): A3 · the band half is the refuter's · spine `DIRECTION: easing` · "rather than the cause" x 1
     inherited (the SPINE's own, never counted against this pool): Q · a second sentence naming no second field · spine `DIRECTION: easing` · "What remains is the accumulated cost rather than the cause." x 1
     inherited (the SPINE's own, never counted against this pool): A3 · the band half is the refuter's · spine `DIRECTION: easing` · "rather than on holding" x 1
     arm Q vocabulary REPORT (no arm changed): "Slowly, and from a level the town remembers clearly, but lifting." against spine `DIRECTION: easing` reads [condition, condition.status]
       maps to no field — the clause names no field the spine declares it reads, under the vocabulary the census supplies
       a word-level synonym table ships and was applied
     arm Q vocabulary REPORT (no arm changed): "What remains is the accumulated cost rather than the cause." against spine `DIRECTION: easing` reads [condition, condition.status]
       maps to no field — the clause names no field the spine declares it reads, under the vocabulary the census supplies
       a word-level synonym table ships and was applied
     words per face: 14 · 15 · 14 (sentence form)
     sibling distance: #1 1 faces, 0 synonym swap(s) · #2 1 faces, 0 synonym swap(s) · #3 1 faces, 0 synonym swap(s)
     sibling SPREAD #1: NOT-EXECUTABLE: a distance needs two faces and this variant carries 1
     sibling SPREAD #2: NOT-EXECUTABLE: a distance needs two faces and this variant carries 1
     sibling SPREAD #3: NOT-EXECUTABLE: a distance needs two faces and this variant carries 1
     band position FACE grain (8 word-level metrics): mean distance from the exemplar median 0.259 band-widths · budget ok on 3/3 · depth ok on 3/3 · perfection-suspect 3 · distinct tuples 1 of 3 face(s)
     band position CORPUS grain (13 text-level metrics over 43 word(s)): exceeded 12/13 · share 0.923 · mean 1.627 · deepest shapes.antithesisRate 11.282 over
     provenance: 0 citation(s) · A13 rows 0

  ── DS-CND-1 :: DIRECTION: stable, and the FLAT case (no valid directional status)   [WITHHELD]  inBand YES
     variants 3 · faces 1/1/1 · attach 0 · units 3 · rate 716 bp · departure 1
     rounds: draft 0 · refine-A no · refine-B no
     reported: band depth · punctuation.colonRate (over) = 6.987 band-widths on 1 of 3 face(s) | DEPTH at most 1.75 band-widths on every face (REPORTED, refuses nothing — ADDENDUM 18 ruling 1)
     walk: FAIL 0 · WITHHELD 2 · PASS 1 · findings 2
     unit: FAIL 0 · WITHHELD 2 · PASS 1   ·   owned: FAIL 0 · WITHHELD 0 · PASS 3 (0 owned finding(s), 2 inherited)
     inherited (the SPINE's own, never counted against this pool): Q · a second sentence naming no second field · spine `DIRECTION: stable, and the FLAT case (no valid directional status)` · "Neither the pressure nor the response is gaining, and the balance has become the normal state." x 1
     inherited (the SPINE's own, never counted against this pool): Q · a second sentence naming no second field · spine `DIRECTION: stable, and the FLAT case (no valid directional status)` · "That is not relief, only the absence of change." x 1
     arm Q vocabulary REPORT (no arm changed): "Neither the pressure nor the response is gaining, and the balance has become the normal state." against spine `DIRECTION: stable, and the FLAT case (no valid directional status)` reads [none recovered]
       NOT-EXECUTABLE: the wiring census recovered no reading for this pool, so there is no declared field set to reconcile the text against
       a word-level synonym table ships and was applied
     arm Q vocabulary REPORT (no arm changed): "That is not relief, only the absence of change." against spine `DIRECTION: stable, and the FLAT case (no valid directional status)` reads [none recovered]
       NOT-EXECUTABLE: the wiring census recovered no reading for this pool, so there is no declared field set to reconcile the text against
       a word-level synonym table ships and was applied
     words per face: 21 · 12 · 13 (sentence form)
     sibling distance: #1 1 faces, 0 synonym swap(s) · #2 1 faces, 0 synonym swap(s) · #3 1 faces, 0 synonym swap(s)
     sibling SPREAD #1: NOT-EXECUTABLE: a distance needs two faces and this variant carries 1
     sibling SPREAD #2: NOT-EXECUTABLE: a distance needs two faces and this variant carries 1
     sibling SPREAD #3: NOT-EXECUTABLE: a distance needs two faces and this variant carries 1
     band position FACE grain (8 word-level metrics): mean distance from the exemplar median 0.568 band-widths · budget ok on 3/3 · depth ok on 2/3 · perfection-suspect 2 · distinct tuples 2 of 3 face(s)
     band position CORPUS grain (13 text-level metrics over 46 word(s)): exceeded 12/13 · share 0.923 · mean 0.946 · deepest shapes.antithesisRate 5.013 over
     provenance: 0 citation(s) · A13 rows 0

  ── DS-CND-1 :: DIRECTION: worsening   [WITHHELD]  inBand YES
     variants 3 · faces 1/1/1 · attach 0 · units 3 · rate 2344 bp · departure 0
     rounds: draft 0 · refine-A no · refine-B no
     walk: FAIL 0 · WITHHELD 3 · PASS 0 · findings 5
     unit: FAIL 0 · WITHHELD 3 · PASS 0   ·   owned: FAIL 0 · WITHHELD 0 · PASS 3 (0 owned finding(s), 5 inherited)
     inherited (the SPINE's own, never counted against this pool): A3 · the band half is the refuter's · spine `DIRECTION: worsening` · "rather than suddenly" x 1
     inherited (the SPINE's own, never counted against this pool): Q · a trailing coordinate naming no second field · spine `DIRECTION: worsening` · "each season costs a little more than the one before." x 1
     inherited (the SPINE's own, never counted against this pool): Q · a second sentence naming no second field · spine `DIRECTION: worsening` · "Nothing has broken yet, and nothing has stopped deteriorating either." x 1
     inherited (the SPINE's own, never counted against this pool): X · exhaustivity over an open column · spine `DIRECTION: worsening` · "The trend is the wrong way." x 1
     inherited (the SPINE's own, never counted against this pool): Q · a second sentence naming no second field · spine `DIRECTION: worsening` · "The town's response has not caught up with the rate." x 1
     arm Q vocabulary REPORT (no arm changed): "each season costs a little more than the one before." against spine `DIRECTION: worsening` reads [condition, condition.status]
       maps to no field — the clause names no field the spine declares it reads, under the vocabulary the census supplies
       a word-level synonym table ships and was applied
     arm Q vocabulary REPORT (no arm changed): "Nothing has broken yet, and nothing has stopped deteriorating either." against spine `DIRECTION: worsening` reads [condition, condition.status]
       maps to no field — the clause names no field the spine declares it reads, under the vocabulary the census supplies
       a word-level synonym table ships and was applied
     arm Q vocabulary REPORT (no arm changed): "The town's response has not caught up with the rate." against spine `DIRECTION: worsening` reads [condition, condition.status]
       maps to no field — the clause names no field the spine declares it reads, under the vocabulary the census supplies
       a word-level synonym table ships and was applied
     words per face: 18 · 16 · 14 (sentence form)
     sibling distance: #1 1 faces, 0 synonym swap(s) · #2 1 faces, 0 synonym swap(s) · #3 1 faces, 0 synonym swap(s)
     sibling SPREAD #1: NOT-EXECUTABLE: a distance needs two faces and this variant carries 1
     sibling SPREAD #2: NOT-EXECUTABLE: a distance needs two faces and this variant carries 1
     sibling SPREAD #3: NOT-EXECUTABLE: a distance needs two faces and this variant carries 1
     band position FACE grain (8 word-level metrics): mean distance from the exemplar median 0.259 band-widths · budget ok on 3/3 · depth ok on 3/3 · perfection-suspect 3 · distinct tuples 1 of 3 face(s)
     band position CORPUS grain (13 text-level metrics over 48 word(s)): exceeded 12/13 · share 0.923 · mean 1.296 · deepest shapes.antithesisRate 5.013 over
     provenance: 0 citation(s) · A13 rows 0

  ── DS-CND-1 :: DURATION: inside the expiry wind-down window   [WITHHELD]  inBand YES
     variants 3 · faces 1/1/1 · attach 0 · units 3 · rate ABSENT · departure ABSENT
     rounds: draft 0 · refine-A no · refine-B no
     walk: FAIL 0 · WITHHELD 2 · PASS 1 · findings 2
     unit: FAIL 0 · WITHHELD 2 · PASS 1   ·   owned: FAIL 0 · WITHHELD 0 · PASS 3 (0 owned finding(s), 2 inherited)
     inherited (the SPINE's own, never counted against this pool): A3 · the band half is the refuter's · spine `DURATION: inside the expiry wind-down window` · "rather than anyone's effort" x 1
     inherited (the SPINE's own, never counted against this pool): Q · a second sentence naming no second field · spine `DURATION: inside the expiry wind-down window` · "The pressure has begun releasing without anything in particular being fixed." x 1
     arm Q vocabulary REPORT (no arm changed): "The pressure has begun releasing without anything in particular being fixed." against spine `DURATION: inside the expiry wind-down window` reads [condition, condition.duration]
       maps to no field — the clause names no field the spine declares it reads, under the vocabulary the census supplies
       a word-level synonym table ships and was applied
     words per face: 17 · 18 · 21 (sentence form)
     sibling distance: #1 1 faces, 0 synonym swap(s) · #2 1 faces, 0 synonym swap(s) · #3 1 faces, 0 synonym swap(s)
     sibling SPREAD #1: NOT-EXECUTABLE: a distance needs two faces and this variant carries 1
     sibling SPREAD #2: NOT-EXECUTABLE: a distance needs two faces and this variant carries 1
     sibling SPREAD #3: NOT-EXECUTABLE: a distance needs two faces and this variant carries 1
     band position FACE grain (8 word-level metrics): mean distance from the exemplar median 0.259 band-widths · budget ok on 3/3 · depth ok on 3/3 · perfection-suspect 3 · distinct tuples 1 of 3 face(s)
     band position CORPUS grain (13 text-level metrics over 56 word(s)): exceeded 9/13 · share 0.692 · mean 1.224 · deepest shapes.antithesisRate 3.969 over
     provenance: 0 citation(s) · A13 rows 0

  ── DS-CND-1 :: FAMILY: acute crisis   [WITHHELD]  inBand YES
     variants 3 · faces 1/1/1 · attach 0 · units 3 · rate ABSENT · departure ABSENT
     rounds: draft 0 · refine-A no · refine-B no
     reported: band depth · punctuation.colonRate (over) = 6.987 band-widths on 1 of 3 face(s) | DEPTH at most 1.75 band-widths on every face (REPORTED, refuses nothing — ADDENDUM 18 ruling 1)
     walk: FAIL 0 · WITHHELD 2 · PASS 1 · findings 3
     unit: FAIL 0 · WITHHELD 2 · PASS 1   ·   owned: FAIL 0 · WITHHELD 0 · PASS 3 (0 owned finding(s), 3 inherited)
     inherited (the SPINE's own, never counted against this pool): Q · a second sentence naming no second field · spine `FAMILY: acute crisis` · "The condition is the town's whole agenda for as long as it lasts." x 1
     inherited (the SPINE's own, never counted against this pool): X · exhaustivity over an open column · spine `FAMILY: acute crisis` · "The condition is the town's whole agenda for as long as it lasts." x 1
     inherited (the SPINE's own, never counted against this pool): Q · a trailing coordinate naming no second field · spine `FAMILY: acute crisis` · "there is no reading of the state that does not begin with it." x 1
     arm Q vocabulary REPORT (no arm changed): "The condition is the town's whole agenda for as long as it lasts." against spine `FAMILY: acute crisis` reads [none recovered]
       NOT-EXECUTABLE: the wiring census recovered no reading for this pool, so there is no declared field set to reconcile the text against
       a word-level synonym table ships and was applied
     arm Q vocabulary REPORT (no arm changed): "there is no reading of the state that does not begin with it." against spine `FAMILY: acute crisis` reads [none recovered]
       NOT-EXECUTABLE: the wiring census recovered no reading for this pool, so there is no declared field set to reconcile the text against
       a word-level synonym table ships and was applied
     words per face: 23 · 17 · 20 (sentence form)
     sibling distance: #1 1 faces, 0 synonym swap(s) · #2 1 faces, 0 synonym swap(s) · #3 1 faces, 0 synonym swap(s)
     sibling SPREAD #1: NOT-EXECUTABLE: a distance needs two faces and this variant carries 1
     sibling SPREAD #2: NOT-EXECUTABLE: a distance needs two faces and this variant carries 1
     sibling SPREAD #3: NOT-EXECUTABLE: a distance needs two faces and this variant carries 1
     band position FACE grain (8 word-level metrics): mean distance from the exemplar median 0.568 band-widths · budget ok on 3/3 · depth ok on 2/3 · perfection-suspect 2 · distinct tuples 2 of 3 face(s)
     band position CORPUS grain (13 text-level metrics over 60 word(s)): exceeded 12/13 · share 0.923 · mean 1.795 · deepest shapes.antithesisRate 9.191 over
     provenance: 0 citation(s) · A13 rows 0

  ── DS-CND-1 :: FAMILY: occupation layer   [WITHHELD]  inBand YES
     variants 3 · faces 1/1/1 · attach 0 · units 3 · rate ABSENT · departure ABSENT
     rounds: draft 0 · refine-A no · refine-B no
     reported: band depth · shapes.participialOpenerRate (over) = 13.62 band-widths on 1 of 3 face(s) | DEPTH at most 1.75 band-widths on every face (REPORTED, refuses nothing — ADDENDUM 18 ruling 1)
     walk: FAIL 0 · WITHHELD 3 · PASS 0 · findings 4
     unit: FAIL 0 · WITHHELD 3 · PASS 0   ·   owned: FAIL 0 · WITHHELD 0 · PASS 3 (0 owned finding(s), 4 inherited)
     inherited (the SPINE's own, never counted against this pool): C3 · is this clause historical? · spine `FAMILY: occupation layer` · "suppression tie down strength that was meant for elsewhere." x 1
     inherited (the SPINE's own, never counted against this pool): Q · a second sentence naming no second field · spine `FAMILY: occupation layer` · "Garrisons, administrators and suppression tie down strength that was meant for elsewhere." x 1
     inherited (the SPINE's own, never counted against this pool): Q · a second sentence naming no second field · spine `FAMILY: occupation layer` · "Noncompliance and sabotage make the arithmetic worse each season." x 1
     inherited (the SPINE's own, never counted against this pool): Q · a trailing coordinate naming no second field · spine `FAMILY: occupation layer` · "both facts are true, and only one of them is written down." x 1
     arm Q vocabulary REPORT (no arm changed): "Garrisons, administrators and suppression tie down strength that was meant for elsewhere." against spine `FAMILY: occupation layer` reads [none recovered]
       NOT-EXECUTABLE: the wiring census recovered no reading for this pool, so there is no declared field set to reconcile the text against
       a word-level synonym table ships and was applied
     arm Q vocabulary REPORT (no arm changed): "Noncompliance and sabotage make the arithmetic worse each season." against spine `FAMILY: occupation layer` reads [none recovered]
       NOT-EXECUTABLE: the wiring census recovered no reading for this pool, so there is no declared field set to reconcile the text against
       a word-level synonym table ships and was applied
     arm Q vocabulary REPORT (no arm changed): "both facts are true, and only one of them is written down." against spine `FAMILY: occupation layer` reads [none recovered]
       NOT-EXECUTABLE: the wiring census recovered no reading for this pool, so there is no declared field set to reconcile the text against
       a word-level synonym table ships and was applied
     words per face: 20 · 19 · 21 (sentence form)
     sibling distance: #1 1 faces, 0 synonym swap(s) · #2 1 faces, 0 synonym swap(s) · #3 1 faces, 0 synonym swap(s)
     sibling SPREAD #1: NOT-EXECUTABLE: a distance needs two faces and this variant carries 1
     sibling SPREAD #2: NOT-EXECUTABLE: a distance needs two faces and this variant carries 1
     sibling SPREAD #3: NOT-EXECUTABLE: a distance needs two faces and this variant carries 1
     band position FACE grain (8 word-level metrics): mean distance from the exemplar median 0.848 band-widths · budget ok on 3/3 · depth ok on 2/3 · perfection-suspect 2 · distinct tuples 2 of 3 face(s)
     band position CORPUS grain (13 text-level metrics over 60 word(s)): exceeded 13/13 · share 1 · mean 0.785 · deepest closers.pronounRate 1.629 over
     provenance: 0 citation(s) · A13 rows 0

  ── DS-CND-1 :: FAMILY: recovery   [WITHHELD]  inBand YES
     variants 3 · faces 1/1/1 · attach 0 · units 3 · rate ABSENT · departure ABSENT
     rounds: draft 0 · refine-A no · refine-B no
     reported: band depth · shapes.whichTailRate (over) = 12.514 band-widths on 1 of 3 face(s) | DEPTH at most 1.75 band-widths on every face (REPORTED, refuses nothing — ADDENDUM 18 ruling 1)
     reported: band depth · punctuation.colonRate (over) = 6.987 band-widths on 1 of 3 face(s) | DEPTH at most 1.75 band-widths on every face (REPORTED, refuses nothing — ADDENDUM 18 ruling 1)
     walk: FAIL 0 · WITHHELD 2 · PASS 1 · findings 3
     unit: FAIL 0 · WITHHELD 2 · PASS 1   ·   owned: FAIL 0 · WITHHELD 0 · PASS 3 (0 owned finding(s), 3 inherited)
     inherited (the SPINE's own, never counted against this pool): Q · a second sentence naming no second field · spine `FAMILY: recovery` · "What remains is the work of being a normal town again, which is slower than it looks." x 1
     inherited (the SPINE's own, never counted against this pool): C3 · is this clause historical? · spine `FAMILY: recovery` · "It is not the town it was before" x 1
     inherited (the SPINE's own, never counted against this pool): Q · a second sentence naming no second field · spine `FAMILY: recovery` · "It is not the town it was before, and it has not decided yet whether it minds." x 1
     arm Q vocabulary REPORT (no arm changed): "What remains is the work of being a normal town again, which is slower than it looks." against spine `FAMILY: recovery` reads [none recovered]
       NOT-EXECUTABLE: the wiring census recovered no reading for this pool, so there is no declared field set to reconcile the text against
       a word-level synonym table ships and was applied
     arm Q vocabulary REPORT (no arm changed): "It is not the town it was before, and it has not decided yet whether it minds." against spine `FAMILY: recovery` reads [none recovered]
       NOT-EXECUTABLE: the wiring census recovered no reading for this pool, so there is no declared field set to reconcile the text against
       a word-level synonym table ships and was applied
     words per face: 22 · 21 · 21 (sentence form)
     sibling distance: #1 1 faces, 0 synonym swap(s) · #2 1 faces, 0 synonym swap(s) · #3 1 faces, 0 synonym swap(s)
     sibling SPREAD #1: NOT-EXECUTABLE: a distance needs two faces and this variant carries 1
     sibling SPREAD #2: NOT-EXECUTABLE: a distance needs two faces and this variant carries 1
     sibling SPREAD #3: NOT-EXECUTABLE: a distance needs two faces and this variant carries 1
     band position FACE grain (8 word-level metrics): mean distance from the exemplar median 1.098 band-widths · budget ok on 3/3 · depth ok on 1/3 · perfection-suspect 1 · distinct tuples 3 of 3 face(s)
     band position CORPUS grain (13 text-level metrics over 64 word(s)): exceeded 13/13 · share 1 · mean 0.997 · deepest shapes.thereIsOpenerRate 2.674 over
     provenance: 0 citation(s) · A13 rows 0

  ── DS-CND-1 :: FAMILY: regional transmission   [WITHHELD]  inBand YES
     variants 3 · faces 1/1/1 · attach 0 · units 3 · rate ABSENT · departure ABSENT
     rounds: draft 0 · refine-A no · refine-B no
     reported: band depth · shapes.whichTailRate (over) = 12.514 band-widths on 1 of 3 face(s) | DEPTH at most 1.75 band-widths on every face (REPORTED, refuses nothing — ADDENDUM 18 ruling 1)
     walk: FAIL 0 · WITHHELD 1 · PASS 2 · findings 2
     unit: FAIL 0 · WITHHELD 1 · PASS 2   ·   owned: FAIL 0 · WITHHELD 0 · PASS 3 (0 owned finding(s), 2 inherited)
     inherited (the SPINE's own, never counted against this pool): Q · a second sentence naming no second field · spine `FAMILY: regional transmission` · "The town is exposed because it is well connected, which is the price of being well connected." x 1
     inherited (the SPINE's own, never counted against this pool): X · exhaustivity over an open column · spine `FAMILY: regional transmission` · "The town is exposed because it is well connected, which is the price of being well connected." x 1
     arm Q vocabulary REPORT (no arm changed): "The town is exposed because it is well connected, which is the price of being well connected." against spine `FAMILY: regional transmission` reads [none recovered]
       NOT-EXECUTABLE: the wiring census recovered no reading for this pool, so there is no declared field set to reconcile the text against
       a word-level synonym table ships and was applied
     words per face: 21 · 16 · 23 (sentence form)
     sibling distance: #1 1 faces, 0 synonym swap(s) · #2 1 faces, 0 synonym swap(s) · #3 1 faces, 0 synonym swap(s)
     sibling SPREAD #1: NOT-EXECUTABLE: a distance needs two faces and this variant carries 1
     sibling SPREAD #2: NOT-EXECUTABLE: a distance needs two faces and this variant carries 1
     sibling SPREAD #3: NOT-EXECUTABLE: a distance needs two faces and this variant carries 1
     band position FACE grain (8 word-level metrics): mean distance from the exemplar median 0.788 band-widths · budget ok on 3/3 · depth ok on 2/3 · perfection-suspect 2 · distinct tuples 2 of 3 face(s)
     band position CORPUS grain (13 text-level metrics over 60 word(s)): exceeded 11/13 · share 0.846 · mean 0.539 · deepest closers.pronounRate 1.054 over
     provenance: 0 citation(s) · A13 rows 0

  ── DS-CND-1 :: FAMILY: war layer, aggressor side   [WITHHELD]  inBand YES
     variants 3 · faces 1/1/1 · attach 0 · units 3 · rate ABSENT · departure ABSENT
     rounds: draft 0 · refine-A no · refine-B no
     walk: FAIL 0 · WITHHELD 3 · PASS 0 · findings 6
     unit: FAIL 0 · WITHHELD 3 · PASS 0   ·   owned: FAIL 0 · WITHHELD 0 · PASS 3 (0 owned finding(s), 6 inherited)
     inherited (the SPINE's own, never counted against this pool): Q · a second sentence naming no second field · spine `FAMILY: war layer, aggressor side` · "Men, coin and grain leave; nothing comes back on the same schedule." x 1
     inherited (the SPINE's own, never counted against this pool): Q · a trailing coordinate naming no second field · spine `FAMILY: war layer, aggressor side` · "nothing comes back on the same schedule." x 1
     inherited (the SPINE's own, never counted against this pool): A3 · the band half is the refuter's · spine `FAMILY: war layer, aggressor side` · "rather than its battlefield" x 1
     inherited (the SPINE's own, never counted against this pool): A3 · the band half is the refuter's · spine `FAMILY: war layer, aggressor side` · ", not in the walls." x 1
     inherited (the SPINE's own, never counted against this pool): Q · a second sentence naming no second field · spine `FAMILY: war layer, aggressor side` · "The cost shows in the treasury and the thin garrison, not in the walls." x 1
     inherited (the SPINE's own, never counted against this pool): Q · a second sentence naming no second field · spine `FAMILY: war layer, aggressor side` · "That is a specific kind of poverty, and it compounds." x 1
     arm Q vocabulary REPORT (no arm changed): "Men, coin and grain leave; nothing comes back on the same schedule." against spine `FAMILY: war layer, aggressor side` reads [none recovered]
       NOT-EXECUTABLE: the wiring census recovered no reading for this pool, so there is no declared field set to reconcile the text against
       a word-level synonym table ships and was applied
     arm Q vocabulary REPORT (no arm changed): "nothing comes back on the same schedule." against spine `FAMILY: war layer, aggressor side` reads [none recovered]
       NOT-EXECUTABLE: the wiring census recovered no reading for this pool, so there is no declared field set to reconcile the text against
       a word-level synonym table ships and was applied
     arm Q vocabulary REPORT (no arm changed): "The cost shows in the treasury and the thin garrison, not in the walls." against spine `FAMILY: war layer, aggressor side` reads [none recovered]
       NOT-EXECUTABLE: the wiring census recovered no reading for this pool, so there is no declared field set to reconcile the text against
       a word-level synonym table ships and was applied
     arm Q vocabulary REPORT (no arm changed): "That is a specific kind of poverty, and it compounds." against spine `FAMILY: war layer, aggressor side` reads [none recovered]
       NOT-EXECUTABLE: the wiring census recovered no reading for this pool, so there is no declared field set to reconcile the text against
       a word-level synonym table ships and was applied
     words per face: 22 · 25 · 22 (sentence form)
     sibling distance: #1 1 faces, 0 synonym swap(s) · #2 1 faces, 0 synonym swap(s) · #3 1 faces, 0 synonym swap(s)
     sibling SPREAD #1: NOT-EXECUTABLE: a distance needs two faces and this variant carries 1
     sibling SPREAD #2: NOT-EXECUTABLE: a distance needs two faces and this variant carries 1
     sibling SPREAD #3: NOT-EXECUTABLE: a distance needs two faces and this variant carries 1
     band position FACE grain (8 word-level metrics): mean distance from the exemplar median 0.259 band-widths · budget ok on 3/3 · depth ok on 3/3 · perfection-suspect 3 · distinct tuples 1 of 3 face(s)
     band position CORPUS grain (13 text-level metrics over 69 word(s)): exceeded 12/13 · share 0.923 · mean 1.712 · deepest shapes.antithesisRate 11.282 over
     provenance: 0 citation(s) · A13 rows 0

  ── DS-CND-1 :: PROVENANCE: causes[] or triggeredAt.sourceEventType populated   [WITHHELD]  inBand YES
     variants 3 · faces 1/1/1 · attach 0 · units 3 · rate ABSENT · departure ABSENT
     rounds: draft 0 · refine-A no · refine-B no
     walk: FAIL 0 · WITHHELD 2 · PASS 1 · findings 3
     unit: FAIL 0 · WITHHELD 2 · PASS 1   ·   owned: FAIL 0 · WITHHELD 0 · PASS 3 (0 owned finding(s), 3 inherited)
     inherited (the SPINE's own, never counted against this pool): Q · a second sentence naming no second field · spine `PROVENANCE: causes[] or triggeredAt.sourceEventType populated` · "The town knows exactly what did this." x 1
     inherited (the SPINE's own, never counted against this pool): A3 · the band half is the refuter's · spine `PROVENANCE: causes[] or triggeredAt.sourceEventType populated` · "rather than the origin" x 1
     inherited (the SPINE's own, never counted against this pool): Q · a second sentence naming no second field · spine `PROVENANCE: causes[] or triggeredAt.sourceEventType populated` · "The record is clear enough that the argument in the town is about the response rather than th..." x 1
     arm Q vocabulary REPORT (no arm changed): "The town knows exactly what did this." against spine `PROVENANCE: causes[] or triggeredAt.sourceEventType populated` reads [condition]
       maps to no field — the clause names no field the spine declares it reads, under the vocabulary the census supplies
       a word-level synonym table ships and was applied
     arm Q vocabulary REPORT (no arm changed): "The record is clear enough that the argument in the town is about the response rather than th..." against spine `PROVENANCE: causes[] or triggeredAt.sourceEventType populated` reads [condition]
       maps to no field — the clause names no field the spine declares it reads, under the vocabulary the census supplies
       a word-level synonym table ships and was applied
     words per face: 19 · 18 · 23 (sentence form)
     sibling distance: #1 1 faces, 0 synonym swap(s) · #2 1 faces, 0 synonym swap(s) · #3 1 faces, 0 synonym swap(s)
     sibling SPREAD #1: NOT-EXECUTABLE: a distance needs two faces and this variant carries 1
     sibling SPREAD #2: NOT-EXECUTABLE: a distance needs two faces and this variant carries 1
     sibling SPREAD #3: NOT-EXECUTABLE: a distance needs two faces and this variant carries 1
     band position FACE grain (8 word-level metrics): mean distance from the exemplar median 0.259 band-widths · budget ok on 3/3 · depth ok on 3/3 · perfection-suspect 3 · distinct tuples 1 of 3 face(s)
     band position CORPUS grain (13 text-level metrics over 60 word(s)): exceeded 12/13 · share 0.923 · mean 1.186 · deepest shapes.antithesisRate 5.013 over
     provenance: 0 citation(s) · A13 rows 0

  ── DS-CND-1 :: PROVENANCE: no causes[] and no sourceEventType   [WITHHELD]  inBand YES
     variants 3 · faces 1/1/1 · attach 0 · units 3 · rate ABSENT · departure ABSENT
     rounds: draft 0 · refine-A no · refine-B no
     walk: FAIL 0 · WITHHELD 2 · PASS 1 · findings 3
     unit: FAIL 0 · WITHHELD 2 · PASS 1   ·   owned: FAIL 0 · WITHHELD 0 · PASS 3 (0 owned finding(s), 3 inherited)
     inherited (the SPINE's own, never counted against this pool): Q · a second sentence naming no second field · spine `PROVENANCE: no causes[] and no sourceEventType` · "Nothing in the record explains where it came from, and the town has stopped asking." x 1
     inherited (the SPINE's own, never counted against this pool): C3 · is this clause historical? · spine `PROVENANCE: no causes[] and no sourceEventType` · "before anyone was writing things down." x 1
     inherited (the SPINE's own, never counted against this pool): Q · a second sentence naming no second field · spine `PROVENANCE: no causes[] and no sourceEventType` · "Whatever caused it did so before anyone was writing things down." x 1
     arm Q vocabulary REPORT (no arm changed): "Nothing in the record explains where it came from, and the town has stopped asking." against spine `PROVENANCE: no causes[] and no sourceEventType` reads [condition]
       maps to no field — the clause names no field the spine declares it reads, under the vocabulary the census supplies
       a word-level synonym table ships and was applied
     arm Q vocabulary REPORT (no arm changed): "Whatever caused it did so before anyone was writing things down." against spine `PROVENANCE: no causes[] and no sourceEventType` reads [condition]
       maps to no field — the clause names no field the spine declares it reads, under the vocabulary the census supplies
       a word-level synonym table ships and was applied
     words per face: 18 · 20 · 18 (sentence form)
     sibling distance: #1 1 faces, 0 synonym swap(s) · #2 1 faces, 0 synonym swap(s) · #3 1 faces, 0 synonym swap(s)
     sibling SPREAD #1: NOT-EXECUTABLE: a distance needs two faces and this variant carries 1
     sibling SPREAD #2: NOT-EXECUTABLE: a distance needs two faces and this variant carries 1
     sibling SPREAD #3: NOT-EXECUTABLE: a distance needs two faces and this variant carries 1
     band position FACE grain (8 word-level metrics): mean distance from the exemplar median 0.259 band-widths · budget ok on 3/3 · depth ok on 3/3 · perfection-suspect 3 · distinct tuples 1 of 3 face(s)
     band position CORPUS grain (13 text-level metrics over 56 word(s)): exceeded 11/13 · share 0.846 · mean 0.771 · deepest shapes.thereIsOpenerRate 2.057 over
     provenance: 0 citation(s) · A13 rows 0

  ── DS-CND-1 :: SEVERITY: critical   [WITHHELD]  inBand YES
     variants 3 · faces 1/1/1 · attach 0 · units 3 · rate 729 bp · departure 1
     rounds: draft 0 · refine-A no · refine-B no
     reported: band depth · shapes.participialOpenerRate (over) = 13.62 band-widths on 1 of 3 face(s) | DEPTH at most 1.75 band-widths on every face (REPORTED, refuses nothing — ADDENDUM 18 ruling 1)
     walk: FAIL 0 · WITHHELD 3 · PASS 0 · findings 5
     unit: FAIL 0 · WITHHELD 3 · PASS 0   ·   owned: FAIL 0 · WITHHELD 0 · PASS 3 (0 owned finding(s), 5 inherited)
     inherited (the SPINE's own, never counted against this pool): Q · a second sentence naming no second field · spine `SEVERITY: critical` · "There is no capacity left to absorb this, and nothing behind it that could absorb the next th..." x 1
     inherited (the SPINE's own, never counted against this pool): Q · a second sentence naming no second field · spine `SEVERITY: critical` · "Past this it is not the same settlement, and it is very near past this." x 1
     inherited (the SPINE's own, never counted against this pool): C3 · is this clause historical? · spine `SEVERITY: critical` · "The condition has run past what the town was built to carry." x 1
     inherited (the SPINE's own, never counted against this pool): C3 · a route claim on a goods sentence · spine `SEVERITY: critical` · "Everything else here is now downstream of it." x 1
     inherited (the SPINE's own, never counted against this pool): Q · a second sentence naming no second field · spine `SEVERITY: critical` · "Everything else here is now downstream of it." x 1
     arm Q vocabulary REPORT (no arm changed): "There is no capacity left to absorb this, and nothing behind it that could absorb the next th..." against spine `SEVERITY: critical` reads [condition.severity]
       maps to no field — the clause names no field the spine declares it reads, under the vocabulary the census supplies
       a word-level synonym table ships and was applied
     arm Q vocabulary REPORT (no arm changed): "Past this it is not the same settlement, and it is very near past this." against spine `SEVERITY: critical` reads [condition.severity]
       maps to no field — the clause names no field the spine declares it reads, under the vocabulary the census supplies
       a word-level synonym table ships and was applied
     arm Q vocabulary REPORT (no arm changed): "Everything else here is now downstream of it." against spine `SEVERITY: critical` reads [condition.severity]
       maps to no field — the clause names no field the spine declares it reads, under the vocabulary the census supplies
       a word-level synonym table ships and was applied
     words per face: 24 · 22 · 20 (sentence form)
     sibling distance: #1 1 faces, 0 synonym swap(s) · #2 1 faces, 0 synonym swap(s) · #3 1 faces, 0 synonym swap(s)
     sibling SPREAD #1: NOT-EXECUTABLE: a distance needs two faces and this variant carries 1
     sibling SPREAD #2: NOT-EXECUTABLE: a distance needs two faces and this variant carries 1
     sibling SPREAD #3: NOT-EXECUTABLE: a distance needs two faces and this variant carries 1
     band position FACE grain (8 word-level metrics): mean distance from the exemplar median 0.848 band-widths · budget ok on 3/3 · depth ok on 2/3 · perfection-suspect 2 · distinct tuples 2 of 3 face(s)
     band position CORPUS grain (13 text-level metrics over 66 word(s)): exceeded 10/13 · share 0.769 · mean 0.832 · deepest closers.pronounRate 2.586 over
     provenance: 0 citation(s) · A13 rows 0

  ── DS-CND-1 :: SEVERITY: high   [WITHHELD]  inBand YES
     variants 3 · faces 1/1/1 · attach 0 · units 3 · rate 1667 bp · departure 0
     rounds: draft 0 · refine-A no · refine-B no
     walk: FAIL 0 · WITHHELD 2 · PASS 1 · findings 2
     unit: FAIL 0 · WITHHELD 2 · PASS 1   ·   owned: FAIL 0 · WITHHELD 0 · PASS 3 (0 owned finding(s), 2 inherited)
     inherited (the SPINE's own, never counted against this pool): Q · a second sentence naming no second field · spine `SEVERITY: high` · "Systems that ought to be independent are all bending around it." x 1
     inherited (the SPINE's own, never counted against this pool): Q · a second sentence naming no second field · spine `SEVERITY: high` · "Whatever else is true of the town, this is truer." x 1
     arm Q vocabulary REPORT (no arm changed): "Systems that ought to be independent are all bending around it." against spine `SEVERITY: high` reads [condition.severity]
       maps to no field — the clause names no field the spine declares it reads, under the vocabulary the census supplies
       a word-level synonym table ships and was applied
     arm Q vocabulary REPORT (no arm changed): "Whatever else is true of the town, this is truer." against spine `SEVERITY: high` reads [condition.severity]
       maps to no field — the clause names no field the spine declares it reads, under the vocabulary the census supplies
       a word-level synonym table ships and was applied
     words per face: 23 · 16 · 13 (sentence form)
     sibling distance: #1 1 faces, 0 synonym swap(s) · #2 1 faces, 0 synonym swap(s) · #3 1 faces, 0 synonym swap(s)
     sibling SPREAD #1: NOT-EXECUTABLE: a distance needs two faces and this variant carries 1
     sibling SPREAD #2: NOT-EXECUTABLE: a distance needs two faces and this variant carries 1
     sibling SPREAD #3: NOT-EXECUTABLE: a distance needs two faces and this variant carries 1
     band position FACE grain (8 word-level metrics): mean distance from the exemplar median 0.259 band-widths · budget ok on 3/3 · depth ok on 3/3 · perfection-suspect 3 · distinct tuples 1 of 3 face(s)
     band position CORPUS grain (13 text-level metrics over 52 word(s)): exceeded 10/13 · share 0.769 · mean 0.51 · deepest closers.pronounRate 1.054 over
     provenance: 0 citation(s) · A13 rows 0

  ── DS-CND-1 :: SEVERITY: low   [WITHHELD]  inBand YES
     variants 3 · faces 1/1/1 · attach 0 · units 3 · rate ABSENT · departure ABSENT
     rounds: draft 0 · refine-A no · refine-B no
     walk: FAIL 0 · WITHHELD 2 · PASS 1 · findings 3
     unit: FAIL 0 · WITHHELD 2 · PASS 1   ·   owned: FAIL 0 · WITHHELD 0 · PASS 3 (0 owned finding(s), 3 inherited)
     inherited (the SPINE's own, never counted against this pool): A3 · the band half is the refuter's · spine `SEVERITY: low` · "rather than the streets" x 1
     inherited (the SPINE's own, never counted against this pool): Q · a second sentence naming no second field · spine `SEVERITY: low` · "It shows in the accounting rather than the streets." x 1
     inherited (the SPINE's own, never counted against this pool): Q · a second sentence naming no second field · spine `SEVERITY: low` · "It does not yet cost the town anything it would miss." x 1
     arm Q vocabulary REPORT (no arm changed): "It shows in the accounting rather than the streets." against spine `SEVERITY: low` reads [condition.severity]
       maps to no field — the clause names no field the spine declares it reads, under the vocabulary the census supplies
       a word-level synonym table ships and was applied
     arm Q vocabulary REPORT (no arm changed): "It does not yet cost the town anything it would miss." against spine `SEVERITY: low` reads [condition.severity]
       maps to no field — the clause names no field the spine declares it reads, under the vocabulary the census supplies
       a word-level synonym table ships and was applied
     words per face: 15 · 17 · 14 (sentence form)
     sibling distance: #1 1 faces, 0 synonym swap(s) · #2 1 faces, 0 synonym swap(s) · #3 1 faces, 0 synonym swap(s)
     sibling SPREAD #1: NOT-EXECUTABLE: a distance needs two faces and this variant carries 1
     sibling SPREAD #2: NOT-EXECUTABLE: a distance needs two faces and this variant carries 1
     sibling SPREAD #3: NOT-EXECUTABLE: a distance needs two faces and this variant carries 1
     band position FACE grain (8 word-level metrics): mean distance from the exemplar median 0.259 band-widths · budget ok on 3/3 · depth ok on 3/3 · perfection-suspect 3 · distinct tuples 1 of 3 face(s)
     band position CORPUS grain (13 text-level metrics over 46 word(s)): exceeded 13/13 · share 1 · mean 1.348 · deepest shapes.antithesisRate 5.013 over
     provenance: 0 citation(s) · A13 rows 0

  ── DS-CND-1 :: SEVERITY: medium   [WITHHELD]  inBand YES
     variants 3 · faces 1/1/1 · attach 0 · units 3 · rate 664 bp · departure 1
     rounds: draft 0 · refine-A no · refine-B no
     reported: band depth · punctuation.colonRate (over) = 6.987 band-widths on 1 of 3 face(s) | DEPTH at most 1.75 band-widths on every face (REPORTED, refuses nothing — ADDENDUM 18 ruling 1)
     walk: FAIL 0 · WITHHELD 2 · PASS 1 · findings 3
     unit: FAIL 0 · WITHHELD 2 · PASS 1   ·   owned: FAIL 0 · WITHHELD 0 · PASS 3 (0 owned finding(s), 3 inherited)
     inherited (the SPINE's own, never counted against this pool): Q · a second sentence naming no second field · spine `SEVERITY: medium` · "Choices are being made because of it that would not have been made otherwise." x 1
     inherited (the SPINE's own, never counted against this pool): A3 · the band half is the refuter's · spine `SEVERITY: medium` · "not everywhere and not badly, but consistently enough to plan around." x 1
     inherited (the SPINE's own, never counted against this pool): Q · a second sentence naming no second field · spine `SEVERITY: medium` · "Not everywhere and not badly, but consistently enough to plan around." x 1
     arm Q vocabulary REPORT (no arm changed): "Choices are being made because of it that would not have been made otherwise." against spine `SEVERITY: medium` reads [condition.severity]
       maps to no field — the clause names no field the spine declares it reads, under the vocabulary the census supplies
       a word-level synonym table ships and was applied
     arm Q vocabulary REPORT (no arm changed): "Not everywhere and not badly, but consistently enough to plan around." against spine `SEVERITY: medium` reads [condition.severity]
       maps to no field — the clause names no field the spine declares it reads, under the vocabulary the census supplies
       a word-level synonym table ships and was applied
     words per face: 19 · 16 · 14 (sentence form)
     sibling distance: #1 1 faces, 0 synonym swap(s) · #2 1 faces, 0 synonym swap(s) · #3 1 faces, 0 synonym swap(s)
     sibling SPREAD #1: NOT-EXECUTABLE: a distance needs two faces and this variant carries 1
     sibling SPREAD #2: NOT-EXECUTABLE: a distance needs two faces and this variant carries 1
     sibling SPREAD #3: NOT-EXECUTABLE: a distance needs two faces and this variant carries 1
     band position FACE grain (8 word-level metrics): mean distance from the exemplar median 0.568 band-widths · budget ok on 3/3 · depth ok on 2/3 · perfection-suspect 2 · distinct tuples 2 of 3 face(s)
     band position CORPUS grain (13 text-level metrics over 49 word(s)): exceeded 13/13 · share 1 · mean 1.017 · deepest shapes.antithesisRate 5.013 over
     provenance: 0 citation(s) · A13 rows 0

  ── DS-STR-1 :: ARITY: several banners standing at once   [WITHHELD]  inBand YES
     variants 3 · faces 1/1/1 · attach 0 · units 3 · rate 91 bp · departure 1
     rounds: draft 0 · refine-A no · refine-B no
     walk: FAIL 0 · WITHHELD 2 · PASS 1 · findings 4
     unit: FAIL 0 · WITHHELD 2 · PASS 1   ·   owned: FAIL 0 · WITHHELD 0 · PASS 3 (0 owned finding(s), 4 inherited)
     inherited (the SPINE's own, never counted against this pool): C3 · is this clause historical? · spine `ARITY: several banners standing at once` · "{settlement} is carrying more than one crisis at once, and they are not independent. Each mak..." x 1
     inherited (the SPINE's own, never counted against this pool): Q · a second sentence naming no second field · spine `ARITY: several banners standing at once` · "Each makes the others harder to end." x 1
     inherited (the SPINE's own, never counted against this pool): Q · a second sentence naming no second field · spine `ARITY: several banners standing at once` · "The troubles here compound." x 1
     inherited (the SPINE's own, never counted against this pool): Q · a second sentence naming no second field · spine `ARITY: several banners standing at once` · "That is the real condition." x 1
     arm Q vocabulary REPORT (no arm changed): "Each makes the others harder to end." against spine `ARITY: several banners standing at once` reads [none recovered]
       NOT-EXECUTABLE: the wiring census recovered no reading for this pool, so there is no declared field set to reconcile the text against
       a word-level synonym table ships and was applied
     arm Q vocabulary REPORT (no arm changed): "The troubles here compound." against spine `ARITY: several banners standing at once` reads [none recovered]
       NOT-EXECUTABLE: the wiring census recovered no reading for this pool, so there is no declared field set to reconcile the text against
       a word-level synonym table ships and was applied
     arm Q vocabulary REPORT (no arm changed): "That is the real condition." against spine `ARITY: several banners standing at once` reads [none recovered]
       NOT-EXECUTABLE: the wiring census recovered no reading for this pool, so there is no declared field set to reconcile the text against
       a word-level synonym table ships and was applied
     words per face: 21 · 18 · 23 (sentence form)
     sibling distance: #1 1 faces, 0 synonym swap(s) · #2 1 faces, 0 synonym swap(s) · #3 1 faces, 0 synonym swap(s)
     sibling SPREAD #1: NOT-EXECUTABLE: a distance needs two faces and this variant carries 1
     sibling SPREAD #2: NOT-EXECUTABLE: a distance needs two faces and this variant carries 1
     sibling SPREAD #3: NOT-EXECUTABLE: a distance needs two faces and this variant carries 1
     band position FACE grain (8 word-level metrics): mean distance from the exemplar median 0.259 band-widths · budget ok on 3/3 · depth ok on 3/3 · perfection-suspect 3 · distinct tuples 1 of 3 face(s)
     band position CORPUS grain (13 text-level metrics over 62 word(s)): exceeded 12/13 · share 0.923 · mean 0.591 · deepest runsOfThreeSameLengthBand 0.605 under
     provenance: 0 citation(s) · A13 rows 0

  ── DS-STR-1 :: BEAST & RAIDER THREAT   [WITHHELD]  inBand YES
     variants 6 · faces 1/1/1/1/1/1 · attach 0 · units 6 · rate 208 bp · departure 1
     rounds: draft 0 · refine-A no · refine-B no
     walk: FAIL 0 · WITHHELD 6 · PASS 0 · findings 8
     unit: FAIL 0 · WITHHELD 6 · PASS 0   ·   owned: FAIL 0 · WITHHELD 0 · PASS 6 (0 owned finding(s), 8 inherited)
     inherited (the SPINE's own, never counted against this pool): Q · a second sentence naming no second field · spine `BEAST & RAIDER THREAT` · "Trade arrives thinner and later." x 1
     inherited (the SPINE's own, never counted against this pool): Q · a second sentence naming no second field · spine `BEAST & RAIDER THREAT` · "What the town does not spend on defense it does not have." x 1
     inherited (the SPINE's own, never counted against this pool): C3 · is this clause historical? · spine `BEAST & RAIDER THREAT` · "The plans cost coin the town was spending elsewhere." x 1
     inherited (the SPINE's own, never counted against this pool): Q · a second sentence naming no second field · spine `BEAST & RAIDER THREAT` · "The plans cost coin the town was spending elsewhere." x 1
     inherited (the SPINE's own, never counted against this pool): Q · a second sentence naming no second field · spine `BEAST & RAIDER THREAT` · "The country beyond the walls has stopped being ordinary country." x 1
     inherited (the SPINE's own, never counted against this pool): Q · a second sentence naming no second field · spine `BEAST & RAIDER THREAT` · "The outlying work is not optional." x 1
     inherited (the SPINE's own, never counted against this pool): Q · a second sentence naming no second field · spine `BEAST & RAIDER THREAT` · "The ground it has given up is on the rolls as abandoned." x 1
     inherited (the SPINE's own, never counted against this pool): Q · a second sentence naming no second field · spine `BEAST & RAIDER THREAT` · "Nothing about the season explains it." x 1
     arm Q vocabulary REPORT (no arm changed): "Trade arrives thinner and later." against spine `BEAST & RAIDER THREAT` reads [token (via CRISIS_POOL_OF in stressorsStateProse.js)]
       NOT-EXECUTABLE: the recovered reading is the census's own synthetic table label and not a field path, so no text can claim it
       a word-level synonym table ships and was applied
     arm Q vocabulary REPORT (no arm changed): "What the town does not spend on defense it does not have." against spine `BEAST & RAIDER THREAT` reads [token (via CRISIS_POOL_OF in stressorsStateProse.js)]
       NOT-EXECUTABLE: the recovered reading is the census's own synthetic table label and not a field path, so no text can claim it
       a word-level synonym table ships and was applied
     arm Q vocabulary REPORT (no arm changed): "The plans cost coin the town was spending elsewhere." against spine `BEAST & RAIDER THREAT` reads [token (via CRISIS_POOL_OF in stressorsStateProse.js)]
       NOT-EXECUTABLE: the recovered reading is the census's own synthetic table label and not a field path, so no text can claim it
       a word-level synonym table ships and was applied
     arm Q vocabulary REPORT (no arm changed): "The country beyond the walls has stopped being ordinary country." against spine `BEAST & RAIDER THREAT` reads [token (via CRISIS_POOL_OF in stressorsStateProse.js)]
       NOT-EXECUTABLE: the recovered reading is the census's own synthetic table label and not a field path, so no text can claim it
       a word-level synonym table ships and was applied
     arm Q vocabulary REPORT (no arm changed): "The outlying work is not optional." against spine `BEAST & RAIDER THREAT` reads [token (via CRISIS_POOL_OF in stressorsStateProse.js)]
       NOT-EXECUTABLE: the recovered reading is the census's own synthetic table label and not a field path, so no text can claim it
       a word-level synonym table ships and was applied
     arm Q vocabulary REPORT (no arm changed): "The ground it has given up is on the rolls as abandoned." against spine `BEAST & RAIDER THREAT` reads [token (via CRISIS_POOL_OF in stressorsStateProse.js)]
       NOT-EXECUTABLE: the recovered reading is the census's own synthetic table label and not a field path, so no text can claim it
       a word-level synonym table ships and was applied
     arm Q vocabulary REPORT (no arm changed): "Nothing about the season explains it." against spine `BEAST & RAIDER THREAT` reads [token (via CRISIS_POOL_OF in stressorsStateProse.js)]
       NOT-EXECUTABLE: the recovered reading is the census's own synthetic table label and not a field path, so no text can claim it
       a word-level synonym table ships and was applied
     words per face: 23 · 21 · 18 · 18 · 21 · 14 (sentence form)
     sibling distance: #1 1 faces, 0 synonym swap(s) · #2 1 faces, 0 synonym swap(s) · #3 1 faces, 0 synonym swap(s) · #4 1 faces, 0 synonym swap(s) · #5 1 faces, 0 synonym swap(s) · #6 1 faces, 0 synonym swap(s)
     sibling SPREAD #1: NOT-EXECUTABLE: a distance needs two faces and this variant carries 1
     sibling SPREAD #2: NOT-EXECUTABLE: a distance needs two faces and this variant carries 1
     sibling SPREAD #3: NOT-EXECUTABLE: a distance needs two faces and this variant carries 1
     sibling SPREAD #4: NOT-EXECUTABLE: a distance needs two faces and this variant carries 1
     sibling SPREAD #5: NOT-EXECUTABLE: a distance needs two faces and this variant carries 1
     sibling SPREAD #6: NOT-EXECUTABLE: a distance needs two faces and this variant carries 1
     band position FACE grain (8 word-level metrics): mean distance from the exemplar median 0.259 band-widths · budget ok on 6/6 · depth ok on 6/6 · perfection-suspect 6 · distinct tuples 1 of 6 face(s)
     band position CORPUS grain (13 text-level metrics over 115 word(s)): exceeded 11/13 · share 0.846 · mean 0.63 · deepest openers.sameOpenerAsPreviousRate 0.795 over
     provenance: 0 citation(s) · A13 rows 0

  ── DS-STR-1 :: DISEASE OUTBREAK   [WITHHELD]  inBand YES
     variants 6 · faces 1/1/1/1/1/1 · attach 0 · units 6 · rate 234 bp · departure 1
     rounds: draft 0 · refine-A no · refine-B no
     walk: FAIL 0 · WITHHELD 6 · PASS 0 · findings 9
     unit: FAIL 0 · WITHHELD 6 · PASS 0   ·   owned: FAIL 0 · WITHHELD 0 · PASS 6 (0 owned finding(s), 9 inherited)
     inherited (the SPINE's own, never counted against this pool): A3 · the band half is the refuter's · spine `DISEASE OUTBREAK` · "rather than forbidden" x 1
     inherited (the SPINE's own, never counted against this pool): Q · a second sentence naming no second field · spine `DISEASE OUTBREAK` · "The market thins as people keep to their own doors." x 1
     inherited (the SPINE's own, never counted against this pool): Q · a second sentence naming no second field · spine `DISEASE OUTBREAK` · "Travel is discouraged rather than forbidden." x 1
     inherited (the SPINE's own, never counted against this pool): Q · a second sentence naming no second field · spine `DISEASE OUTBREAK` · "The quarantine is observed unevenly, street by street." x 1
     inherited (the SPINE's own, never counted against this pool): Q · a second sentence naming no second field · spine `DISEASE OUTBREAK` · "Supply arrives late, work goes undone, and the healers are the busiest people here." x 1
     inherited (the SPINE's own, never counted against this pool): A3 · the band half is the refuter's · spine `DISEASE OUTBREAK` · "rather than around work" x 1
     inherited (the SPINE's own, never counted against this pool): Q · a second sentence naming no second field · spine `DISEASE OUTBREAK` · "The town has begun organising itself around containment rather than around work." x 1
     inherited (the SPINE's own, never counted against this pool): Q · a second sentence naming no second field · spine `DISEASE OUTBREAK` · "Neither list is shrinking." x 1
     inherited (the SPINE's own, never counted against this pool): Q · a second sentence naming no second field · spine `DISEASE OUTBREAK` · "The marking is recent enough that people still look at it." x 1
     arm Q vocabulary REPORT (no arm changed): "The market thins as people keep to their own doors." against spine `DISEASE OUTBREAK` reads [token (via CRISIS_POOL_OF in stressorsStateProse.js)]
       NOT-EXECUTABLE: the recovered reading is the census's own synthetic table label and not a field path, so no text can claim it
       a word-level synonym table ships and was applied
     arm Q vocabulary REPORT (no arm changed): "Travel is discouraged rather than forbidden." against spine `DISEASE OUTBREAK` reads [token (via CRISIS_POOL_OF in stressorsStateProse.js)]
       NOT-EXECUTABLE: the recovered reading is the census's own synthetic table label and not a field path, so no text can claim it
       a word-level synonym table ships and was applied
     arm Q vocabulary REPORT (no arm changed): "The quarantine is observed unevenly, street by street." against spine `DISEASE OUTBREAK` reads [token (via CRISIS_POOL_OF in stressorsStateProse.js)]
       NOT-EXECUTABLE: the recovered reading is the census's own synthetic table label and not a field path, so no text can claim it
       a word-level synonym table ships and was applied
     arm Q vocabulary REPORT (no arm changed): "Supply arrives late, work goes undone, and the healers are the busiest people here." against spine `DISEASE OUTBREAK` reads [token (via CRISIS_POOL_OF in stressorsStateProse.js)]
       NOT-EXECUTABLE: the recovered reading is the census's own synthetic table label and not a field path, so no text can claim it
       a word-level synonym table ships and was applied
     arm Q vocabulary REPORT (no arm changed): "The town has begun organising itself around containment rather than around work." against spine `DISEASE OUTBREAK` reads [token (via CRISIS_POOL_OF in stressorsStateProse.js)]
       NOT-EXECUTABLE: the recovered reading is the census's own synthetic table label and not a field path, so no text can claim it
       a word-level synonym table ships and was applied
     arm Q vocabulary REPORT (no arm changed): "Neither list is shrinking." against spine `DISEASE OUTBREAK` reads [token (via CRISIS_POOL_OF in stressorsStateProse.js)]
       NOT-EXECUTABLE: the recovered reading is the census's own synthetic table label and not a field path, so no text can claim it
       a word-level synonym table ships and was applied
     arm Q vocabulary REPORT (no arm changed): "The marking is recent enough that people still look at it." against spine `DISEASE OUTBREAK` reads [token (via CRISIS_POOL_OF in stressorsStateProse.js)]
       NOT-EXECUTABLE: the recovered reading is the census's own synthetic table label and not a field path, so no text can claim it
       a word-level synonym table ships and was applied
     words per face: 22 · 17 · 22 · 17 · 15 · 16 (sentence form)
     sibling distance: #1 1 faces, 0 synonym swap(s) · #2 1 faces, 0 synonym swap(s) · #3 1 faces, 0 synonym swap(s) · #4 1 faces, 0 synonym swap(s) · #5 1 faces, 0 synonym swap(s) · #6 1 faces, 0 synonym swap(s)
     sibling SPREAD #1: NOT-EXECUTABLE: a distance needs two faces and this variant carries 1
     sibling SPREAD #2: NOT-EXECUTABLE: a distance needs two faces and this variant carries 1
     sibling SPREAD #3: NOT-EXECUTABLE: a distance needs two faces and this variant carries 1
     sibling SPREAD #4: NOT-EXECUTABLE: a distance needs two faces and this variant carries 1
     sibling SPREAD #5: NOT-EXECUTABLE: a distance needs two faces and this variant carries 1
     sibling SPREAD #6: NOT-EXECUTABLE: a distance needs two faces and this variant carries 1
     band position FACE grain (8 word-level metrics): mean distance from the exemplar median 0.291 band-widths · budget ok on 6/6 · depth ok on 6/6 · perfection-suspect 5 · distinct tuples 2 of 6 face(s)
     band position CORPUS grain (13 text-level metrics over 109 word(s)): exceeded 9/13 · share 0.692 · mean 0.966 · deepest shapes.antithesisRate 4.442 over
     provenance: 0 citation(s) · A13 rows 0

  ── DS-STR-1 :: FAMINE   [WITHHELD]  inBand YES
     variants 6 · faces 1/1/1/1/1/1 · attach 0 · units 6 · rate 313 bp · departure 1
     rounds: draft 0 · refine-A no · refine-B no
     walk: FAIL 0 · WITHHELD 5 · PASS 1 · findings 8
     unit: FAIL 0 · WITHHELD 5 · PASS 1   ·   owned: FAIL 0 · WITHHELD 0 · PASS 6 (0 owned finding(s), 8 inherited)
     inherited (the SPINE's own, never counted against this pool): A3 · the band half is the refuter's · spine `FAMINE` · "rather than private" x 1
     inherited (the SPINE's own, never counted against this pool): Q · a second sentence naming no second field · spine `FAMINE` · "The shortfall is public now rather than private." x 1
     inherited (the SPINE's own, never counted against this pool): Q · a second sentence naming no second field · spine `FAMINE` · "The granary answers fewer hands each week." x 1
     inherited (the SPINE's own, never counted against this pool): Q · a second sentence naming no second field · spine `FAMINE` · "What the fields returned does not reach the table." x 1
     inherited (the SPINE's own, never counted against this pool): Q · a second sentence naming no second field · spine `FAMINE` · "The price of it has become a kind of politics." x 1
     inherited (the SPINE's own, never counted against this pool): C3 · is this clause historical? · spine `FAMINE` · "There is not enough food in {settlement} and there is no longer a polite way to discuss it." x 1
     inherited (the SPINE's own, never counted against this pool): A3 · the band half is the refuter's · spine `FAMINE` · "rather than by price" x 1
     inherited (the SPINE's own, never counted against this pool): Q · a second sentence naming no second field · spine `FAMINE` · "The rule is being tested." x 1
     arm Q vocabulary REPORT (no arm changed): "The shortfall is public now rather than private." against spine `FAMINE` reads [token (via CRISIS_POOL_OF in stressorsStateProse.js)]
       NOT-EXECUTABLE: the recovered reading is the census's own synthetic table label and not a field path, so no text can claim it
       a word-level synonym table ships and was applied
     arm Q vocabulary REPORT (no arm changed): "The granary answers fewer hands each week." against spine `FAMINE` reads [token (via CRISIS_POOL_OF in stressorsStateProse.js)]
       NOT-EXECUTABLE: the recovered reading is the census's own synthetic table label and not a field path, so no text can claim it
       a word-level synonym table ships and was applied
     arm Q vocabulary REPORT (no arm changed): "What the fields returned does not reach the table." against spine `FAMINE` reads [token (via CRISIS_POOL_OF in stressorsStateProse.js)]
       NOT-EXECUTABLE: the recovered reading is the census's own synthetic table label and not a field path, so no text can claim it
       a word-level synonym table ships and was applied
     arm Q vocabulary REPORT (no arm changed): "The price of it has become a kind of politics." against spine `FAMINE` reads [token (via CRISIS_POOL_OF in stressorsStateProse.js)]
       NOT-EXECUTABLE: the recovered reading is the census's own synthetic table label and not a field path, so no text can claim it
       a word-level synonym table ships and was applied
     arm Q vocabulary REPORT (no arm changed): "The rule is being tested." against spine `FAMINE` reads [token (via CRISIS_POOL_OF in stressorsStateProse.js)]
       NOT-EXECUTABLE: the recovered reading is the census's own synthetic table label and not a field path, so no text can claim it
       a word-level synonym table ships and was applied
     words per face: 21 · 20 · 21 · 18 · 18 · 12 (sentence form)
     sibling distance: #1 1 faces, 0 synonym swap(s) · #2 1 faces, 0 synonym swap(s) · #3 1 faces, 0 synonym swap(s) · #4 1 faces, 0 synonym swap(s) · #5 1 faces, 0 synonym swap(s) · #6 1 faces, 0 synonym swap(s)
     sibling SPREAD #1: NOT-EXECUTABLE: a distance needs two faces and this variant carries 1
     sibling SPREAD #2: NOT-EXECUTABLE: a distance needs two faces and this variant carries 1
     sibling SPREAD #3: NOT-EXECUTABLE: a distance needs two faces and this variant carries 1
     sibling SPREAD #4: NOT-EXECUTABLE: a distance needs two faces and this variant carries 1
     sibling SPREAD #5: NOT-EXECUTABLE: a distance needs two faces and this variant carries 1
     sibling SPREAD #6: NOT-EXECUTABLE: a distance needs two faces and this variant carries 1
     band position FACE grain (8 word-level metrics): mean distance from the exemplar median 0.259 band-widths · budget ok on 6/6 · depth ok on 6/6 · perfection-suspect 6 · distinct tuples 1 of 6 face(s)
     band position CORPUS grain (13 text-level metrics over 110 word(s)): exceeded 12/13 · share 0.923 · mean 1.086 · deepest shapes.antithesisRate 4.442 over
     provenance: 0 citation(s) · A13 rows 0

  ── DS-STR-1 :: INDEBTED TO AN OUTSIDE POWER   [WITHHELD]  inBand YES
     variants 6 · faces 1/1/1/1/1/1 · attach 0 · units 6 · rate 221 bp · departure 1
     rounds: draft 0 · refine-A no · refine-B no
     walk: FAIL 0 · WITHHELD 5 · PASS 1 · findings 5
     unit: FAIL 0 · WITHHELD 5 · PASS 1   ·   owned: FAIL 0 · WITHHELD 0 · PASS 6 (0 owned finding(s), 5 inherited)
     inherited (the SPINE's own, never counted against this pool): Q · a second sentence naming no second field · spine `INDEBTED TO AN OUTSIDE POWER` · "The share is not small." x 1
     inherited (the SPINE's own, never counted against this pool): Q · a second sentence naming no second field · spine `INDEBTED TO AN OUTSIDE POWER` · "The debt is served first and the town second." x 1
     inherited (the SPINE's own, never counted against this pool): Q · a second sentence naming no second field · spine `INDEBTED TO AN OUTSIDE POWER` · "Coin that would have gone to the works goes to the collector." x 1
     inherited (the SPINE's own, never counted against this pool): Q · a second sentence naming no second field · spine `INDEBTED TO AN OUTSIDE POWER` · "The shortfall is being met by promising against the next one." x 1
     inherited (the SPINE's own, never counted against this pool): Q · a second sentence naming no second field · spine `INDEBTED TO AN OUTSIDE POWER` · "The somebody is not in the town." x 1
     arm Q vocabulary REPORT (no arm changed): "The share is not small." against spine `INDEBTED TO AN OUTSIDE POWER` reads [token (via CRISIS_POOL_OF in stressorsStateProse.js)]
       NOT-EXECUTABLE: the recovered reading is the census's own synthetic table label and not a field path, so no text can claim it
       a word-level synonym table ships and was applied
     arm Q vocabulary REPORT (no arm changed): "The debt is served first and the town second." against spine `INDEBTED TO AN OUTSIDE POWER` reads [token (via CRISIS_POOL_OF in stressorsStateProse.js)]
       NOT-EXECUTABLE: the recovered reading is the census's own synthetic table label and not a field path, so no text can claim it
       a word-level synonym table ships and was applied
     arm Q vocabulary REPORT (no arm changed): "Coin that would have gone to the works goes to the collector." against spine `INDEBTED TO AN OUTSIDE POWER` reads [token (via CRISIS_POOL_OF in stressorsStateProse.js)]
       NOT-EXECUTABLE: the recovered reading is the census's own synthetic table label and not a field path, so no text can claim it
       a word-level synonym table ships and was applied
     arm Q vocabulary REPORT (no arm changed): "The shortfall is being met by promising against the next one." against spine `INDEBTED TO AN OUTSIDE POWER` reads [token (via CRISIS_POOL_OF in stressorsStateProse.js)]
       NOT-EXECUTABLE: the recovered reading is the census's own synthetic table label and not a field path, so no text can claim it
       a word-level synonym table ships and was applied
     arm Q vocabulary REPORT (no arm changed): "The somebody is not in the town." against spine `INDEBTED TO AN OUTSIDE POWER` reads [token (via CRISIS_POOL_OF in stressorsStateProse.js)]
       NOT-EXECUTABLE: the recovered reading is the census's own synthetic table label and not a field path, so no text can claim it
       a word-level synonym table ships and was applied
     words per face: 18 · 18 · 21 · 18 · 13 · 16 (sentence form)
     sibling distance: #1 1 faces, 0 synonym swap(s) · #2 1 faces, 0 synonym swap(s) · #3 1 faces, 0 synonym swap(s) · #4 1 faces, 0 synonym swap(s) · #5 1 faces, 0 synonym swap(s) · #6 1 faces, 0 synonym swap(s)
     sibling SPREAD #1: NOT-EXECUTABLE: a distance needs two faces and this variant carries 1
     sibling SPREAD #2: NOT-EXECUTABLE: a distance needs two faces and this variant carries 1
     sibling SPREAD #3: NOT-EXECUTABLE: a distance needs two faces and this variant carries 1
     sibling SPREAD #4: NOT-EXECUTABLE: a distance needs two faces and this variant carries 1
     sibling SPREAD #5: NOT-EXECUTABLE: a distance needs two faces and this variant carries 1
     sibling SPREAD #6: NOT-EXECUTABLE: a distance needs two faces and this variant carries 1
     band position FACE grain (8 word-level metrics): mean distance from the exemplar median 0.259 band-widths · budget ok on 6/6 · depth ok on 6/6 · perfection-suspect 6 · distinct tuples 1 of 6 face(s)
     band position CORPUS grain (13 text-level metrics over 104 word(s)): exceeded 11/13 · share 0.846 · mean 0.57 · deepest openers.sameOpenerAsPreviousRate 1.25 over
     provenance: 0 citation(s) · A13 rows 0

  ── DS-STR-1 :: INFILTRATED   [WITHHELD]  inBand YES
     variants 6 · faces 1/1/1/1/1/1 · attach 0 · units 6 · rate 169 bp · departure 1
     rounds: draft 0 · refine-A no · refine-B no
     walk: FAIL 0 · WITHHELD 4 · PASS 2 · findings 5
     unit: FAIL 0 · WITHHELD 4 · PASS 2   ·   owned: FAIL 0 · WITHHELD 0 · PASS 6 (0 owned finding(s), 5 inherited)
     inherited (the SPINE's own, never counted against this pool): Q · a second sentence naming no second field · spine `INFILTRATED` · "Decisions land slightly askew." x 1
     inherited (the SPINE's own, never counted against this pool): Q · a second sentence naming no second field · spine `INFILTRATED` · "Information reaches the wrong hands slightly too often." x 1
     inherited (the SPINE's own, never counted against this pool): Q · a second sentence naming no second field · spine `INFILTRATED` · "Someone else's interest is being served inside the town's own rooms." x 1
     inherited (the SPINE's own, never counted against this pool): Q · a second sentence naming no second field · spine `INFILTRATED` · "The pattern is legible only to whoever is counting the coincidences." x 1
     inherited (the SPINE's own, never counted against this pool): Q · a second sentence naming no second field · spine `INFILTRATED` · "The town knows it without knowing who." x 1
     arm Q vocabulary REPORT (no arm changed): "Decisions land slightly askew." against spine `INFILTRATED` reads [token (via CRISIS_POOL_OF in stressorsStateProse.js)]
       NOT-EXECUTABLE: the recovered reading is the census's own synthetic table label and not a field path, so no text can claim it
       a word-level synonym table ships and was applied
     arm Q vocabulary REPORT (no arm changed): "Information reaches the wrong hands slightly too often." against spine `INFILTRATED` reads [token (via CRISIS_POOL_OF in stressorsStateProse.js)]
       NOT-EXECUTABLE: the recovered reading is the census's own synthetic table label and not a field path, so no text can claim it
       a word-level synonym table ships and was applied
     arm Q vocabulary REPORT (no arm changed): "Someone else's interest is being served inside the town's own rooms." against spine `INFILTRATED` reads [token (via CRISIS_POOL_OF in stressorsStateProse.js)]
       NOT-EXECUTABLE: the recovered reading is the census's own synthetic table label and not a field path, so no text can claim it
       a word-level synonym table ships and was applied
     arm Q vocabulary REPORT (no arm changed): "The pattern is legible only to whoever is counting the coincidences." against spine `INFILTRATED` reads [token (via CRISIS_POOL_OF in stressorsStateProse.js)]
       NOT-EXECUTABLE: the recovered reading is the census's own synthetic table label and not a field path, so no text can claim it
       a word-level synonym table ships and was applied
     arm Q vocabulary REPORT (no arm changed): "The town knows it without knowing who." against spine `INFILTRATED` reads [token (via CRISIS_POOL_OF in stressorsStateProse.js)]
       NOT-EXECUTABLE: the recovered reading is the census's own synthetic table label and not a field path, so no text can claim it
       a word-level synonym table ships and was applied
     words per face: 16 · 20 · 16 · 12 · 12 · 11 (sentence form)
     sibling distance: #1 1 faces, 0 synonym swap(s) · #2 1 faces, 0 synonym swap(s) · #3 1 faces, 0 synonym swap(s) · #4 1 faces, 0 synonym swap(s) · #5 1 faces, 0 synonym swap(s) · #6 1 faces, 0 synonym swap(s)
     sibling SPREAD #1: NOT-EXECUTABLE: a distance needs two faces and this variant carries 1
     sibling SPREAD #2: NOT-EXECUTABLE: a distance needs two faces and this variant carries 1
     sibling SPREAD #3: NOT-EXECUTABLE: a distance needs two faces and this variant carries 1
     sibling SPREAD #4: NOT-EXECUTABLE: a distance needs two faces and this variant carries 1
     sibling SPREAD #5: NOT-EXECUTABLE: a distance needs two faces and this variant carries 1
     sibling SPREAD #6: NOT-EXECUTABLE: a distance needs two faces and this variant carries 1
     band position FACE grain (8 word-level metrics): mean distance from the exemplar median 0.259 band-widths · budget ok on 6/6 · depth ok on 6/6 · perfection-suspect 6 · distinct tuples 1 of 6 face(s)
     band position CORPUS grain (13 text-level metrics over 87 word(s)): exceeded 12/13 · share 0.923 · mean 0.584 · deepest shapes.thereIsOpenerRate 0.654 over
     provenance: 0 citation(s) · A13 rows 0

  ── DS-STR-1 :: INSURGENCY   [FAIL]  inBand YES
     variants 6 · faces 1/1/1/1/1/1 · attach 0 · units 6 · rate 273 bp · departure 1
     rounds: draft 0 · refine-A no · refine-B no
     walk: FAIL 1 · WITHHELD 3 · PASS 2 · findings 7
     unit: FAIL 1 · WITHHELD 3 · PASS 2   ·   owned: FAIL 0 · WITHHELD 0 · PASS 6 (0 owned finding(s), 7 inherited)
     inherited (the SPINE's own, never counted against this pool): Q · a second sentence naming no second field · spine `INSURGENCY` · "The town cannot tell it from the town." x 1
     inherited (the SPINE's own, never counted against this pool): A3 · the band half is the refuter's · spine `INSURGENCY` · "rather than kept" x 1
     inherited (the SPINE's own, never counted against this pool): Q · a second sentence naming no second field · spine `INSURGENCY` · "The authority that answers force with force is losing the argument that matters." x 1
     inherited (the SPINE's own, never counted against this pool): C4 · a totality over an open column · spine `INSURGENCY` · "Parts of {settlement} are governed by the consent of people who hold no office." x 1
     inherited (the SPINE's own, never counted against this pool): Q · a second sentence naming no second field · spine `INSURGENCY` · "The rest is governed nervously." x 1
     inherited (the SPINE's own, never counted against this pool): A3 · the band half is the refuter's · spine `INSURGENCY` · "rather than cover them" x 1
     inherited (the SPINE's own, never counted against this pool): Q · a second sentence naming no second field · spine `INSURGENCY` · "The routes now avoid places rather than cover them." x 1
     arm Q vocabulary REPORT (no arm changed): "The town cannot tell it from the town." against spine `INSURGENCY` reads [token (via CRISIS_POOL_OF in stressorsStateProse.js)]
       NOT-EXECUTABLE: the recovered reading is the census's own synthetic table label and not a field path, so no text can claim it
       a word-level synonym table ships and was applied
     arm Q vocabulary REPORT (no arm changed): "The authority that answers force with force is losing the argument that matters." against spine `INSURGENCY` reads [token (via CRISIS_POOL_OF in stressorsStateProse.js)]
       NOT-EXECUTABLE: the recovered reading is the census's own synthetic table label and not a field path, so no text can claim it
       a word-level synonym table ships and was applied
     arm Q vocabulary REPORT (no arm changed): "The rest is governed nervously." against spine `INSURGENCY` reads [token (via CRISIS_POOL_OF in stressorsStateProse.js)]
       NOT-EXECUTABLE: the recovered reading is the census's own synthetic table label and not a field path, so no text can claim it
       a word-level synonym table ships and was applied
     arm Q vocabulary REPORT (no arm changed): "The routes now avoid places rather than cover them." against spine `INSURGENCY` reads [token (via CRISIS_POOL_OF in stressorsStateProse.js)]
       NOT-EXECUTABLE: the recovered reading is the census's own synthetic table label and not a field path, so no text can claim it
       a word-level synonym table ships and was applied
     words per face: 17 · 20 · 19 · 15 · 17 · 19 (sentence form)
     sibling distance: #1 1 faces, 0 synonym swap(s) · #2 1 faces, 0 synonym swap(s) · #3 1 faces, 0 synonym swap(s) · #4 1 faces, 0 synonym swap(s) · #5 1 faces, 0 synonym swap(s) · #6 1 faces, 0 synonym swap(s)
     sibling SPREAD #1: NOT-EXECUTABLE: a distance needs two faces and this variant carries 1
     sibling SPREAD #2: NOT-EXECUTABLE: a distance needs two faces and this variant carries 1
     sibling SPREAD #3: NOT-EXECUTABLE: a distance needs two faces and this variant carries 1
     sibling SPREAD #4: NOT-EXECUTABLE: a distance needs two faces and this variant carries 1
     sibling SPREAD #5: NOT-EXECUTABLE: a distance needs two faces and this variant carries 1
     sibling SPREAD #6: NOT-EXECUTABLE: a distance needs two faces and this variant carries 1
     band position FACE grain (8 word-level metrics): mean distance from the exemplar median 0.259 band-widths · budget ok on 6/6 · depth ok on 6/6 · perfection-suspect 6 · distinct tuples 1 of 6 face(s)
     band position CORPUS grain (13 text-level metrics over 107 word(s)): exceeded 8/13 · share 0.615 · mean 0.903 · deepest shapes.antithesisRate 5.708 over
     provenance: 0 citation(s) · A13 rows 0

  ── DS-STR-1 :: MASS MIGRATION   [WITHHELD]  inBand YES
     variants 6 · faces 1/1/1/1/1/1 · attach 0 · units 6 · rate 221 bp · departure 1
     rounds: draft 0 · refine-A no · refine-B no
     walk: FAIL 0 · WITHHELD 5 · PASS 1 · findings 6
     unit: FAIL 0 · WITHHELD 5 · PASS 1   ·   owned: FAIL 0 · WITHHELD 0 · PASS 6 (0 owned finding(s), 6 inherited)
     inherited (the SPINE's own, never counted against this pool): Q · a second sentence naming no second field · spine `MASS MIGRATION` · "The camps outside the wall are becoming a second settlement." x 1
     inherited (the SPINE's own, never counted against this pool): Q · a second sentence naming no second field · spine `MASS MIGRATION` · "The administration is improvising." x 1
     inherited (the SPINE's own, never counted against this pool): Q · a second sentence naming no second field · spine `MASS MIGRATION` · "The improvisation is visible." x 1
     inherited (the SPINE's own, never counted against this pool): Q · a second sentence naming no second field · spine `MASS MIGRATION` · "Their arrival is reshaping what the town can afford." x 1
     inherited (the SPINE's own, never counted against this pool): Q · a second sentence naming no second field · spine `MASS MIGRATION` · "The planning is happening after the fact." x 1
     inherited (the SPINE's own, never counted against this pool): Q · a second sentence naming no second field · spine `MASS MIGRATION` · "The overflow is visible at the edges." x 1
     arm Q vocabulary REPORT (no arm changed): "The camps outside the wall are becoming a second settlement." against spine `MASS MIGRATION` reads [token (via CRISIS_POOL_OF in stressorsStateProse.js)]
       NOT-EXECUTABLE: the recovered reading is the census's own synthetic table label and not a field path, so no text can claim it
       a word-level synonym table ships and was applied
     arm Q vocabulary REPORT (no arm changed): "The administration is improvising." against spine `MASS MIGRATION` reads [token (via CRISIS_POOL_OF in stressorsStateProse.js)]
       NOT-EXECUTABLE: the recovered reading is the census's own synthetic table label and not a field path, so no text can claim it
       a word-level synonym table ships and was applied
     arm Q vocabulary REPORT (no arm changed): "The improvisation is visible." against spine `MASS MIGRATION` reads [token (via CRISIS_POOL_OF in stressorsStateProse.js)]
       NOT-EXECUTABLE: the recovered reading is the census's own synthetic table label and not a field path, so no text can claim it
       a word-level synonym table ships and was applied
     arm Q vocabulary REPORT (no arm changed): "Their arrival is reshaping what the town can afford." against spine `MASS MIGRATION` reads [token (via CRISIS_POOL_OF in stressorsStateProse.js)]
       NOT-EXECUTABLE: the recovered reading is the census's own synthetic table label and not a field path, so no text can claim it
       a word-level synonym table ships and was applied
     arm Q vocabulary REPORT (no arm changed): "The planning is happening after the fact." against spine `MASS MIGRATION` reads [token (via CRISIS_POOL_OF in stressorsStateProse.js)]
       NOT-EXECUTABLE: the recovered reading is the census's own synthetic table label and not a field path, so no text can claim it
       a word-level synonym table ships and was applied
     arm Q vocabulary REPORT (no arm changed): "The overflow is visible at the edges." against spine `MASS MIGRATION` reads [token (via CRISIS_POOL_OF in stressorsStateProse.js)]
       NOT-EXECUTABLE: the recovered reading is the census's own synthetic table label and not a field path, so no text can claim it
       a word-level synonym table ships and was applied
     words per face: 20 · 14 · 15 · 20 · 14 · 17 (sentence form)
     sibling distance: #1 1 faces, 0 synonym swap(s) · #2 1 faces, 0 synonym swap(s) · #3 1 faces, 0 synonym swap(s) · #4 1 faces, 0 synonym swap(s) · #5 1 faces, 0 synonym swap(s) · #6 1 faces, 0 synonym swap(s)
     sibling SPREAD #1: NOT-EXECUTABLE: a distance needs two faces and this variant carries 1
     sibling SPREAD #2: NOT-EXECUTABLE: a distance needs two faces and this variant carries 1
     sibling SPREAD #3: NOT-EXECUTABLE: a distance needs two faces and this variant carries 1
     sibling SPREAD #4: NOT-EXECUTABLE: a distance needs two faces and this variant carries 1
     sibling SPREAD #5: NOT-EXECUTABLE: a distance needs two faces and this variant carries 1
     sibling SPREAD #6: NOT-EXECUTABLE: a distance needs two faces and this variant carries 1
     band position FACE grain (8 word-level metrics): mean distance from the exemplar median 0.259 band-widths · budget ok on 6/6 · depth ok on 6/6 · perfection-suspect 6 · distinct tuples 1 of 6 face(s)
     band position CORPUS grain (13 text-level metrics over 100 word(s)): exceeded 9/13 · share 0.692 · mean 0.649 · deepest openers.sameOpenerAsPreviousRate 1 over
     provenance: 0 citation(s) · A13 rows 0

  ── DS-STR-1 :: Overview's own section framing   [WITHHELD]  inBand YES
     variants 3 · faces 1/1/1 · attach 0 · units 3 · rate 3060 bp · departure 0
     rounds: draft 0 · refine-A no · refine-B no
     walk: FAIL 0 · WITHHELD 3 · PASS 0 · findings 6
     unit: FAIL 0 · WITHHELD 3 · PASS 0   ·   owned: FAIL 0 · WITHHELD 0 · PASS 3 (0 owned finding(s), 6 inherited)
     inherited (the SPINE's own, never counted against this pool): Q · a second sentence naming no second field · spine `Overview's own section framing` · "What troubles it are the ordinary troubles." x 1
     inherited (the SPINE's own, never counted against this pool): Q · a second sentence naming no second field · spine `Overview's own section framing` · "They are being handled at the ordinary pace." x 1
     inherited (the SPINE's own, never counted against this pool): A3 · the band half is the refuter's · spine `Overview's own section framing` · "rather than acute" x 1
     inherited (the SPINE's own, never counted against this pool): Q · a second sentence naming no second field · spine `Overview's own section framing` · "The town's difficulties are chronic rather than acute." x 1
     inherited (the SPINE's own, never counted against this pool): Q · a second sentence naming no second field · spine `Overview's own section framing` · "It has the room to work on them." x 1
     inherited (the SPINE's own, never counted against this pool): Q · a second sentence naming no second field · spine `Overview's own section framing` · "Whatever strain the settlement carries, it carries at a weight it can hold." x 1
     arm Q vocabulary REPORT (no arm changed): "What troubles it are the ordinary troubles." against spine `Overview's own section framing` reads [none recovered]
       NOT-EXECUTABLE: the wiring census recovered no reading for this pool, so there is no declared field set to reconcile the text against
       a word-level synonym table ships and was applied
     arm Q vocabulary REPORT (no arm changed): "They are being handled at the ordinary pace." against spine `Overview's own section framing` reads [none recovered]
       NOT-EXECUTABLE: the wiring census recovered no reading for this pool, so there is no declared field set to reconcile the text against
       a word-level synonym table ships and was applied
     arm Q vocabulary REPORT (no arm changed): "The town's difficulties are chronic rather than acute." against spine `Overview's own section framing` reads [none recovered]
       NOT-EXECUTABLE: the wiring census recovered no reading for this pool, so there is no declared field set to reconcile the text against
       a word-level synonym table ships and was applied
     arm Q vocabulary REPORT (no arm changed): "It has the room to work on them." against spine `Overview's own section framing` reads [none recovered]
       NOT-EXECUTABLE: the wiring census recovered no reading for this pool, so there is no declared field set to reconcile the text against
       a word-level synonym table ships and was applied
     arm Q vocabulary REPORT (no arm changed): "Whatever strain the settlement carries, it carries at a weight it can hold." against spine `Overview's own section framing` reads [none recovered]
       NOT-EXECUTABLE: the wiring census recovered no reading for this pool, so there is no declared field set to reconcile the text against
       a word-level synonym table ships and was applied
     words per face: 19 · 20 · 20 (sentence form)
     sibling distance: #1 1 faces, 0 synonym swap(s) · #2 1 faces, 0 synonym swap(s) · #3 1 faces, 0 synonym swap(s)
     sibling SPREAD #1: NOT-EXECUTABLE: a distance needs two faces and this variant carries 1
     sibling SPREAD #2: NOT-EXECUTABLE: a distance needs two faces and this variant carries 1
     sibling SPREAD #3: NOT-EXECUTABLE: a distance needs two faces and this variant carries 1
     band position FACE grain (8 word-level metrics): mean distance from the exemplar median 0.259 band-widths · budget ok on 3/3 · depth ok on 3/3 · perfection-suspect 3 · distinct tuples 1 of 3 face(s)
     band position CORPUS grain (13 text-level metrics over 59 word(s)): exceeded 13/13 · share 1 · mean 0.945 · deepest shapes.antithesisRate 2.661 over
     provenance: 0 citation(s) · A13 rows 0

  ── DS-STR-1 :: POLITICALLY FRACTURED   [WITHHELD]  inBand YES
     variants 6 · faces 1/1/1/1/1/1 · attach 0 · units 6 · rate 326 bp · departure 1
     rounds: draft 0 · refine-A no · refine-B no
     reported: band depth · shapes.participialOpenerRate (over) = 28.24 band-widths on 1 of 6 face(s) | DEPTH at most 1.75 band-widths on every face (REPORTED, refuses nothing — ADDENDUM 18 ruling 1)
     walk: FAIL 0 · WITHHELD 4 · PASS 2 · findings 6
     unit: FAIL 0 · WITHHELD 4 · PASS 2   ·   owned: FAIL 0 · WITHHELD 0 · PASS 6 (0 owned finding(s), 6 inherited)
     inherited (the SPINE's own, never counted against this pool): Q · a second sentence naming no second field · spine `POLITICALLY FRACTURED` · "The factions each hold enough to block and none hold enough to rule." x 1
     inherited (the SPINE's own, never counted against this pool): Q · a second sentence naming no second field · spine `POLITICALLY FRACTURED` · "So the work of governing sits unattended." x 1
     inherited (the SPINE's own, never counted against this pool): Q · a second sentence naming no second field · spine `POLITICALLY FRACTURED` · "Repairs, judgments and appointments all wait on a consensus that does not arrive." x 1
     inherited (the SPINE's own, never counted against this pool): Q · a second sentence naming no second field · spine `POLITICALLY FRACTURED` · "The pieces do not agree." x 1
     inherited (the SPINE's own, never counted against this pool): Q · a second sentence naming no second field · spine `POLITICALLY FRACTURED` · "Deferral has become the only policy anyone can pass." x 1
     inherited (the SPINE's own, never counted against this pool): C3 · is this clause historical? · spine `POLITICALLY FRACTURED` · "{settlement} has no single answer to anything, because there is no longer anyone entitled to ..." x 1
     arm Q vocabulary REPORT (no arm changed): "The factions each hold enough to block and none hold enough to rule." against spine `POLITICALLY FRACTURED` reads [token (via CRISIS_POOL_OF in stressorsStateProse.js)]
       NOT-EXECUTABLE: the recovered reading is the census's own synthetic table label and not a field path, so no text can claim it
       a word-level synonym table ships and was applied
     arm Q vocabulary REPORT (no arm changed): "So the work of governing sits unattended." against spine `POLITICALLY FRACTURED` reads [token (via CRISIS_POOL_OF in stressorsStateProse.js)]
       NOT-EXECUTABLE: the recovered reading is the census's own synthetic table label and not a field path, so no text can claim it
       a word-level synonym table ships and was applied
     arm Q vocabulary REPORT (no arm changed): "Repairs, judgments and appointments all wait on a consensus that does not arrive." against spine `POLITICALLY FRACTURED` reads [token (via CRISIS_POOL_OF in stressorsStateProse.js)]
       NOT-EXECUTABLE: the recovered reading is the census's own synthetic table label and not a field path, so no text can claim it
       a word-level synonym table ships and was applied
     arm Q vocabulary REPORT (no arm changed): "The pieces do not agree." against spine `POLITICALLY FRACTURED` reads [token (via CRISIS_POOL_OF in stressorsStateProse.js)]
       NOT-EXECUTABLE: the recovered reading is the census's own synthetic table label and not a field path, so no text can claim it
       a word-level synonym table ships and was applied
     arm Q vocabulary REPORT (no arm changed): "Deferral has become the only policy anyone can pass." against spine `POLITICALLY FRACTURED` reads [token (via CRISIS_POOL_OF in stressorsStateProse.js)]
       NOT-EXECUTABLE: the recovered reading is the census's own synthetic table label and not a field path, so no text can claim it
       a word-level synonym table ships and was applied
     words per face: 23 · 22 · 20 · 17 · 16 · 20 (sentence form)
     sibling distance: #1 1 faces, 0 synonym swap(s) · #2 1 faces, 0 synonym swap(s) · #3 1 faces, 0 synonym swap(s) · #4 1 faces, 0 synonym swap(s) · #5 1 faces, 0 synonym swap(s) · #6 1 faces, 0 synonym swap(s)
     sibling SPREAD #1: NOT-EXECUTABLE: a distance needs two faces and this variant carries 1
     sibling SPREAD #2: NOT-EXECUTABLE: a distance needs two faces and this variant carries 1
     sibling SPREAD #3: NOT-EXECUTABLE: a distance needs two faces and this variant carries 1
     sibling SPREAD #4: NOT-EXECUTABLE: a distance needs two faces and this variant carries 1
     sibling SPREAD #5: NOT-EXECUTABLE: a distance needs two faces and this variant carries 1
     sibling SPREAD #6: NOT-EXECUTABLE: a distance needs two faces and this variant carries 1
     band position FACE grain (8 word-level metrics): mean distance from the exemplar median 0.858 band-widths · budget ok on 6/6 · depth ok on 5/6 · perfection-suspect 5 · distinct tuples 2 of 6 face(s)
     band position CORPUS grain (13 text-level metrics over 118 word(s)): exceeded 10/13 · share 0.769 · mean 0.472 · deepest runsOfThreeSameLengthBand 0.605 under
     provenance: 0 citation(s) · A13 rows 0

  ── DS-STR-1 :: RECENTLY BETRAYED   [WITHHELD]  inBand YES
     variants 6 · faces 1/1/1/1/1/1 · attach 0 · units 6 · rate 221 bp · departure 1
     rounds: draft 0 · refine-A no · refine-B no
     walk: FAIL 0 · WITHHELD 6 · PASS 0 · findings 9
     unit: FAIL 0 · WITHHELD 6 · PASS 0   ·   owned: FAIL 0 · WITHHELD 0 · PASS 6 (0 owned finding(s), 9 inherited)
     inherited (the SPINE's own, never counted against this pool): C3 · is this clause historical? · spine `RECENTLY BETRAYED` · "Trust here is a shorter commodity than it was." x 1
     inherited (the SPINE's own, never counted against this pool): Q · a second sentence naming no second field · spine `RECENTLY BETRAYED` · "Institutions run at partial strength because too few people are willing to vouch for one anot..." x 1
     inherited (the SPINE's own, never counted against this pool): C3 · is this clause historical? · spine `RECENTLY BETRAYED` · "The betrayal is over and its consequences are not. Offices that once shared information now k..." x 1
     inherited (the SPINE's own, never counted against this pool): Q · a second sentence naming no second field · spine `RECENTLY BETRAYED` · "Offices that once shared information now keep it." x 1
     inherited (the SPINE's own, never counted against this pool): Q · a second sentence naming no second field · spine `RECENTLY BETRAYED` · "The arrangements that depended on good faith have quietly lapsed." x 1
     inherited (the SPINE's own, never counted against this pool): C3 · is this clause historical? · spine `RECENTLY BETRAYED` · "{settlement} was let down by somebody it had reason to trust." x 1
     inherited (the SPINE's own, never counted against this pool): Q · a second sentence naming no second field · spine `RECENTLY BETRAYED` · "The town has grown careful in a way that reaches past the person responsible." x 1
     inherited (the SPINE's own, never counted against this pool): C3 · is this clause historical? · spine `RECENTLY BETRAYED` · "Agreements at {settlement} are being written longer than they used to be written, and the len..." x 1
     inherited (the SPINE's own, never counted against this pool): Q · a second sentence naming no second field · spine `RECENTLY BETRAYED` · "The slowness is deliberate." x 1
     arm Q vocabulary REPORT (no arm changed): "Institutions run at partial strength because too few people are willing to vouch for one anot..." against spine `RECENTLY BETRAYED` reads [token (via CRISIS_POOL_OF in stressorsStateProse.js)]
       NOT-EXECUTABLE: the recovered reading is the census's own synthetic table label and not a field path, so no text can claim it
       a word-level synonym table ships and was applied
     arm Q vocabulary REPORT (no arm changed): "Offices that once shared information now keep it." against spine `RECENTLY BETRAYED` reads [token (via CRISIS_POOL_OF in stressorsStateProse.js)]
       NOT-EXECUTABLE: the recovered reading is the census's own synthetic table label and not a field path, so no text can claim it
       a word-level synonym table ships and was applied
     arm Q vocabulary REPORT (no arm changed): "The arrangements that depended on good faith have quietly lapsed." against spine `RECENTLY BETRAYED` reads [token (via CRISIS_POOL_OF in stressorsStateProse.js)]
       NOT-EXECUTABLE: the recovered reading is the census's own synthetic table label and not a field path, so no text can claim it
       a word-level synonym table ships and was applied
     arm Q vocabulary REPORT (no arm changed): "The town has grown careful in a way that reaches past the person responsible." against spine `RECENTLY BETRAYED` reads [token (via CRISIS_POOL_OF in stressorsStateProse.js)]
       NOT-EXECUTABLE: the recovered reading is the census's own synthetic table label and not a field path, so no text can claim it
       a word-level synonym table ships and was applied
     arm Q vocabulary REPORT (no arm changed): "The slowness is deliberate." against spine `RECENTLY BETRAYED` reads [token (via CRISIS_POOL_OF in stressorsStateProse.js)]
       NOT-EXECUTABLE: the recovered reading is the census's own synthetic table label and not a field path, so no text can claim it
       a word-level synonym table ships and was applied
     words per face: 25 · 17 · 16 · 25 · 20 · 12 (sentence form)
     sibling distance: #1 1 faces, 0 synonym swap(s) · #2 1 faces, 0 synonym swap(s) · #3 1 faces, 0 synonym swap(s) · #4 1 faces, 0 synonym swap(s) · #5 1 faces, 0 synonym swap(s) · #6 1 faces, 0 synonym swap(s)
     sibling SPREAD #1: NOT-EXECUTABLE: a distance needs two faces and this variant carries 1
     sibling SPREAD #2: NOT-EXECUTABLE: a distance needs two faces and this variant carries 1
     sibling SPREAD #3: NOT-EXECUTABLE: a distance needs two faces and this variant carries 1
     sibling SPREAD #4: NOT-EXECUTABLE: a distance needs two faces and this variant carries 1
     sibling SPREAD #5: NOT-EXECUTABLE: a distance needs two faces and this variant carries 1
     sibling SPREAD #6: NOT-EXECUTABLE: a distance needs two faces and this variant carries 1
     band position FACE grain (8 word-level metrics): mean distance from the exemplar median 0.259 band-widths · budget ok on 6/6 · depth ok on 6/6 · perfection-suspect 6 · distinct tuples 1 of 6 face(s)
     band position CORPUS grain (13 text-level metrics over 115 word(s)): exceeded 10/13 · share 0.769 · mean 0.483 · deepest runsOfThreeSameLengthBand 0.361 over
     provenance: 0 citation(s) · A13 rows 0

  ── DS-STR-1 :: RELIGIOUS CRISIS   [WITHHELD]  inBand YES
     variants 6 · faces 1/1/1/1/1/1 · attach 0 · units 6 · rate 78 bp · departure 1
     rounds: draft 0 · refine-A no · refine-B no
     walk: FAIL 0 · WITHHELD 6 · PASS 0 · findings 9
     unit: FAIL 0 · WITHHELD 6 · PASS 0   ·   owned: FAIL 0 · WITHHELD 0 · PASS 6 (0 owned finding(s), 9 inherited)
     inherited (the SPINE's own, never counted against this pool): C3 · is this clause historical? · spine `RELIGIOUS CRISIS` · "The town's creed is contested from within. Congregations that once shared a calendar now keep..." x 1
     inherited (the SPINE's own, never counted against this pool): Q · a second sentence naming no second field · spine `RELIGIOUS CRISIS` · "Congregations that once shared a calendar now keep separate ones." x 1
     inherited (the SPINE's own, never counted against this pool): C3 · is this clause historical? · spine `RELIGIOUS CRISIS` · "A rival observance has taken root deep enough to divide households. The old rite still holds ..." x 1
     inherited (the SPINE's own, never counted against this pool): Q · a second sentence naming no second field · spine `RELIGIOUS CRISIS` · "The old rite still holds the buildings and no longer holds the street." x 1
     inherited (the SPINE's own, never counted against this pool): A3 · the band half is the refuter's · spine `RELIGIOUS CRISIS` · "rather than habit" x 1
     inherited (the SPINE's own, never counted against this pool): Q · a second sentence naming no second field · spine `RELIGIOUS CRISIS` · "The question is being asked out loud." x 1
     inherited (the SPINE's own, never counted against this pool): Q · a second sentence naming no second field · spine `RELIGIOUS CRISIS` · "The households have not all changed at the same rate." x 1
     inherited (the SPINE's own, never counted against this pool): Q · a second sentence naming no second field · spine `RELIGIOUS CRISIS` · "The clerks record only one of them." x 1
     inherited (the SPINE's own, never counted against this pool): Q · a second sentence naming no second field · spine `RELIGIOUS CRISIS` · "That is visible in the stonework." x 1
     arm Q vocabulary REPORT (no arm changed): "Congregations that once shared a calendar now keep separate ones." against spine `RELIGIOUS CRISIS` reads [token (via CRISIS_POOL_OF in stressorsStateProse.js)]
       NOT-EXECUTABLE: the recovered reading is the census's own synthetic table label and not a field path, so no text can claim it
       a word-level synonym table ships and was applied
     arm Q vocabulary REPORT (no arm changed): "The old rite still holds the buildings and no longer holds the street." against spine `RELIGIOUS CRISIS` reads [token (via CRISIS_POOL_OF in stressorsStateProse.js)]
       NOT-EXECUTABLE: the recovered reading is the census's own synthetic table label and not a field path, so no text can claim it
       a word-level synonym table ships and was applied
     arm Q vocabulary REPORT (no arm changed): "The question is being asked out loud." against spine `RELIGIOUS CRISIS` reads [token (via CRISIS_POOL_OF in stressorsStateProse.js)]
       NOT-EXECUTABLE: the recovered reading is the census's own synthetic table label and not a field path, so no text can claim it
       a word-level synonym table ships and was applied
     arm Q vocabulary REPORT (no arm changed): "The households have not all changed at the same rate." against spine `RELIGIOUS CRISIS` reads [token (via CRISIS_POOL_OF in stressorsStateProse.js)]
       NOT-EXECUTABLE: the recovered reading is the census's own synthetic table label and not a field path, so no text can claim it
       a word-level synonym table ships and was applied
     arm Q vocabulary REPORT (no arm changed): "The clerks record only one of them." against spine `RELIGIOUS CRISIS` reads [token (via CRISIS_POOL_OF in stressorsStateProse.js)]
       NOT-EXECUTABLE: the recovered reading is the census's own synthetic table label and not a field path, so no text can claim it
       a word-level synonym table ships and was applied
     arm Q vocabulary REPORT (no arm changed): "That is visible in the stonework." against spine `RELIGIOUS CRISIS` reads [token (via CRISIS_POOL_OF in stressorsStateProse.js)]
       NOT-EXECUTABLE: the recovered reading is the census's own synthetic table label and not a field path, so no text can claim it
       a word-level synonym table ships and was applied
     words per face: 17 · 24 · 18 · 15 · 23 · 17 (sentence form)
     sibling distance: #1 1 faces, 0 synonym swap(s) · #2 1 faces, 0 synonym swap(s) · #3 1 faces, 0 synonym swap(s) · #4 1 faces, 0 synonym swap(s) · #5 1 faces, 0 synonym swap(s) · #6 1 faces, 0 synonym swap(s)
     sibling SPREAD #1: NOT-EXECUTABLE: a distance needs two faces and this variant carries 1
     sibling SPREAD #2: NOT-EXECUTABLE: a distance needs two faces and this variant carries 1
     sibling SPREAD #3: NOT-EXECUTABLE: a distance needs two faces and this variant carries 1
     sibling SPREAD #4: NOT-EXECUTABLE: a distance needs two faces and this variant carries 1
     sibling SPREAD #5: NOT-EXECUTABLE: a distance needs two faces and this variant carries 1
     sibling SPREAD #6: NOT-EXECUTABLE: a distance needs two faces and this variant carries 1
     band position FACE grain (8 word-level metrics): mean distance from the exemplar median 0.291 band-widths · budget ok on 6/6 · depth ok on 6/6 · perfection-suspect 5 · distinct tuples 2 of 6 face(s)
     band position CORPUS grain (13 text-level metrics over 114 word(s)): exceeded 9/13 · share 0.692 · mean 0.591 · deepest shapes.antithesisRate 1.592 over
     provenance: 0 citation(s) · A13 rows 0

  ── DS-STR-1 :: SLAVE REVOLT   [WITHHELD]  inBand YES
     variants 6 · faces 1/1/1/1/1/1 · attach 0 · units 6 · rate ABSENT · departure ABSENT
     rounds: draft 0 · refine-A no · refine-B no
     walk: FAIL 0 · WITHHELD 5 · PASS 1 · findings 8
     unit: FAIL 0 · WITHHELD 5 · PASS 1   ·   owned: FAIL 0 · WITHHELD 0 · PASS 6 (0 owned finding(s), 8 inherited)
     inherited (the SPINE's own, never counted against this pool): C3 · is this clause historical? · spine `SLAVE REVOLT` · "The settlement was built on its reliability." x 1
     inherited (the SPINE's own, never counted against this pool): Q · a second sentence naming no second field · spine `SLAVE REVOLT` · "The settlement was built on its reliability." x 1
     inherited (the SPINE's own, never counted against this pool): C3 · is this clause historical? · spine `SLAVE REVOLT` · "What held the arrangement together was never consent." x 1
     inherited (the SPINE's own, never counted against this pool): Q · a second sentence naming no second field · spine `SLAVE REVOLT` · "What held the arrangement together was never consent." x 1
     inherited (the SPINE's own, never counted against this pool): C3 · is this clause historical? · spine `SLAVE REVOLT` · "The overseers keep order in the daylight hours. What happens after them is no longer theirs t..." x 1
     inherited (the SPINE's own, never counted against this pool): Q · a second sentence naming no second field · spine `SLAVE REVOLT` · "What happens after them is no longer theirs to decide." x 1
     inherited (the SPINE's own, never counted against this pool): Q · a second sentence naming no second field · spine `SLAVE REVOLT` · "The town has no arrangement for what follows." x 1
     inherited (the SPINE's own, never counted against this pool): Q · a second sentence naming no second field · spine `SLAVE REVOLT` · "The names are there and the people are not where the names say." x 1
     arm Q vocabulary REPORT (no arm changed): "The settlement was built on its reliability." against spine `SLAVE REVOLT` reads [token (via CRISIS_POOL_OF in stressorsStateProse.js)]
       NOT-EXECUTABLE: the recovered reading is the census's own synthetic table label and not a field path, so no text can claim it
       a word-level synonym table ships and was applied
     arm Q vocabulary REPORT (no arm changed): "What held the arrangement together was never consent." against spine `SLAVE REVOLT` reads [token (via CRISIS_POOL_OF in stressorsStateProse.js)]
       NOT-EXECUTABLE: the recovered reading is the census's own synthetic table label and not a field path, so no text can claim it
       a word-level synonym table ships and was applied
     arm Q vocabulary REPORT (no arm changed): "What happens after them is no longer theirs to decide." against spine `SLAVE REVOLT` reads [token (via CRISIS_POOL_OF in stressorsStateProse.js)]
       NOT-EXECUTABLE: the recovered reading is the census's own synthetic table label and not a field path, so no text can claim it
       a word-level synonym table ships and was applied
     arm Q vocabulary REPORT (no arm changed): "The town has no arrangement for what follows." against spine `SLAVE REVOLT` reads [token (via CRISIS_POOL_OF in stressorsStateProse.js)]
       NOT-EXECUTABLE: the recovered reading is the census's own synthetic table label and not a field path, so no text can claim it
       a word-level synonym table ships and was applied
     arm Q vocabulary REPORT (no arm changed): "The names are there and the people are not where the names say." against spine `SLAVE REVOLT` reads [token (via CRISIS_POOL_OF in stressorsStateProse.js)]
       NOT-EXECUTABLE: the recovered reading is the census's own synthetic table label and not a field path, so no text can claim it
       a word-level synonym table ships and was applied
     words per face: 16 · 19 · 18 · 16 · 24 · 14 (sentence form)
     sibling distance: #1 1 faces, 0 synonym swap(s) · #2 1 faces, 0 synonym swap(s) · #3 1 faces, 0 synonym swap(s) · #4 1 faces, 0 synonym swap(s) · #5 1 faces, 0 synonym swap(s) · #6 1 faces, 0 synonym swap(s)
     sibling SPREAD #1: NOT-EXECUTABLE: a distance needs two faces and this variant carries 1
     sibling SPREAD #2: NOT-EXECUTABLE: a distance needs two faces and this variant carries 1
     sibling SPREAD #3: NOT-EXECUTABLE: a distance needs two faces and this variant carries 1
     sibling SPREAD #4: NOT-EXECUTABLE: a distance needs two faces and this variant carries 1
     sibling SPREAD #5: NOT-EXECUTABLE: a distance needs two faces and this variant carries 1
     sibling SPREAD #6: NOT-EXECUTABLE: a distance needs two faces and this variant carries 1
     band position FACE grain (8 word-level metrics): mean distance from the exemplar median 0.259 band-widths · budget ok on 6/6 · depth ok on 6/6 · perfection-suspect 6 · distinct tuples 1 of 6 face(s)
     band position CORPUS grain (13 text-level metrics over 107 word(s)): exceeded 11/13 · share 0.846 · mean 0.699 · deepest openers.sameOpenerAsPreviousRate 2.083 over
     provenance: 0 citation(s) · A13 rows 0

  ── DS-STR-1 :: SUCCESSION VOID   [WITHHELD]  inBand YES
     variants 6 · faces 1/1/1/1/1/1 · attach 0 · units 6 · rate 339 bp · departure 1
     rounds: draft 0 · refine-A no · refine-B no
     walk: FAIL 0 · WITHHELD 2 · PASS 4 · findings 3
     unit: FAIL 0 · WITHHELD 2 · PASS 4   ·   owned: FAIL 0 · WITHHELD 0 · PASS 6 (0 owned finding(s), 3 inherited)
     inherited (the SPINE's own, never counted against this pool): Q · a second sentence naming no second field · spine `SUCCESSION VOID` · "Major decisions are deferred." x 1
     inherited (the SPINE's own, never counted against this pool): Q · a second sentence naming no second field · spine `SUCCESSION VOID` · "The institutions carry on under their own momentum." x 1
     inherited (the SPINE's own, never counted against this pool): Q · a second sentence naming no second field · spine `SUCCESSION VOID` · "The vacancy is being filled unofficially by whoever stands nearest the work." x 1
     arm Q vocabulary REPORT (no arm changed): "Major decisions are deferred." against spine `SUCCESSION VOID` reads [token (via CRISIS_POOL_OF in stressorsStateProse.js)]
       NOT-EXECUTABLE: the recovered reading is the census's own synthetic table label and not a field path, so no text can claim it
       a word-level synonym table ships and was applied
     arm Q vocabulary REPORT (no arm changed): "The institutions carry on under their own momentum." against spine `SUCCESSION VOID` reads [token (via CRISIS_POOL_OF in stressorsStateProse.js)]
       NOT-EXECUTABLE: the recovered reading is the census's own synthetic table label and not a field path, so no text can claim it
       a word-level synonym table ships and was applied
     arm Q vocabulary REPORT (no arm changed): "The vacancy is being filled unofficially by whoever stands nearest the work." against spine `SUCCESSION VOID` reads [token (via CRISIS_POOL_OF in stressorsStateProse.js)]
       NOT-EXECUTABLE: the recovered reading is the census's own synthetic table label and not a field path, so no text can claim it
       a word-level synonym table ships and was applied
     words per face: 21 · 18 · 18 · 19 · 18 · 11 (sentence form)
     sibling distance: #1 1 faces, 0 synonym swap(s) · #2 1 faces, 0 synonym swap(s) · #3 1 faces, 0 synonym swap(s) · #4 1 faces, 0 synonym swap(s) · #5 1 faces, 0 synonym swap(s) · #6 1 faces, 0 synonym swap(s)
     sibling SPREAD #1: NOT-EXECUTABLE: a distance needs two faces and this variant carries 1
     sibling SPREAD #2: NOT-EXECUTABLE: a distance needs two faces and this variant carries 1
     sibling SPREAD #3: NOT-EXECUTABLE: a distance needs two faces and this variant carries 1
     sibling SPREAD #4: NOT-EXECUTABLE: a distance needs two faces and this variant carries 1
     sibling SPREAD #5: NOT-EXECUTABLE: a distance needs two faces and this variant carries 1
     sibling SPREAD #6: NOT-EXECUTABLE: a distance needs two faces and this variant carries 1
     band position FACE grain (8 word-level metrics): mean distance from the exemplar median 0.259 band-widths · budget ok on 6/6 · depth ok on 6/6 · perfection-suspect 6 · distinct tuples 1 of 6 face(s)
     band position CORPUS grain (13 text-level metrics over 105 word(s)): exceeded 10/13 · share 0.769 · mean 0.605 · deepest shapes.doubledAdjectiveRate 1.112 over
     provenance: 0 citation(s) · A13 rows 0

  ── DS-STR-1 :: UNDER OCCUPATION   [WITHHELD]  inBand YES
     variants 6 · faces 1/1/1/1/1/1 · attach 0 · units 6 · rate 104 bp · departure 1
     rounds: draft 0 · refine-A no · refine-B no
     walk: FAIL 0 · WITHHELD 5 · PASS 1 · findings 7
     unit: FAIL 0 · WITHHELD 5 · PASS 1   ·   owned: FAIL 0 · WITHHELD 0 · PASS 6 (0 owned finding(s), 7 inherited)
     inherited (the SPINE's own, never counted against this pool): Q · a second sentence naming no second field · spine `UNDER OCCUPATION` · "The offices are the same offices." x 1
     inherited (the SPINE's own, never counted against this pool): Q · a second sentence naming no second field · spine `UNDER OCCUPATION` · "The authority behind them is not." x 1
     inherited (the SPINE's own, never counted against this pool): Q · a second sentence naming no second field · spine `UNDER OCCUPATION` · "The administration is not its own." x 1
     inherited (the SPINE's own, never counted against this pool): Q · a second sentence naming no second field · spine `UNDER OCCUPATION` · "The town's business is conducted around it." x 1
     inherited (the SPINE's own, never counted against this pool): A3 · the band half is the refuter's · spine `UNDER OCCUPATION` · "rather than decides" x 1
     inherited (the SPINE's own, never counted against this pool): Q · a second sentence naming no second field · spine `UNDER OCCUPATION` · "The town's own hall now advises rather than decides." x 1
     inherited (the SPINE's own, never counted against this pool): Q · a second sentence naming no second field · spine `UNDER OCCUPATION` · "The supervision is not disguised." x 1
     arm Q vocabulary REPORT (no arm changed): "The offices are the same offices." against spine `UNDER OCCUPATION` reads [token (via CRISIS_POOL_OF in stressorsStateProse.js)]
       NOT-EXECUTABLE: the recovered reading is the census's own synthetic table label and not a field path, so no text can claim it
       a word-level synonym table ships and was applied
     arm Q vocabulary REPORT (no arm changed): "The authority behind them is not." against spine `UNDER OCCUPATION` reads [token (via CRISIS_POOL_OF in stressorsStateProse.js)]
       NOT-EXECUTABLE: the recovered reading is the census's own synthetic table label and not a field path, so no text can claim it
       a word-level synonym table ships and was applied
     arm Q vocabulary REPORT (no arm changed): "The administration is not its own." against spine `UNDER OCCUPATION` reads [token (via CRISIS_POOL_OF in stressorsStateProse.js)]
       NOT-EXECUTABLE: the recovered reading is the census's own synthetic table label and not a field path, so no text can claim it
       a word-level synonym table ships and was applied
     arm Q vocabulary REPORT (no arm changed): "The town's business is conducted around it." against spine `UNDER OCCUPATION` reads [token (via CRISIS_POOL_OF in stressorsStateProse.js)]
       NOT-EXECUTABLE: the recovered reading is the census's own synthetic table label and not a field path, so no text can claim it
       a word-level synonym table ships and was applied
     arm Q vocabulary REPORT (no arm changed): "The town's own hall now advises rather than decides." against spine `UNDER OCCUPATION` reads [token (via CRISIS_POOL_OF in stressorsStateProse.js)]
       NOT-EXECUTABLE: the recovered reading is the census's own synthetic table label and not a field path, so no text can claim it
       a word-level synonym table ships and was applied
     arm Q vocabulary REPORT (no arm changed): "The supervision is not disguised." against spine `UNDER OCCUPATION` reads [token (via CRISIS_POOL_OF in stressorsStateProse.js)]
       NOT-EXECUTABLE: the recovered reading is the census's own synthetic table label and not a field path, so no text can claim it
       a word-level synonym table ships and was applied
     words per face: 17 · 15 · 14 · 18 · 19 · 12 (sentence form)
     sibling distance: #1 1 faces, 0 synonym swap(s) · #2 1 faces, 0 synonym swap(s) · #3 1 faces, 0 synonym swap(s) · #4 1 faces, 0 synonym swap(s) · #5 1 faces, 0 synonym swap(s) · #6 1 faces, 0 synonym swap(s)
     sibling SPREAD #1: NOT-EXECUTABLE: a distance needs two faces and this variant carries 1
     sibling SPREAD #2: NOT-EXECUTABLE: a distance needs two faces and this variant carries 1
     sibling SPREAD #3: NOT-EXECUTABLE: a distance needs two faces and this variant carries 1
     sibling SPREAD #4: NOT-EXECUTABLE: a distance needs two faces and this variant carries 1
     sibling SPREAD #5: NOT-EXECUTABLE: a distance needs two faces and this variant carries 1
     sibling SPREAD #6: NOT-EXECUTABLE: a distance needs two faces and this variant carries 1
     band position FACE grain (8 word-level metrics): mean distance from the exemplar median 0.259 band-widths · budget ok on 6/6 · depth ok on 6/6 · perfection-suspect 6 · distinct tuples 1 of 6 face(s)
     band position CORPUS grain (13 text-level metrics over 95 word(s)): exceeded 10/13 · share 0.769 · mean 0.854 · deepest shapes.antithesisRate 1.878 over
     provenance: 0 citation(s) · A13 rows 0

  ── DS-STR-1 :: UNDER SIEGE   [WITHHELD]  inBand YES
     variants 6 · faces 1/1/1/1/1/1 · attach 0 · units 6 · rate 182 bp · departure 1
     rounds: draft 0 · refine-A no · refine-B no
     walk: FAIL 0 · WITHHELD 5 · PASS 1 · findings 6
     unit: FAIL 0 · WITHHELD 5 · PASS 1   ·   owned: FAIL 0 · WITHHELD 0 · PASS 6 (0 owned finding(s), 6 inherited)
     inherited (the SPINE's own, never counted against this pool): Q · a second sentence naming no second field · spine `UNDER SIEGE` · "The fields beyond them have not been worked since the lines closed." x 1
     inherited (the SPINE's own, never counted against this pool): A3 · the band half is the refuter's · spine `UNDER SIEGE` · "rather than the market now" x 1
     inherited (the SPINE's own, never counted against this pool): Q · a second sentence naming no second field · spine `UNDER SIEGE` · "The siege decides what the town eats." x 1
     inherited (the SPINE's own, never counted against this pool): Q · a second sentence naming no second field · spine `UNDER SIEGE` · "Every arrangement inside the walls has been rebuilt around the gates staying closed." x 1
     inherited (the SPINE's own, never counted against this pool): Q · a second sentence naming no second field · spine `UNDER SIEGE` · "The list is shorter than the town." x 1
     inherited (the SPINE's own, never counted against this pool): Q · a second sentence naming no second field · spine `UNDER SIEGE` · "The walls have people on them at hours walls do not normally have people on them." x 1
     arm Q vocabulary REPORT (no arm changed): "The fields beyond them have not been worked since the lines closed." against spine `UNDER SIEGE` reads [token (via CRISIS_POOL_OF in stressorsStateProse.js)]
       NOT-EXECUTABLE: the recovered reading is the census's own synthetic table label and not a field path, so no text can claim it
       a word-level synonym table ships and was applied
     arm Q vocabulary REPORT (no arm changed): "The siege decides what the town eats." against spine `UNDER SIEGE` reads [token (via CRISIS_POOL_OF in stressorsStateProse.js)]
       NOT-EXECUTABLE: the recovered reading is the census's own synthetic table label and not a field path, so no text can claim it
       a word-level synonym table ships and was applied
     arm Q vocabulary REPORT (no arm changed): "Every arrangement inside the walls has been rebuilt around the gates staying closed." against spine `UNDER SIEGE` reads [token (via CRISIS_POOL_OF in stressorsStateProse.js)]
       NOT-EXECUTABLE: the recovered reading is the census's own synthetic table label and not a field path, so no text can claim it
       a word-level synonym table ships and was applied
     arm Q vocabulary REPORT (no arm changed): "The list is shorter than the town." against spine `UNDER SIEGE` reads [token (via CRISIS_POOL_OF in stressorsStateProse.js)]
       NOT-EXECUTABLE: the recovered reading is the census's own synthetic table label and not a field path, so no text can claim it
       a word-level synonym table ships and was applied
     arm Q vocabulary REPORT (no arm changed): "The walls have people on them at hours walls do not normally have people on them." against spine `UNDER SIEGE` reads [token (via CRISIS_POOL_OF in stressorsStateProse.js)]
       NOT-EXECUTABLE: the recovered reading is the census's own synthetic table label and not a field path, so no text can claim it
       a word-level synonym table ships and was applied
     words per face: 18 · 18 · 17 · 24 · 18 · 23 (sentence form)
     sibling distance: #1 1 faces, 0 synonym swap(s) · #2 1 faces, 0 synonym swap(s) · #3 1 faces, 0 synonym swap(s) · #4 1 faces, 0 synonym swap(s) · #5 1 faces, 0 synonym swap(s) · #6 1 faces, 0 synonym swap(s)
     sibling SPREAD #1: NOT-EXECUTABLE: a distance needs two faces and this variant carries 1
     sibling SPREAD #2: NOT-EXECUTABLE: a distance needs two faces and this variant carries 1
     sibling SPREAD #3: NOT-EXECUTABLE: a distance needs two faces and this variant carries 1
     sibling SPREAD #4: NOT-EXECUTABLE: a distance needs two faces and this variant carries 1
     sibling SPREAD #5: NOT-EXECUTABLE: a distance needs two faces and this variant carries 1
     sibling SPREAD #6: NOT-EXECUTABLE: a distance needs two faces and this variant carries 1
     band position FACE grain (8 word-level metrics): mean distance from the exemplar median 0.259 band-widths · budget ok on 6/6 · depth ok on 6/6 · perfection-suspect 6 · distinct tuples 1 of 6 face(s)
     band position CORPUS grain (13 text-level metrics over 118 word(s)): exceeded 9/13 · share 0.692 · mean 0.79 · deepest shapes.antithesisRate 2.226 over
     provenance: 0 citation(s) · A13 rows 0

  ── DS-STR-1 :: WARTIME   [WITHHELD]  inBand YES
     variants 6 · faces 1/1/1/1/1/1 · attach 0 · units 6 · rate 260 bp · departure 1
     rounds: draft 0 · refine-A no · refine-B no
     reported: band depth · shapes.participialOpenerRate (over) = 13.62 band-widths on 1 of 6 face(s) | DEPTH at most 1.75 band-widths on every face (REPORTED, refuses nothing — ADDENDUM 18 ruling 1)
     reported: band depth · punctuation.colonRate (over) = 2.994 band-widths on 1 of 6 face(s) | DEPTH at most 1.75 band-widths on every face (REPORTED, refuses nothing — ADDENDUM 18 ruling 1)
     walk: FAIL 0 · WITHHELD 5 · PASS 1 · findings 6
     unit: FAIL 0 · WITHHELD 5 · PASS 1   ·   owned: FAIL 0 · WITHHELD 0 · PASS 6 (0 owned finding(s), 6 inherited)
     inherited (the SPINE's own, never counted against this pool): A3 · the band half is the refuter's · spine `WARTIME` · "rather than a season" x 1
     inherited (the SPINE's own, never counted against this pool): Q · a second sentence naming no second field · spine `WARTIME` · "Grain, iron and men are counted against a campaign rather than a season." x 1
     inherited (the SPINE's own, never counted against this pool): Q · a second sentence naming no second field · spine `WARTIME` · "Everything ordinary is scheduled around the levy." x 1
     inherited (the SPINE's own, never counted against this pool): Q · a second sentence naming no second field · spine `WARTIME` · "The rest have been asked to wait." x 1
     inherited (the SPINE's own, never counted against this pool): Q · a second sentence naming no second field · spine `WARTIME` · "The war has reached the town as absence: the men, the carts, and the ordinary expectation of ..." x 1
     inherited (the SPINE's own, never counted against this pool): Q · a second sentence naming no second field · spine `WARTIME` · "They are not negotiable." x 1
     arm Q vocabulary REPORT (no arm changed): "Grain, iron and men are counted against a campaign rather than a season." against spine `WARTIME` reads [token (via CRISIS_POOL_OF in stressorsStateProse.js)]
       NOT-EXECUTABLE: the recovered reading is the census's own synthetic table label and not a field path, so no text can claim it
       a word-level synonym table ships and was applied
     arm Q vocabulary REPORT (no arm changed): "Everything ordinary is scheduled around the levy." against spine `WARTIME` reads [token (via CRISIS_POOL_OF in stressorsStateProse.js)]
       NOT-EXECUTABLE: the recovered reading is the census's own synthetic table label and not a field path, so no text can claim it
       a word-level synonym table ships and was applied
     arm Q vocabulary REPORT (no arm changed): "The rest have been asked to wait." against spine `WARTIME` reads [token (via CRISIS_POOL_OF in stressorsStateProse.js)]
       NOT-EXECUTABLE: the recovered reading is the census's own synthetic table label and not a field path, so no text can claim it
       a word-level synonym table ships and was applied
     arm Q vocabulary REPORT (no arm changed): "The war has reached the town as absence: the men, the carts, and the ordinary expectation of ..." against spine `WARTIME` reads [token (via CRISIS_POOL_OF in stressorsStateProse.js)]
       NOT-EXECUTABLE: the recovered reading is the census's own synthetic table label and not a field path, so no text can claim it
       a word-level synonym table ships and was applied
     arm Q vocabulary REPORT (no arm changed): "They are not negotiable." against spine `WARTIME` reads [token (via CRISIS_POOL_OF in stressorsStateProse.js)]
       NOT-EXECUTABLE: the recovered reading is the census's own synthetic table label and not a field path, so no text can claim it
       a word-level synonym table ships and was applied
     words per face: 20 · 19 · 20 · 23 · 17 · 16 (sentence form)
     sibling distance: #1 1 faces, 0 synonym swap(s) · #2 1 faces, 0 synonym swap(s) · #3 1 faces, 0 synonym swap(s) · #4 1 faces, 0 synonym swap(s) · #5 1 faces, 0 synonym swap(s) · #6 1 faces, 0 synonym swap(s)
     sibling SPREAD #1: NOT-EXECUTABLE: a distance needs two faces and this variant carries 1
     sibling SPREAD #2: NOT-EXECUTABLE: a distance needs two faces and this variant carries 1
     sibling SPREAD #3: NOT-EXECUTABLE: a distance needs two faces and this variant carries 1
     sibling SPREAD #4: NOT-EXECUTABLE: a distance needs two faces and this variant carries 1
     sibling SPREAD #5: NOT-EXECUTABLE: a distance needs two faces and this variant carries 1
     sibling SPREAD #6: NOT-EXECUTABLE: a distance needs two faces and this variant carries 1
     band position FACE grain (8 word-level metrics): mean distance from the exemplar median 0.625 band-widths · budget ok on 6/6 · depth ok on 4/6 · perfection-suspect 4 · distinct tuples 3 of 6 face(s)
     band position CORPUS grain (13 text-level metrics over 115 word(s)): exceeded 10/13 · share 0.769 · mean 0.854 · deepest shapes.antithesisRate 3.223 over
     provenance: 0 citation(s) · A13 rows 0

  ── DS-STR-2 :: COUNTERFORCE: a named leading source   [WITHHELD]  inBand YES
     variants 3 · faces 1/1/1 · attach 0 · units 3 · rate ABSENT · departure ABSENT
     rounds: draft 0 · refine-A no · refine-B no
     walk: FAIL 0 · WITHHELD 3 · PASS 0 · findings 3
     unit: FAIL 0 · WITHHELD 3 · PASS 0   ·   owned: FAIL 0 · WITHHELD 0 · PASS 3 (0 owned finding(s), 3 inherited)
     inherited (the SPINE's own, never counted against this pool): Q · a second sentence naming no second field · spine `COUNTERFORCE: a named leading source` · "The rest of the town's strengths are following that one." x 1
     inherited (the SPINE's own, never counted against this pool): Q · a second sentence naming no second field · spine `COUNTERFORCE: a named leading source` · "It is doing more work than anyone sized it for." x 1
     inherited (the SPINE's own, never counted against this pool): Q · a second sentence naming no second field · spine `COUNTERFORCE: a named leading source` · "Take it out and the arithmetic is a different arithmetic." x 1
     arm Q vocabulary REPORT (no arm changed): "The rest of the town's strengths are following that one." against spine `COUNTERFORCE: a named leading source` reads [none recovered]
       NOT-EXECUTABLE: the wiring census recovered no reading for this pool, so there is no declared field set to reconcile the text against
       a word-level synonym table ships and was applied
     arm Q vocabulary REPORT (no arm changed): "It is doing more work than anyone sized it for." against spine `COUNTERFORCE: a named leading source` reads [none recovered]
       NOT-EXECUTABLE: the wiring census recovered no reading for this pool, so there is no declared field set to reconcile the text against
       a word-level synonym table ships and was applied
     arm Q vocabulary REPORT (no arm changed): "Take it out and the arithmetic is a different arithmetic." against spine `COUNTERFORCE: a named leading source` reads [none recovered]
       NOT-EXECUTABLE: the wiring census recovered no reading for this pool, so there is no declared field set to reconcile the text against
       a word-level synonym table ships and was applied
     words per face: 18 · 16 · 18 (sentence form)
     sibling distance: #1 1 faces, 0 synonym swap(s) · #2 1 faces, 0 synonym swap(s) · #3 1 faces, 0 synonym swap(s)
     sibling SPREAD #1: NOT-EXECUTABLE: a distance needs two faces and this variant carries 1
     sibling SPREAD #2: NOT-EXECUTABLE: a distance needs two faces and this variant carries 1
     sibling SPREAD #3: NOT-EXECUTABLE: a distance needs two faces and this variant carries 1
     band position FACE grain (8 word-level metrics): mean distance from the exemplar median 0.259 band-widths · budget ok on 3/3 · depth ok on 3/3 · perfection-suspect 3 · distinct tuples 1 of 3 face(s)
     band position CORPUS grain (13 text-level metrics over 52 word(s)): exceeded 11/13 · share 0.846 · mean 0.735 · deepest shapes.thereIsOpenerRate 2.674 over
     provenance: 0 citation(s) · A13 rows 0

  ── DS-STR-2 :: COUNTERFORCE: floorsMet with a strong score   [WITHHELD]  inBand YES
     variants 3 · faces 1/1/1 · attach 0 · units 3 · rate ABSENT · departure ABSENT
     rounds: draft 0 · refine-A no · refine-B no
     walk: FAIL 0 · WITHHELD 3 · PASS 0 · findings 6
     unit: FAIL 0 · WITHHELD 3 · PASS 0   ·   owned: FAIL 0 · WITHHELD 0 · PASS 3 (0 owned finding(s), 6 inherited)
     inherited (the SPINE's own, never counted against this pool): Q · a second sentence naming no second field · spine `COUNTERFORCE: floorsMet with a strong score` · "Its strengths line up against exactly this kind of trouble." x 1
     inherited (the SPINE's own, never counted against this pool): Q · a second sentence naming no second field · spine `COUNTERFORCE: floorsMet with a strong score` · "The trouble is losing ground faster than it would elsewhere." x 1
     inherited (the SPINE's own, never counted against this pool): A3 · the band half is the refuter's · spine `COUNTERFORCE: floorsMet with a strong score` · "rather than a hope" x 1
     inherited (the SPINE's own, never counted against this pool): Q · a second sentence naming no second field · spine `COUNTERFORCE: floorsMet with a strong score` · "Recovery here is a schedule rather than a hope." x 1
     inherited (the SPINE's own, never counted against this pool): Q · a second sentence naming no second field · spine `COUNTERFORCE: floorsMet with a strong score` · "That is rarer than it sounds." x 1
     inherited (the SPINE's own, never counted against this pool): Q · a second sentence naming no second field · spine `COUNTERFORCE: floorsMet with a strong score` · "It is why this is ending sooner than it began." x 1
     arm Q vocabulary REPORT (no arm changed): "Its strengths line up against exactly this kind of trouble." against spine `COUNTERFORCE: floorsMet with a strong score` reads [none recovered]
       NOT-EXECUTABLE: the wiring census recovered no reading for this pool, so there is no declared field set to reconcile the text against
       a word-level synonym table ships and was applied
     arm Q vocabulary REPORT (no arm changed): "The trouble is losing ground faster than it would elsewhere." against spine `COUNTERFORCE: floorsMet with a strong score` reads [none recovered]
       NOT-EXECUTABLE: the wiring census recovered no reading for this pool, so there is no declared field set to reconcile the text against
       a word-level synonym table ships and was applied
     arm Q vocabulary REPORT (no arm changed): "Recovery here is a schedule rather than a hope." against spine `COUNTERFORCE: floorsMet with a strong score` reads [none recovered]
       NOT-EXECUTABLE: the wiring census recovered no reading for this pool, so there is no declared field set to reconcile the text against
       a word-level synonym table ships and was applied
     arm Q vocabulary REPORT (no arm changed): "That is rarer than it sounds." against spine `COUNTERFORCE: floorsMet with a strong score` reads [none recovered]
       NOT-EXECUTABLE: the wiring census recovered no reading for this pool, so there is no declared field set to reconcile the text against
       a word-level synonym table ships and was applied
     arm Q vocabulary REPORT (no arm changed): "It is why this is ending sooner than it began." against spine `COUNTERFORCE: floorsMet with a strong score` reads [none recovered]
       NOT-EXECUTABLE: the wiring census recovered no reading for this pool, so there is no declared field set to reconcile the text against
       a word-level synonym table ships and was applied
     words per face: 26 · 22 · 23 (sentence form)
     sibling distance: #1 1 faces, 0 synonym swap(s) · #2 1 faces, 0 synonym swap(s) · #3 1 faces, 0 synonym swap(s)
     sibling SPREAD #1: NOT-EXECUTABLE: a distance needs two faces and this variant carries 1
     sibling SPREAD #2: NOT-EXECUTABLE: a distance needs two faces and this variant carries 1
     sibling SPREAD #3: NOT-EXECUTABLE: a distance needs two faces and this variant carries 1
     band position FACE grain (8 word-level metrics): mean distance from the exemplar median 0.259 band-widths · budget ok on 3/3 · depth ok on 3/3 · perfection-suspect 3 · distinct tuples 1 of 3 face(s)
     band position CORPUS grain (13 text-level metrics over 71 word(s)): exceeded 11/13 · share 0.846 · mean 0.933 · deepest shapes.antithesisRate 3.223 over
     provenance: 0 citation(s) · A13 rows 0

  ── DS-STR-2 :: COUNTERFORCE: floorsMet: false   [WITHHELD]  inBand YES
     variants 3 · faces 1/1/1 · attach 0 · units 3 · rate ABSENT · departure ABSENT
     rounds: draft 0 · refine-A no · refine-B no
     walk: FAIL 0 · WITHHELD 3 · PASS 0 · findings 5
     unit: FAIL 0 · WITHHELD 3 · PASS 0   ·   owned: FAIL 0 · WITHHELD 0 · PASS 3 (0 owned finding(s), 5 inherited)
     inherited (the SPINE's own, never counted against this pool): Q · a second sentence naming no second field · spine `COUNTERFORCE: floorsMet: false` · "The short part sets the pace." x 1
     inherited (the SPINE's own, never counted against this pool): A3 · the band half is the refuter's · spine `COUNTERFORCE: floorsMet: false` · "and not the full set. the missing leg means its strengths hold rather than push." x 1
     inherited (the SPINE's own, never counted against this pool): A3 · the band half is the refuter's · spine `COUNTERFORCE: floorsMet: false` · "rather than push" x 1
     inherited (the SPINE's own, never counted against this pool): Q · a second sentence naming no second field · spine `COUNTERFORCE: floorsMet: false` · "The missing leg means its strengths hold rather than push." x 1
     inherited (the SPINE's own, never counted against this pool): Q · a second sentence naming no second field · spine `COUNTERFORCE: floorsMet: false` · "One gap is enough to turn a recovery into an endurance." x 1
     arm Q vocabulary REPORT (no arm changed): "The short part sets the pace." against spine `COUNTERFORCE: floorsMet: false` reads [none recovered]
       NOT-EXECUTABLE: the wiring census recovered no reading for this pool, so there is no declared field set to reconcile the text against
       a word-level synonym table ships and was applied
     arm Q vocabulary REPORT (no arm changed): "The missing leg means its strengths hold rather than push." against spine `COUNTERFORCE: floorsMet: false` reads [none recovered]
       NOT-EXECUTABLE: the wiring census recovered no reading for this pool, so there is no declared field set to reconcile the text against
       a word-level synonym table ships and was applied
     arm Q vocabulary REPORT (no arm changed): "One gap is enough to turn a recovery into an endurance." against spine `COUNTERFORCE: floorsMet: false` reads [none recovered]
       NOT-EXECUTABLE: the wiring census recovered no reading for this pool, so there is no declared field set to reconcile the text against
       a word-level synonym table ships and was applied
     words per face: 21 · 20 · 19 (sentence form)
     sibling distance: #1 1 faces, 0 synonym swap(s) · #2 1 faces, 0 synonym swap(s) · #3 1 faces, 0 synonym swap(s)
     sibling SPREAD #1: NOT-EXECUTABLE: a distance needs two faces and this variant carries 1
     sibling SPREAD #2: NOT-EXECUTABLE: a distance needs two faces and this variant carries 1
     sibling SPREAD #3: NOT-EXECUTABLE: a distance needs two faces and this variant carries 1
     band position FACE grain (8 word-level metrics): mean distance from the exemplar median 0.259 band-widths · budget ok on 3/3 · depth ok on 3/3 · perfection-suspect 3 · distinct tuples 1 of 3 face(s)
     band position CORPUS grain (13 text-level metrics over 60 word(s)): exceeded 13/13 · share 1 · mean 1.353 · deepest shapes.antithesisRate 5.013 over
     provenance: 0 citation(s) · A13 rows 0

  ── DS-STR-2 :: COUNTERFORCE: weak or absent   [WITHHELD]  inBand YES
     variants 3 · faces 1/1/1 · attach 0 · units 3 · rate ABSENT · departure ABSENT
     rounds: draft 0 · refine-A no · refine-B no
     walk: FAIL 0 · WITHHELD 3 · PASS 0 · findings 5
     unit: FAIL 0 · WITHHELD 3 · PASS 0   ·   owned: FAIL 0 · WITHHELD 0 · PASS 3 (0 owned finding(s), 5 inherited)
     inherited (the SPINE's own, never counted against this pool): A3 · the band half is the refuter's · spine `COUNTERFORCE: weak or absent` · "and not because of anything {settlement} does." x 1
     inherited (the SPINE's own, never counted against this pool): Q · a second sentence naming no second field · spine `COUNTERFORCE: weak or absent` · "The strengths that would shorten this crisis are the strengths the town does not have." x 1
     inherited (the SPINE's own, never counted against this pool): A3 · the band half is the refuter's · spine `COUNTERFORCE: weak or absent` · "rather than resisting" x 1
     inherited (the SPINE's own, never counted against this pool): Q · a second sentence naming no second field · spine `COUNTERFORCE: weak or absent` · "The trouble decays at its own pace." x 1
     inherited (the SPINE's own, never counted against this pool): Q · a second sentence naming no second field · spine `COUNTERFORCE: weak or absent` · "The town waits it out." x 1
     arm Q vocabulary REPORT (no arm changed): "The strengths that would shorten this crisis are the strengths the town does not have." against spine `COUNTERFORCE: weak or absent` reads [none recovered]
       NOT-EXECUTABLE: the wiring census recovered no reading for this pool, so there is no declared field set to reconcile the text against
       a word-level synonym table ships and was applied
     arm Q vocabulary REPORT (no arm changed): "The trouble decays at its own pace." against spine `COUNTERFORCE: weak or absent` reads [none recovered]
       NOT-EXECUTABLE: the wiring census recovered no reading for this pool, so there is no declared field set to reconcile the text against
       a word-level synonym table ships and was applied
     arm Q vocabulary REPORT (no arm changed): "The town waits it out." against spine `COUNTERFORCE: weak or absent` reads [none recovered]
       NOT-EXECUTABLE: the wiring census recovered no reading for this pool, so there is no declared field set to reconcile the text against
       a word-level synonym table ships and was applied
     words per face: 23 · 20 · 18 (sentence form)
     sibling distance: #1 1 faces, 0 synonym swap(s) · #2 1 faces, 0 synonym swap(s) · #3 1 faces, 0 synonym swap(s)
     sibling SPREAD #1: NOT-EXECUTABLE: a distance needs two faces and this variant carries 1
     sibling SPREAD #2: NOT-EXECUTABLE: a distance needs two faces and this variant carries 1
     sibling SPREAD #3: NOT-EXECUTABLE: a distance needs two faces and this variant carries 1
     band position FACE grain (8 word-level metrics): mean distance from the exemplar median 0.259 band-widths · budget ok on 3/3 · depth ok on 3/3 · perfection-suspect 3 · distinct tuples 1 of 3 face(s)
     band position CORPUS grain (13 text-level metrics over 61 word(s)): exceeded 13/13 · share 1 · mean 1.668 · deepest shapes.thereIsOpenerRate 5.143 over
     provenance: 0 citation(s) · A13 rows 0

  ── DS-STR-2 :: LIFECYCLE: active   [WITHHELD]  inBand YES
     variants 3 · faces 1/1/1 · attach 0 · units 3 · rate ABSENT · departure ABSENT
     rounds: draft 0 · refine-A no · refine-B no
     reported: band depth · shapes.participialOpenerRate (over) = 13.62 band-widths on 1 of 3 face(s) | DEPTH at most 1.75 band-widths on every face (REPORTED, refuses nothing — ADDENDUM 18 ruling 1)
     walk: FAIL 0 · WITHHELD 3 · PASS 0 · findings 4
     unit: FAIL 0 · WITHHELD 3 · PASS 0   ·   owned: FAIL 0 · WITHHELD 0 · PASS 3 (0 owned finding(s), 4 inherited)
     inherited (the SPINE's own, never counted against this pool): Q · a second sentence naming no second field · spine `LIFECYCLE: active` · "Everything ordinary now happens in its margins." x 1
     inherited (the SPINE's own, never counted against this pool): Q · a second sentence naming no second field · spine `LIFECYCLE: active` · "The improvisations have become procedures, and nothing in the accounts assumes relief." x 1
     inherited (the SPINE's own, never counted against this pool): A3 · the band half is the refuter's · spine `LIFECYCLE: active` · "rather than reacting to it" x 1
     inherited (the SPINE's own, never counted against this pool): Q · a second sentence naming no second field · spine `LIFECYCLE: active` · "The shape of ordinary life has already shifted to accommodate it." x 1
     arm Q vocabulary REPORT (no arm changed): "Everything ordinary now happens in its margins." against spine `LIFECYCLE: active` reads [worldStressor.lifecycleStage]
       maps to no field — the clause names no field the spine declares it reads, under the vocabulary the census supplies
       a word-level synonym table ships and was applied
     arm Q vocabulary REPORT (no arm changed): "The improvisations have become procedures, and nothing in the accounts assumes relief." against spine `LIFECYCLE: active` reads [worldStressor.lifecycleStage]
       maps to no field — the clause names no field the spine declares it reads, under the vocabulary the census supplies
       a word-level synonym table ships and was applied
     arm Q vocabulary REPORT (no arm changed): "The shape of ordinary life has already shifted to accommodate it." against spine `LIFECYCLE: active` reads [worldStressor.lifecycleStage]
       maps to no field — the clause names no field the spine declares it reads, under the vocabulary the census supplies
       a word-level synonym table ships and was applied
     words per face: 19 · 18 · 22 (sentence form)
     sibling distance: #1 1 faces, 0 synonym swap(s) · #2 1 faces, 0 synonym swap(s) · #3 1 faces, 0 synonym swap(s)
     sibling SPREAD #1: NOT-EXECUTABLE: a distance needs two faces and this variant carries 1
     sibling SPREAD #2: NOT-EXECUTABLE: a distance needs two faces and this variant carries 1
     sibling SPREAD #3: NOT-EXECUTABLE: a distance needs two faces and this variant carries 1
     band position FACE grain (8 word-level metrics): mean distance from the exemplar median 0.848 band-widths · budget ok on 3/3 · depth ok on 2/3 · perfection-suspect 2 · distinct tuples 2 of 3 face(s)
     band position CORPUS grain (13 text-level metrics over 59 word(s)): exceeded 12/13 · share 0.923 · mean 1.581 · deepest closers.pronounRate 7.951 over
     provenance: 0 citation(s) · A13 rows 0

  ── DS-STR-2 :: LIFECYCLE: easing   [WITHHELD]  inBand YES
     variants 3 · faces 1/1/1 · attach 0 · units 3 · rate ABSENT · departure ABSENT
     rounds: draft 0 · refine-A no · refine-B no
     walk: FAIL 0 · WITHHELD 3 · PASS 0 · findings 7
     unit: FAIL 0 · WITHHELD 3 · PASS 0   ·   owned: FAIL 0 · WITHHELD 0 · PASS 3 (0 owned finding(s), 7 inherited)
     inherited (the SPINE's own, never counted against this pool): A3 · the band half is the refuter's · spine `LIFECYCLE: easing` · "not recovered, but it has begun to plan past the trouble rather than around it" x 1
     inherited (the SPINE's own, never counted against this pool): A3 · the band half is the refuter's · spine `LIFECYCLE: easing` · "rather than around it" x 1
     inherited (the SPINE's own, never counted against this pool): Q · a second sentence naming no second field · spine `LIFECYCLE: easing` · "The town is not recovered, but it has begun to plan past the trouble rather than around it." x 1
     inherited (the SPINE's own, never counted against this pool): C3 · is this clause historical? · spine `LIFECYCLE: easing` · "Pressure is coming off. The improvisations are being retired one at a time, in the order they..." x 1
     inherited (the SPINE's own, never counted against this pool): Q · a second sentence naming no second field · spine `LIFECYCLE: easing` · "The improvisations are being retired one at a time, in the order they were least useful." x 1
     inherited (the SPINE's own, never counted against this pool): A3 · the band half is the refuter's · spine `LIFECYCLE: easing` · "rather than the danger" x 1
     inherited (the SPINE's own, never counted against this pool): Q · a second sentence naming no second field · spine `LIFECYCLE: easing` · "What remains is the damage rather than the danger." x 1
     arm Q vocabulary REPORT (no arm changed): "The town is not recovered, but it has begun to plan past the trouble rather than around it." against spine `LIFECYCLE: easing` reads [worldStressor.lifecycleStage]
       maps to no field — the clause names no field the spine declares it reads, under the vocabulary the census supplies
       a word-level synonym table ships and was applied
     arm Q vocabulary REPORT (no arm changed): "The improvisations are being retired one at a time, in the order they were least useful." against spine `LIFECYCLE: easing` reads [worldStressor.lifecycleStage]
       maps to no field — the clause names no field the spine declares it reads, under the vocabulary the census supplies
       a word-level synonym table ships and was applied
     arm Q vocabulary REPORT (no arm changed): "What remains is the damage rather than the danger." against spine `LIFECYCLE: easing` reads [worldStressor.lifecycleStage]
       maps to no field — the clause names no field the spine declares it reads, under the vocabulary the census supplies
       a word-level synonym table ships and was applied
     words per face: 22 · 20 · 12 (sentence form)
     sibling distance: #1 1 faces, 0 synonym swap(s) · #2 1 faces, 0 synonym swap(s) · #3 1 faces, 0 synonym swap(s)
     sibling SPREAD #1: NOT-EXECUTABLE: a distance needs two faces and this variant carries 1
     sibling SPREAD #2: NOT-EXECUTABLE: a distance needs two faces and this variant carries 1
     sibling SPREAD #3: NOT-EXECUTABLE: a distance needs two faces and this variant carries 1
     band position FACE grain (8 word-level metrics): mean distance from the exemplar median 0.259 band-widths · budget ok on 3/3 · depth ok on 3/3 · perfection-suspect 3 · distinct tuples 1 of 3 face(s)
     band position CORPUS grain (13 text-level metrics over 54 word(s)): exceeded 12/13 · share 0.923 · mean 1.675 · deepest shapes.antithesisRate 9.191 over
     provenance: 0 citation(s) · A13 rows 0

  ── DS-STR-2 :: LIFECYCLE: emerging   [WITHHELD]  inBand YES
     variants 3 · faces 1/1/1 · attach 0 · units 3 · rate ABSENT · departure ABSENT
     rounds: draft 0 · refine-A no · refine-B no
     reported: band depth · punctuation.colonRate (over) = 6.987 band-widths on 1 of 3 face(s) | DEPTH at most 1.75 band-widths on every face (REPORTED, refuses nothing — ADDENDUM 18 ruling 1)
     walk: FAIL 0 · WITHHELD 2 · PASS 1 · findings 3
     unit: FAIL 0 · WITHHELD 2 · PASS 1   ·   owned: FAIL 0 · WITHHELD 0 · PASS 3 (0 owned finding(s), 3 inherited)
     inherited (the SPINE's own, never counted against this pool): Q · a second sentence naming no second field · spine `LIFECYCLE: emerging` · "It shows in small displacements (a schedule slipping, a price moving) and has not yet been na..." x 1
     inherited (the SPINE's own, never counted against this pool): Q · a second sentence naming no second field · spine `LIFECYCLE: emerging` · "The town is not yet organized around it." x 1
     inherited (the SPINE's own, never counted against this pool): Q · a second sentence naming no second field · spine `LIFECYCLE: emerging` · "The people worst placed for it have not worked that out." x 1
     arm Q vocabulary REPORT (no arm changed): "It shows in small displacements (a schedule slipping, a price moving) and has not yet been na..." against spine `LIFECYCLE: emerging` reads [worldStressor.lifecycleStage]
       maps to no field — the clause names no field the spine declares it reads, under the vocabulary the census supplies
       a word-level synonym table ships and was applied
     arm Q vocabulary REPORT (no arm changed): "The town is not yet organized around it." against spine `LIFECYCLE: emerging` reads [worldStressor.lifecycleStage]
       maps to no field — the clause names no field the spine declares it reads, under the vocabulary the census supplies
       a word-level synonym table ships and was applied
     arm Q vocabulary REPORT (no arm changed): "The people worst placed for it have not worked that out." against spine `LIFECYCLE: emerging` reads [worldStressor.lifecycleStage]
       maps to no field — the clause names no field the spine declares it reads, under the vocabulary the census supplies
       a word-level synonym table ships and was applied
     words per face: 24 · 22 · 17 (sentence form)
     sibling distance: #1 1 faces, 0 synonym swap(s) · #2 1 faces, 0 synonym swap(s) · #3 1 faces, 0 synonym swap(s)
     sibling SPREAD #1: NOT-EXECUTABLE: a distance needs two faces and this variant carries 1
     sibling SPREAD #2: NOT-EXECUTABLE: a distance needs two faces and this variant carries 1
     sibling SPREAD #3: NOT-EXECUTABLE: a distance needs two faces and this variant carries 1
     band position FACE grain (8 word-level metrics): mean distance from the exemplar median 0.632 band-widths · budget ok on 3/3 · depth ok on 2/3 · perfection-suspect 1 · distinct tuples 3 of 3 face(s)
     band position CORPUS grain (13 text-level metrics over 63 word(s)): exceeded 10/13 · share 0.769 · mean 0.705 · deepest closers.pronounRate 2.586 over
     provenance: 0 citation(s) · A13 rows 0

  ── DS-STR-2 :: LIFECYCLE: peaking   [WITHHELD]  inBand YES
     variants 3 · faces 1/1/1 · attach 0 · units 3 · rate ABSENT · departure ABSENT
     rounds: draft 0 · refine-A no · refine-B no
     walk: FAIL 0 · WITHHELD 3 · PASS 0 · findings 7
     unit: FAIL 0 · WITHHELD 3 · PASS 0   ·   owned: FAIL 0 · WITHHELD 0 · PASS 3 (0 owned finding(s), 7 inherited)
     inherited (the SPINE's own, never counted against this pool): C3 · is this clause historical? · spine `LIFECYCLE: peaking` · "It is as bad as it has been. Whatever the town had in reserve is being spent. There is no obv..." x 1
     inherited (the SPINE's own, never counted against this pool): Q · a second sentence naming no second field · spine `LIFECYCLE: peaking` · "Whatever the town had in reserve is being spent." x 1
     inherited (the SPINE's own, never counted against this pool): Q · a second sentence naming no second field · spine `LIFECYCLE: peaking` · "There is no obvious second reserve." x 1
     inherited (the SPINE's own, never counted against this pool): C3 · is this clause historical? · spine `LIFECYCLE: peaking` · "started simply holding at a level nothing here was built for." x 1
     inherited (the SPINE's own, never counted against this pool): Q · a second sentence naming no second field · spine `LIFECYCLE: peaking` · "The strain has stopped compounding and started simply holding at a level nothing here was bui..." x 1
     inherited (the SPINE's own, never counted against this pool): Q · a second sentence naming no second field · spine `LIFECYCLE: peaking` · "What is going to survive this part is surviving it." x 1
     inherited (the SPINE's own, never counted against this pool): Q · a second sentence naming no second field · spine `LIFECYCLE: peaking` · "What is not is failing now." x 1
     arm Q vocabulary REPORT (no arm changed): "Whatever the town had in reserve is being spent." against spine `LIFECYCLE: peaking` reads [worldStressor.lifecycleStage]
       maps to no field — the clause names no field the spine declares it reads, under the vocabulary the census supplies
       a word-level synonym table ships and was applied
     arm Q vocabulary REPORT (no arm changed): "There is no obvious second reserve." against spine `LIFECYCLE: peaking` reads [worldStressor.lifecycleStage]
       maps to no field — the clause names no field the spine declares it reads, under the vocabulary the census supplies
       a word-level synonym table ships and was applied
     arm Q vocabulary REPORT (no arm changed): "The strain has stopped compounding and started simply holding at a level nothing here was bui..." against spine `LIFECYCLE: peaking` reads [worldStressor.lifecycleStage]
       maps to no field — the clause names no field the spine declares it reads, under the vocabulary the census supplies
       a word-level synonym table ships and was applied
     arm Q vocabulary REPORT (no arm changed): "What is going to survive this part is surviving it." against spine `LIFECYCLE: peaking` reads [worldStressor.lifecycleStage]
       maps to no field — the clause names no field the spine declares it reads, under the vocabulary the census supplies
       a word-level synonym table ships and was applied
     arm Q vocabulary REPORT (no arm changed): "What is not is failing now." against spine `LIFECYCLE: peaking` reads [worldStressor.lifecycleStage]
       maps to no field — the clause names no field the spine declares it reads, under the vocabulary the census supplies
       a word-level synonym table ships and was applied
     words per face: 23 · 23 · 22 (sentence form)
     sibling distance: #1 1 faces, 0 synonym swap(s) · #2 1 faces, 0 synonym swap(s) · #3 1 faces, 0 synonym swap(s)
     sibling SPREAD #1: NOT-EXECUTABLE: a distance needs two faces and this variant carries 1
     sibling SPREAD #2: NOT-EXECUTABLE: a distance needs two faces and this variant carries 1
     sibling SPREAD #3: NOT-EXECUTABLE: a distance needs two faces and this variant carries 1
     band position FACE grain (8 word-level metrics): mean distance from the exemplar median 0.259 band-widths · budget ok on 3/3 · depth ok on 3/3 · perfection-suspect 3 · distinct tuples 1 of 3 face(s)
     band position CORPUS grain (13 text-level metrics over 68 word(s)): exceeded 11/13 · share 0.846 · mean 1.113 · deepest shapes.thereIsOpenerRate 3.6 over
     provenance: 0 citation(s) · A13 rows 0

  ── DS-STR-2 :: LIFECYCLE: residual   [WITHHELD]  inBand YES
     variants 3 · faces 1/1/1 · attach 0 · units 3 · rate ABSENT · departure ABSENT
     rounds: draft 0 · refine-A no · refine-B no
     walk: FAIL 0 · WITHHELD 3 · PASS 0 · findings 6
     unit: FAIL 0 · WITHHELD 3 · PASS 0   ·   owned: FAIL 0 · WITHHELD 0 · PASS 3 (0 owned finding(s), 6 inherited)
     inherited (the SPINE's own, never counted against this pool): C3 · is this clause historical? · spine `LIFECYCLE: residual` · "The crisis is over and the town still moves as though it were not. The habits it forced have ..." x 1
     inherited (the SPINE's own, never counted against this pool): Q · a second sentence naming no second field · spine `LIFECYCLE: residual` · "The habits it forced have outlived the reason for them." x 1
     inherited (the SPINE's own, never counted against this pool): Q · a second sentence naming no second field · spine `LIFECYCLE: residual` · "The trouble has ended." x 1
     inherited (the SPINE's own, never counted against this pool): Q · a second sentence naming no second field · spine `LIFECYCLE: residual` · "Its weight has not entirely lifted." x 1
     inherited (the SPINE's own, never counted against this pool): Q · a second sentence naming no second field · spine `LIFECYCLE: residual` · "The event is finished." x 1
     inherited (the SPINE's own, never counted against this pool): Q · a second sentence naming no second field · spine `LIFECYCLE: residual` · "The caution it taught is not." x 1
     arm Q vocabulary REPORT (no arm changed): "The habits it forced have outlived the reason for them." against spine `LIFECYCLE: residual` reads [worldStressor.lifecycleStage]
       maps to no field — the clause names no field the spine declares it reads, under the vocabulary the census supplies
       a word-level synonym table ships and was applied
     arm Q vocabulary REPORT (no arm changed): "The trouble has ended." against spine `LIFECYCLE: residual` reads [worldStressor.lifecycleStage]
       maps to no field — the clause names no field the spine declares it reads, under the vocabulary the census supplies
       a word-level synonym table ships and was applied
     arm Q vocabulary REPORT (no arm changed): "Its weight has not entirely lifted." against spine `LIFECYCLE: residual` reads [worldStressor.lifecycleStage]
       maps to no field — the clause names no field the spine declares it reads, under the vocabulary the census supplies
       a word-level synonym table ships and was applied
     arm Q vocabulary REPORT (no arm changed): "The event is finished." against spine `LIFECYCLE: residual` reads [worldStressor.lifecycleStage]
       maps to no field — the clause names no field the spine declares it reads, under the vocabulary the census supplies
       a word-level synonym table ships and was applied
     arm Q vocabulary REPORT (no arm changed): "The caution it taught is not." against spine `LIFECYCLE: residual` reads [worldStressor.lifecycleStage]
       maps to no field — the clause names no field the spine declares it reads, under the vocabulary the census supplies
       a word-level synonym table ships and was applied
     words per face: 24 · 20 · 15 (sentence form)
     sibling distance: #1 1 faces, 0 synonym swap(s) · #2 1 faces, 0 synonym swap(s) · #3 1 faces, 0 synonym swap(s)
     sibling SPREAD #1: NOT-EXECUTABLE: a distance needs two faces and this variant carries 1
     sibling SPREAD #2: NOT-EXECUTABLE: a distance needs two faces and this variant carries 1
     sibling SPREAD #3: NOT-EXECUTABLE: a distance needs two faces and this variant carries 1
     band position FACE grain (8 word-level metrics): mean distance from the exemplar median 0.259 band-widths · budget ok on 3/3 · depth ok on 3/3 · perfection-suspect 3 · distinct tuples 1 of 3 face(s)
     band position CORPUS grain (13 text-level metrics over 59 word(s)): exceeded 11/13 · share 0.846 · mean 0.575 · deepest openers.sameOpenerAsPreviousRate 0.893 over
     provenance: 0 citation(s) · A13 rows 0

  ── DS-STR-2 :: ORIGIN: abandoned_agent   [WITHHELD]  inBand YES
     variants 3 · faces 1/1/1 · attach 0 · units 3 · rate ABSENT · departure ABSENT
     rounds: draft 0 · refine-A no · refine-B no
     walk: FAIL 0 · WITHHELD 3 · PASS 0 · findings 6
     unit: FAIL 0 · WITHHELD 3 · PASS 0   ·   owned: FAIL 0 · WITHHELD 0 · PASS 3 (0 owned finding(s), 6 inherited)
     inherited (the SPINE's own, never counted against this pool): A3 · the band half is the refuter's · spine `ORIGIN: abandoned_agent` · "rather than instruction" x 1
     inherited (the SPINE's own, never counted against this pool): Q · a second sentence naming no second field · spine `ORIGIN: abandoned_agent` · "The work continues out of habit and desperation rather than instruction." x 1
     inherited (the SPINE's own, never counted against this pool): C3 · is this clause historical? · spine `ORIGIN: abandoned_agent` · "What was an operation is now a person with dangerous knowledge" x 1
     inherited (the SPINE's own, never counted against this pool): Q · a second sentence naming no second field · spine `ORIGIN: abandoned_agent` · "What was an operation is now a person with dangerous knowledge and no protection." x 1
     inherited (the SPINE's own, never counted against this pool): A3 · the band half is the refuter's · spine `ORIGIN: abandoned_agent` · "less predictable rather than less dangerous" x 1
     inherited (the SPINE's own, never counted against this pool): Q · a second sentence naming no second field · spine `ORIGIN: abandoned_agent` · "That makes it less predictable rather than less dangerous." x 1
     arm Q vocabulary REPORT (no arm changed): "The work continues out of habit and desperation rather than instruction." against spine `ORIGIN: abandoned_agent` reads [worldStressor.originContext.variant]
       maps to no field — the clause names no field the spine declares it reads, under the vocabulary the census supplies
       a word-level synonym table ships and was applied
     arm Q vocabulary REPORT (no arm changed): "What was an operation is now a person with dangerous knowledge and no protection." against spine `ORIGIN: abandoned_agent` reads [worldStressor.originContext.variant]
       maps to no field — the clause names no field the spine declares it reads, under the vocabulary the census supplies
       a word-level synonym table ships and was applied
     arm Q vocabulary REPORT (no arm changed): "That makes it less predictable rather than less dangerous." against spine `ORIGIN: abandoned_agent` reads [worldStressor.originContext.variant]
       maps to no field — the clause names no field the spine declares it reads, under the vocabulary the census supplies
       a word-level synonym table ships and was applied
     words per face: 21 · 22 · 20 (sentence form)
     sibling distance: #1 1 faces, 0 synonym swap(s) · #2 1 faces, 0 synonym swap(s) · #3 1 faces, 0 synonym swap(s)
     sibling SPREAD #1: NOT-EXECUTABLE: a distance needs two faces and this variant carries 1
     sibling SPREAD #2: NOT-EXECUTABLE: a distance needs two faces and this variant carries 1
     sibling SPREAD #3: NOT-EXECUTABLE: a distance needs two faces and this variant carries 1
     band position FACE grain (8 word-level metrics): mean distance from the exemplar median 0.259 band-widths · budget ok on 3/3 · depth ok on 3/3 · perfection-suspect 3 · distinct tuples 1 of 3 face(s)
     band position CORPUS grain (13 text-level metrics over 63 word(s)): exceeded 10/13 · share 0.769 · mean 1.248 · deepest shapes.antithesisRate 7.699 over
     provenance: 0 citation(s) · A13 rows 0

  ── DS-STR-2 :: ORIGIN: arcane_ascendancy   [WITHHELD]  inBand YES
     variants 3 · faces 1/1/1 · attach 0 · units 3 · rate ABSENT · departure ABSENT
     rounds: draft 0 · refine-A no · refine-B no
     walk: FAIL 0 · WITHHELD 2 · PASS 1 · findings 5
     unit: FAIL 0 · WITHHELD 2 · PASS 1   ·   owned: FAIL 0 · WITHHELD 0 · PASS 3 (0 owned finding(s), 5 inherited)
     inherited (the SPINE's own, never counted against this pool): C3 · is this clause historical? · spine `ORIGIN: arcane_ascendancy` · "The casters are moving on the seat. Wards around the council hall have failed more than once ..." x 1
     inherited (the SPINE's own, never counted against this pool): Q · a second sentence naming no second field · spine `ORIGIN: arcane_ascendancy` · "Wards around the council hall have failed more than once this season." x 1
     inherited (the SPINE's own, never counted against this pool): Q · a second sentence naming no second field · spine `ORIGIN: arcane_ascendancy` · "The mages responsible shrug." x 1
     inherited (the SPINE's own, never counted against this pool): Q · a second sentence naming no second field · spine `ORIGIN: arcane_ascendancy` · "The threat here is arcane." x 1
     inherited (the SPINE's own, never counted against this pool): Q · a second sentence naming no second field · spine `ORIGIN: arcane_ascendancy` · "It is not being hidden." x 1
     arm Q vocabulary REPORT (no arm changed): "Wards around the council hall have failed more than once this season." against spine `ORIGIN: arcane_ascendancy` reads [worldStressor.originContext.variant]
       maps to no field — the clause names no field the spine declares it reads, under the vocabulary the census supplies
       a word-level synonym table ships and was applied
     arm Q vocabulary REPORT (no arm changed): "The mages responsible shrug." against spine `ORIGIN: arcane_ascendancy` reads [worldStressor.originContext.variant]
       maps to no field — the clause names no field the spine declares it reads, under the vocabulary the census supplies
       a word-level synonym table ships and was applied
     arm Q vocabulary REPORT (no arm changed): "The threat here is arcane." against spine `ORIGIN: arcane_ascendancy` reads [worldStressor.originContext.variant]
       maps to no field — the clause names no field the spine declares it reads, under the vocabulary the census supplies
       a word-level synonym table ships and was applied
     arm Q vocabulary REPORT (no arm changed): "It is not being hidden." against spine `ORIGIN: arcane_ascendancy` reads [worldStressor.originContext.variant]
       maps to no field — the clause names no field the spine declares it reads, under the vocabulary the census supplies
       a word-level synonym table ships and was applied
     words per face: 23 · 21 · 21 (sentence form)
     sibling distance: #1 1 faces, 0 synonym swap(s) · #2 1 faces, 0 synonym swap(s) · #3 1 faces, 0 synonym swap(s)
     sibling SPREAD #1: NOT-EXECUTABLE: a distance needs two faces and this variant carries 1
     sibling SPREAD #2: NOT-EXECUTABLE: a distance needs two faces and this variant carries 1
     sibling SPREAD #3: NOT-EXECUTABLE: a distance needs two faces and this variant carries 1
     band position FACE grain (8 word-level metrics): mean distance from the exemplar median 0.259 band-widths · budget ok on 3/3 · depth ok on 3/3 · perfection-suspect 3 · distinct tuples 1 of 3 face(s)
     band position CORPUS grain (13 text-level metrics over 65 word(s)): exceeded 12/13 · share 0.923 · mean 0.678 · deepest shapes.thereIsOpenerRate 1.285 over
     provenance: 0 citation(s) · A13 rows 0

  ── DS-STR-2 :: ORIGIN: arcane_burnout   [WITHHELD]  inBand YES
     variants 3 · faces 1/1/1 · attach 0 · units 3 · rate ABSENT · departure ABSENT
     rounds: draft 0 · refine-A no · refine-B no
     walk: FAIL 0 · WITHHELD 2 · PASS 1 · findings 4
     unit: FAIL 0 · WITHHELD 2 · PASS 1   ·   owned: FAIL 0 · WITHHELD 0 · PASS 3 (0 owned finding(s), 4 inherited)
     inherited (the SPINE's own, never counted against this pool): C3 · is this clause historical? · spine `ORIGIN: arcane_burnout` · "it was spent." x 1
     inherited (the SPINE's own, never counted against this pool): Q · a second sentence naming no second field · spine `ORIGIN: arcane_burnout` · "Where the surge burned hottest, candles gutter and wards lie cold." x 1
     inherited (the SPINE's own, never counted against this pool): Q · a second sentence naming no second field · spine `ORIGIN: arcane_burnout` · "They say the ground itself is finished." x 1
     inherited (the SPINE's own, never counted against this pool): Q · a second sentence naming no second field · spine `ORIGIN: arcane_burnout` · "So far nothing contradicts them." x 1
     arm Q vocabulary REPORT (no arm changed): "Where the surge burned hottest, candles gutter and wards lie cold." against spine `ORIGIN: arcane_burnout` reads [worldStressor.originContext.variant]
       maps to no field — the clause names no field the spine declares it reads, under the vocabulary the census supplies
       a word-level synonym table ships and was applied
     arm Q vocabulary REPORT (no arm changed): "They say the ground itself is finished." against spine `ORIGIN: arcane_burnout` reads [worldStressor.originContext.variant]
       maps to no field — the clause names no field the spine declares it reads, under the vocabulary the census supplies
       a word-level synonym table ships and was applied
     arm Q vocabulary REPORT (no arm changed): "So far nothing contradicts them." against spine `ORIGIN: arcane_burnout` reads [worldStressor.originContext.variant]
       maps to no field — the clause names no field the spine declares it reads, under the vocabulary the census supplies
       a word-level synonym table ships and was applied
     words per face: 20 · 17 · 22 (sentence form)
     sibling distance: #1 1 faces, 0 synonym swap(s) · #2 1 faces, 0 synonym swap(s) · #3 1 faces, 0 synonym swap(s)
     sibling SPREAD #1: NOT-EXECUTABLE: a distance needs two faces and this variant carries 1
     sibling SPREAD #2: NOT-EXECUTABLE: a distance needs two faces and this variant carries 1
     sibling SPREAD #3: NOT-EXECUTABLE: a distance needs two faces and this variant carries 1
     band position FACE grain (8 word-level metrics): mean distance from the exemplar median 0.259 band-widths · budget ok on 3/3 · depth ok on 3/3 · perfection-suspect 3 · distinct tuples 1 of 3 face(s)
     band position CORPUS grain (13 text-level metrics over 59 word(s)): exceeded 12/13 · share 0.923 · mean 0.561 · deepest runsOfThreeSameLengthBand 0.605 under
     provenance: 0 citation(s) · A13 rows 0

  ── DS-STR-2 :: ORIGIN: barracks_coup   [WITHHELD]  inBand YES
     variants 3 · faces 1/1/1 · attach 0 · units 3 · rate ABSENT · departure ABSENT
     rounds: draft 0 · refine-A no · refine-B no
     walk: FAIL 0 · WITHHELD 2 · PASS 1 · findings 2
     unit: FAIL 0 · WITHHELD 2 · PASS 1   ·   owned: FAIL 0 · WITHHELD 0 · PASS 3 (0 owned finding(s), 2 inherited)
     inherited (the SPINE's own, never counted against this pool): X · exhaustivity over an open column · spine `ORIGIN: barracks_coup` · "The garrison is the danger." x 1
     inherited (the SPINE's own, never counted against this pool): Q · a second sentence naming no second field · spine `ORIGIN: barracks_coup` · "Officers loyal to the ruler are posted to the walls one by one." x 1
     arm Q vocabulary REPORT (no arm changed): "Officers loyal to the ruler are posted to the walls one by one." against spine `ORIGIN: barracks_coup` reads [worldStressor.originContext.variant]
       maps to no field — the clause names no field the spine declares it reads, under the vocabulary the census supplies
       a word-level synonym table ships and was applied
     words per face: 21 · 27 · 15 (sentence form)
     sibling distance: #1 1 faces, 0 synonym swap(s) · #2 1 faces, 0 synonym swap(s) · #3 1 faces, 0 synonym swap(s)
     sibling SPREAD #1: NOT-EXECUTABLE: a distance needs two faces and this variant carries 1
     sibling SPREAD #2: NOT-EXECUTABLE: a distance needs two faces and this variant carries 1
     sibling SPREAD #3: NOT-EXECUTABLE: a distance needs two faces and this variant carries 1
     band position FACE grain (8 word-level metrics): mean distance from the exemplar median 0.259 band-widths · budget ok on 3/3 · depth ok on 3/3 · perfection-suspect 3 · distinct tuples 1 of 3 face(s)
     band position CORPUS grain (13 text-level metrics over 63 word(s)): exceeded 11/13 · share 0.846 · mean 0.739 · deepest shapes.doubledAdjectiveRate 2.894 over
     provenance: 0 citation(s) · A13 rows 0

  ── DS-STR-2 :: ORIGIN: council_schism   [WITHHELD]  inBand YES
     variants 3 · faces 1/1/1 · attach 0 · units 3 · rate ABSENT · departure ABSENT
     rounds: draft 0 · refine-A no · refine-B no
     walk: FAIL 0 · WITHHELD 2 · PASS 1 · findings 2
     unit: FAIL 0 · WITHHELD 2 · PASS 1   ·   owned: FAIL 0 · WITHHELD 0 · PASS 3 (0 owned finding(s), 2 inherited)
     inherited (the SPINE's own, never counted against this pool): Q · a second sentence naming no second field · spine `ORIGIN: council_schism` · "The town pays whichever collector reaches it first." x 1
     inherited (the SPINE's own, never counted against this pool): Q · a second sentence naming no second field · spine `ORIGIN: council_schism` · "There is no rebellion here, only two governments wearing the same name." x 1
     arm Q vocabulary REPORT (no arm changed): "The town pays whichever collector reaches it first." against spine `ORIGIN: council_schism` reads [worldStressor.originContext.variant]
       maps to no field — the clause names no field the spine declares it reads, under the vocabulary the census supplies
       a word-level synonym table ships and was applied
     arm Q vocabulary REPORT (no arm changed): "There is no rebellion here, only two governments wearing the same name." against spine `ORIGIN: council_schism` reads [worldStressor.originContext.variant]
       maps to no field — the clause names no field the spine declares it reads, under the vocabulary the census supplies
       a word-level synonym table ships and was applied
     words per face: 19 · 21 · 21 (sentence form)
     sibling distance: #1 1 faces, 0 synonym swap(s) · #2 1 faces, 0 synonym swap(s) · #3 1 faces, 0 synonym swap(s)
     sibling SPREAD #1: NOT-EXECUTABLE: a distance needs two faces and this variant carries 1
     sibling SPREAD #2: NOT-EXECUTABLE: a distance needs two faces and this variant carries 1
     sibling SPREAD #3: NOT-EXECUTABLE: a distance needs two faces and this variant carries 1
     band position FACE grain (8 word-level metrics): mean distance from the exemplar median 0.259 band-widths · budget ok on 3/3 · depth ok on 3/3 · perfection-suspect 3 · distinct tuples 1 of 3 face(s)
     band position CORPUS grain (13 text-level metrics over 61 word(s)): exceeded 11/13 · share 0.846 · mean 0.796 · deepest shapes.thereIsOpenerRate 2.057 over
     provenance: 0 citation(s) · A13 rows 0

  ── DS-STR-2 :: ORIGIN: declared_war   [WITHHELD]  inBand YES
     variants 3 · faces 1/1/1 · attach 0 · units 3 · rate ABSENT · departure ABSENT
     rounds: draft 0 · refine-A no · refine-B no
     walk: FAIL 0 · WITHHELD 3 · PASS 0 · findings 5
     unit: FAIL 0 · WITHHELD 3 · PASS 0   ·   owned: FAIL 0 · WITHHELD 0 · PASS 3 (0 owned finding(s), 5 inherited)
     inherited (the SPINE's own, never counted against this pool): Q · a second sentence naming no second field · spine `ORIGIN: declared_war` · "Its supply lines are the only part not on display." x 1
     inherited (the SPINE's own, never counted against this pool): X · exhaustivity over an open column · spine `ORIGIN: declared_war` · "Its supply lines are the only part not on display." x 1
     inherited (the SPINE's own, never counted against this pool): A3 · the band half is the refuter's · spine `ORIGIN: declared_war` · "rather than a shadow one" x 1
     inherited (the SPINE's own, never counted against this pool): Q · a second sentence naming no second field · spine `ORIGIN: declared_war` · "The town knows exactly who is pressing it and why." x 1
     inherited (the SPINE's own, never counted against this pool): Q · a second sentence naming no second field · spine `ORIGIN: declared_war` · "There is nothing to uncover, only something to answer." x 1
     arm Q vocabulary REPORT (no arm changed): "Its supply lines are the only part not on display." against spine `ORIGIN: declared_war` reads [worldStressor.originContext.variant]
       maps to no field — the clause names no field the spine declares it reads, under the vocabulary the census supplies
       a word-level synonym table ships and was applied
     arm Q vocabulary REPORT (no arm changed): "The town knows exactly who is pressing it and why." against spine `ORIGIN: declared_war` reads [worldStressor.originContext.variant]
       maps to no field — the clause names no field the spine declares it reads, under the vocabulary the census supplies
       a word-level synonym table ships and was applied
     arm Q vocabulary REPORT (no arm changed): "There is nothing to uncover, only something to answer." against spine `ORIGIN: declared_war` reads [worldStressor.originContext.variant]
       maps to no field — the clause names no field the spine declares it reads, under the vocabulary the census supplies
       a word-level synonym table ships and was applied
     words per face: 22 · 20 · 21 (sentence form)
     sibling distance: #1 1 faces, 0 synonym swap(s) · #2 1 faces, 0 synonym swap(s) · #3 1 faces, 0 synonym swap(s)
     sibling SPREAD #1: NOT-EXECUTABLE: a distance needs two faces and this variant carries 1
     sibling SPREAD #2: NOT-EXECUTABLE: a distance needs two faces and this variant carries 1
     sibling SPREAD #3: NOT-EXECUTABLE: a distance needs two faces and this variant carries 1
     band position FACE grain (8 word-level metrics): mean distance from the exemplar median 0.259 band-widths · budget ok on 3/3 · depth ok on 3/3 · perfection-suspect 3 · distinct tuples 1 of 3 face(s)
     band position CORPUS grain (13 text-level metrics over 63 word(s)): exceeded 11/13 · share 0.846 · mean 1.327 · deepest shapes.antithesisRate 3.969 over
     provenance: 0 citation(s) · A13 rows 0

  ── DS-STR-2 :: ORIGIN: foreign_sponsored   [WITHHELD]  inBand YES
     variants 3 · faces 1/1/1 · attach 0 · units 3 · rate ABSENT · departure ABSENT
     rounds: draft 0 · refine-A no · refine-B no
     reported: band depth · shapes.participialOpenerRate (over) = 13.62 band-widths on 1 of 3 face(s) | DEPTH at most 1.75 band-widths on every face (REPORTED, refuses nothing — ADDENDUM 18 ruling 1)
     walk: FAIL 0 · WITHHELD 3 · PASS 0 · findings 4
     unit: FAIL 0 · WITHHELD 3 · PASS 0   ·   owned: FAIL 0 · WITHHELD 0 · PASS 3 (0 owned finding(s), 4 inherited)
     inherited (the SPINE's own, never counted against this pool): Q · a second sentence naming no second field · spine `ORIGIN: foreign_sponsored` · "There is coin that traces back across a border, and someone local living better than their st..." x 1
     inherited (the SPINE's own, never counted against this pool): A3 · the band half is the refuter's · spine `ORIGIN: foreign_sponsored` · ", not the place it was decided." x 1
     inherited (the SPINE's own, never counted against this pool): C3 · is this clause historical? · spine `ORIGIN: foreign_sponsored` · "This was paid for elsewhere." x 1
     inherited (the SPINE's own, never counted against this pool): Q · a second sentence naming no second field · spine `ORIGIN: foreign_sponsored` · "Naming the sponsor aloud would be an act of war." x 1
     arm Q vocabulary REPORT (no arm changed): "There is coin that traces back across a border, and someone local living better than their st..." against spine `ORIGIN: foreign_sponsored` reads [worldStressor.originContext.variant]
       maps to no field — the clause names no field the spine declares it reads, under the vocabulary the census supplies
       a word-level synonym table ships and was applied
     arm Q vocabulary REPORT (no arm changed): "Naming the sponsor aloud would be an act of war." against spine `ORIGIN: foreign_sponsored` reads [worldStressor.originContext.variant]
       maps to no field — the clause names no field the spine declares it reads, under the vocabulary the census supplies
       a word-level synonym table ships and was applied
     words per face: 27 · 17 · 22 (sentence form)
     sibling distance: #1 1 faces, 0 synonym swap(s) · #2 1 faces, 0 synonym swap(s) · #3 1 faces, 0 synonym swap(s)
     sibling SPREAD #1: NOT-EXECUTABLE: a distance needs two faces and this variant carries 1
     sibling SPREAD #2: NOT-EXECUTABLE: a distance needs two faces and this variant carries 1
     sibling SPREAD #3: NOT-EXECUTABLE: a distance needs two faces and this variant carries 1
     band position FACE grain (8 word-level metrics): mean distance from the exemplar median 0.848 band-widths · budget ok on 3/3 · depth ok on 2/3 · perfection-suspect 2 · distinct tuples 2 of 3 face(s)
     band position CORPUS grain (13 text-level metrics over 66 word(s)): exceeded 13/13 · share 1 · mean 1.288 · deepest shapes.antithesisRate 5.013 over
     provenance: 0 citation(s) · A13 rows 0

  ── DS-STR-2 :: ORIGIN: internal_conspiracy   [WITHHELD]  inBand YES
     variants 3 · faces 1/1/1 · attach 0 · units 3 · rate ABSENT · departure ABSENT
     rounds: draft 0 · refine-A no · refine-B no
     walk: FAIL 0 · WITHHELD 3 · PASS 0 · findings 5
     unit: FAIL 0 · WITHHELD 3 · PASS 0   ·   owned: FAIL 0 · WITHHELD 0 · PASS 3 (0 owned finding(s), 5 inherited)
     inherited (the SPINE's own, never counted against this pool): Q · a second sentence naming no second field · spine `ORIGIN: internal_conspiracy` · "The loyalty tests spreading through the council say so more clearly than any evidence." x 1
     inherited (the SPINE's own, never counted against this pool): C3 · is this clause historical? · spine `ORIGIN: internal_conspiracy` · "Whatever is being planned here was planned by people who already had a seat at the table." x 1
     inherited (the SPINE's own, never counted against this pool): Q · a second sentence naming no second field · spine `ORIGIN: internal_conspiracy` · "Whatever is being planned here was planned by people who already had a seat at the table." x 1
     inherited (the SPINE's own, never counted against this pool): Q · a second sentence naming no second field · spine `ORIGIN: internal_conspiracy` · "That is why it is difficult to find." x 1
     inherited (the SPINE's own, never counted against this pool): Q · a second sentence naming no second field · spine `ORIGIN: internal_conspiracy` · "Nothing about it looks out of place." x 1
     arm Q vocabulary REPORT (no arm changed): "The loyalty tests spreading through the council say so more clearly than any evidence." against spine `ORIGIN: internal_conspiracy` reads [worldStressor.originContext.variant]
       maps to no field — the clause names no field the spine declares it reads, under the vocabulary the census supplies
       a word-level synonym table ships and was applied
     arm Q vocabulary REPORT (no arm changed): "Whatever is being planned here was planned by people who already had a seat at the table." against spine `ORIGIN: internal_conspiracy` reads [worldStressor.originContext.variant]
       maps to no field — the clause names no field the spine declares it reads, under the vocabulary the census supplies
       a word-level synonym table ships and was applied
     arm Q vocabulary REPORT (no arm changed): "That is why it is difficult to find." against spine `ORIGIN: internal_conspiracy` reads [worldStressor.originContext.variant]
       maps to no field — the clause names no field the spine declares it reads, under the vocabulary the census supplies
       a word-level synonym table ships and was applied
     arm Q vocabulary REPORT (no arm changed): "Nothing about it looks out of place." against spine `ORIGIN: internal_conspiracy` reads [worldStressor.originContext.variant]
       maps to no field — the clause names no field the spine declares it reads, under the vocabulary the census supplies
       a word-level synonym table ships and was applied
     words per face: 24 · 26 · 20 (sentence form)
     sibling distance: #1 1 faces, 0 synonym swap(s) · #2 1 faces, 0 synonym swap(s) · #3 1 faces, 0 synonym swap(s)
     sibling SPREAD #1: NOT-EXECUTABLE: a distance needs two faces and this variant carries 1
     sibling SPREAD #2: NOT-EXECUTABLE: a distance needs two faces and this variant carries 1
     sibling SPREAD #3: NOT-EXECUTABLE: a distance needs two faces and this variant carries 1
     band position FACE grain (8 word-level metrics): mean distance from the exemplar median 0.259 band-widths · budget ok on 3/3 · depth ok on 3/3 · perfection-suspect 3 · distinct tuples 1 of 3 face(s)
     band position CORPUS grain (13 text-level metrics over 70 word(s)): exceeded 10/13 · share 0.769 · mean 0.695 · deepest closers.abstractNounRate 1.311 over
     provenance: 0 citation(s) · A13 rows 0

  ── DS-STR-2 :: ORIGIN: leyline_silence   [WITHHELD]  inBand YES
     variants 3 · faces 1/1/1 · attach 0 · units 3 · rate ABSENT · departure ABSENT
     rounds: draft 0 · refine-A no · refine-B no
     reported: band depth · punctuation.colonRate (over) = 2.994 band-widths on 1 of 3 face(s) | DEPTH at most 1.75 band-widths on every face (REPORTED, refuses nothing — ADDENDUM 18 ruling 1)
     walk: FAIL 0 · WITHHELD 2 · PASS 1 · findings 3
     unit: FAIL 0 · WITHHELD 2 · PASS 1   ·   owned: FAIL 0 · WITHHELD 0 · PASS 3 (0 owned finding(s), 3 inherited)
     inherited (the SPINE's own, never counted against this pool): Q · a second sentence naming no second field · spine `ORIGIN: leyline_silence` · "The arcane substrate went quiet on its own and has stayed quiet." x 1
     inherited (the SPINE's own, never counted against this pool): Q · a second sentence naming no second field · spine `ORIGIN: leyline_silence` · "That is worse than a disaster because it cannot be pointed at." x 1
     inherited (the SPINE's own, never counted against this pool): Q · a second sentence naming no second field · spine `ORIGIN: leyline_silence` · "The ones who stay have started learning herbcraft." x 1
     arm Q vocabulary REPORT (no arm changed): "The arcane substrate went quiet on its own and has stayed quiet." against spine `ORIGIN: leyline_silence` reads [worldStressor.originContext.variant]
       maps to no field — the clause names no field the spine declares it reads, under the vocabulary the census supplies
       a word-level synonym table ships and was applied
     arm Q vocabulary REPORT (no arm changed): "That is worse than a disaster because it cannot be pointed at." against spine `ORIGIN: leyline_silence` reads [worldStressor.originContext.variant]
       maps to no field — the clause names no field the spine declares it reads, under the vocabulary the census supplies
       a word-level synonym table ships and was applied
     arm Q vocabulary REPORT (no arm changed): "The ones who stay have started learning herbcraft." against spine `ORIGIN: leyline_silence` reads [worldStressor.originContext.variant]
       maps to no field — the clause names no field the spine declares it reads, under the vocabulary the census supplies
       a word-level synonym table ships and was applied
     words per face: 19 · 27 · 14 (sentence form)
     sibling distance: #1 1 faces, 0 synonym swap(s) · #2 1 faces, 0 synonym swap(s) · #3 1 faces, 0 synonym swap(s)
     sibling SPREAD #1: NOT-EXECUTABLE: a distance needs two faces and this variant carries 1
     sibling SPREAD #2: NOT-EXECUTABLE: a distance needs two faces and this variant carries 1
     sibling SPREAD #3: NOT-EXECUTABLE: a distance needs two faces and this variant carries 1
     band position FACE grain (8 word-level metrics): mean distance from the exemplar median 0.402 band-widths · budget ok on 3/3 · depth ok on 2/3 · perfection-suspect 2 · distinct tuples 2 of 3 face(s)
     band position CORPUS grain (13 text-level metrics over 60 word(s)): exceeded 10/13 · share 0.769 · mean 0.525 · deepest runsOfThreeSameLengthBand 0.605 under
     provenance: 0 citation(s) · A13 rows 0

  ── DS-STR-2 :: ORIGIN: merchant_cabal   [WITHHELD]  inBand YES
     variants 3 · faces 1/1/1 · attach 0 · units 3 · rate ABSENT · departure ABSENT
     rounds: draft 0 · refine-A no · refine-B no
     walk: FAIL 0 · WITHHELD 3 · PASS 0 · findings 5
     unit: FAIL 0 · WITHHELD 3 · PASS 0   ·   owned: FAIL 0 · WITHHELD 0 · PASS 3 (0 owned finding(s), 5 inherited)
     inherited (the SPINE's own, never counted against this pool): C3 · a processing claim on a goods sentence · spine `ORIGIN: merchant_cabal` · "Credit has dried up for anyone aligned with the ruling power." x 1
     inherited (the SPINE's own, never counted against this pool): Q · a second sentence naming no second field · spine `ORIGIN: merchant_cabal` · "Credit has dried up for anyone aligned with the ruling power." x 1
     inherited (the SPINE's own, never counted against this pool): Q · a second sentence naming no second field · spine `ORIGIN: merchant_cabal` · "No house is willing to say why." x 1
     inherited (the SPINE's own, never counted against this pool): Q · a second sentence naming no second field · spine `ORIGIN: merchant_cabal` · "A warehouse that never opens has started taking deliveries at night." x 1
     inherited (the SPINE's own, never counted against this pool): A3 · the band half is the refuter's · spine `ORIGIN: merchant_cabal` · "not force but liquidity" x 1
     arm Q vocabulary REPORT (no arm changed): "Credit has dried up for anyone aligned with the ruling power." against spine `ORIGIN: merchant_cabal` reads [worldStressor.originContext.variant]
       maps to no field — the clause names no field the spine declares it reads, under the vocabulary the census supplies
       a word-level synonym table ships and was applied
     arm Q vocabulary REPORT (no arm changed): "No house is willing to say why." against spine `ORIGIN: merchant_cabal` reads [worldStressor.originContext.variant]
       maps to no field — the clause names no field the spine declares it reads, under the vocabulary the census supplies
       a word-level synonym table ships and was applied
     arm Q vocabulary REPORT (no arm changed): "A warehouse that never opens has started taking deliveries at night." against spine `ORIGIN: merchant_cabal` reads [worldStressor.originContext.variant]
       maps to no field — the clause names no field the spine declares it reads, under the vocabulary the census supplies
       a word-level synonym table ships and was applied
     words per face: 25 · 24 · 20 (sentence form)
     sibling distance: #1 1 faces, 0 synonym swap(s) · #2 1 faces, 0 synonym swap(s) · #3 1 faces, 0 synonym swap(s)
     sibling SPREAD #1: NOT-EXECUTABLE: a distance needs two faces and this variant carries 1
     sibling SPREAD #2: NOT-EXECUTABLE: a distance needs two faces and this variant carries 1
     sibling SPREAD #3: NOT-EXECUTABLE: a distance needs two faces and this variant carries 1
     band position FACE grain (8 word-level metrics): mean distance from the exemplar median 0.259 band-widths · budget ok on 3/3 · depth ok on 3/3 · perfection-suspect 3 · distinct tuples 1 of 3 face(s)
     band position CORPUS grain (13 text-level metrics over 69 word(s)): exceeded 12/13 · share 0.923 · mean 0.742 · deepest shapes.antithesisRate 2.661 over
     provenance: 0 citation(s) · A13 rows 0

  ── DS-STR-2 :: ORIGIN: palace_coup   [WITHHELD]  inBand YES
     variants 3 · faces 1/1/1 · attach 0 · units 3 · rate ABSENT · departure ABSENT
     rounds: draft 0 · refine-A no · refine-B no
     walk: FAIL 0 · WITHHELD 3 · PASS 0 · findings 3
     unit: FAIL 0 · WITHHELD 3 · PASS 0   ·   owned: FAIL 0 · WITHHELD 0 · PASS 3 (0 owned finding(s), 3 inherited)
     inherited (the SPINE's own, never counted against this pool): Q · a second sentence naming no second field · spine `ORIGIN: palace_coup` · "Invitations to private dinners are circulating, and the guest list is the plot." x 1
     inherited (the SPINE's own, never counted against this pool): Q · a second sentence naming no second field · spine `ORIGIN: palace_coup` · "There are seals that do not match the hands that signed them, and no crowd involved at all." x 1
     inherited (the SPINE's own, never counted against this pool): Q · a second sentence naming no second field · spine `ORIGIN: palace_coup` · "It is the people who already stand nearest it." x 1
     arm Q vocabulary REPORT (no arm changed): "Invitations to private dinners are circulating, and the guest list is the plot." against spine `ORIGIN: palace_coup` reads [worldStressor.originContext.variant]
       maps to no field — the clause names no field the spine declares it reads, under the vocabulary the census supplies
       a word-level synonym table ships and was applied
     arm Q vocabulary REPORT (no arm changed): "There are seals that do not match the hands that signed them, and no crowd involved at all." against spine `ORIGIN: palace_coup` reads [worldStressor.originContext.variant]
       maps to no field — the clause names no field the spine declares it reads, under the vocabulary the census supplies
       a word-level synonym table ships and was applied
     arm Q vocabulary REPORT (no arm changed): "It is the people who already stand nearest it." against spine `ORIGIN: palace_coup` reads [worldStressor.originContext.variant]
       maps to no field — the clause names no field the spine declares it reads, under the vocabulary the census supplies
       a word-level synonym table ships and was applied
     words per face: 19 · 28 · 17 (sentence form)
     sibling distance: #1 1 faces, 0 synonym swap(s) · #2 1 faces, 0 synonym swap(s) · #3 1 faces, 0 synonym swap(s)
     sibling SPREAD #1: NOT-EXECUTABLE: a distance needs two faces and this variant carries 1
     sibling SPREAD #2: NOT-EXECUTABLE: a distance needs two faces and this variant carries 1
     sibling SPREAD #3: NOT-EXECUTABLE: a distance needs two faces and this variant carries 1
     band position FACE grain (8 word-level metrics): mean distance from the exemplar median 0.259 band-widths · budget ok on 3/3 · depth ok on 3/3 · perfection-suspect 3 · distinct tuples 1 of 3 face(s)
     band position CORPUS grain (13 text-level metrics over 64 word(s)): exceeded 10/13 · share 0.769 · mean 0.903 · deepest shapes.thereIsOpenerRate 5.143 over
     provenance: 0 citation(s) · A13 rows 0

  ── DS-STR-2 :: ORIGIN: popular_revolt   [WITHHELD]  inBand YES
     variants 3 · faces 1/1/1 · attach 0 · units 3 · rate ABSENT · departure ABSENT
     rounds: draft 0 · refine-A no · refine-B no
     walk: FAIL 0 · WITHHELD 2 · PASS 1 · findings 5
     unit: FAIL 0 · WITHHELD 2 · PASS 1   ·   owned: FAIL 0 · WITHHELD 0 · PASS 3 (0 owned finding(s), 5 inherited)
     inherited (the SPINE's own, never counted against this pool): Q · a second sentence naming no second field · spine `ORIGIN: popular_revolt` · "No faction owns this yet." x 1
     inherited (the SPINE's own, never counted against this pool): Q · a second sentence naming no second field · spine `ORIGIN: popular_revolt` · "That is what makes it dangerous to everyone." x 1
     inherited (the SPINE's own, never counted against this pool): X · exhaustivity over an open column · spine `ORIGIN: popular_revolt` · "That is what makes it dangerous to everyone." x 1
     inherited (the SPINE's own, never counted against this pool): C3 · is this clause historical? · spine `ORIGIN: popular_revolt` · "A list of grievances was nailed to the courthouse door" x 1
     inherited (the SPINE's own, never counted against this pool): Q · a second sentence naming no second field · spine `ORIGIN: popular_revolt` · "The rising is genuinely popular, and genuinely leaderless." x 1
     arm Q vocabulary REPORT (no arm changed): "No faction owns this yet." against spine `ORIGIN: popular_revolt` reads [worldStressor.originContext.variant]
       maps to no field — the clause names no field the spine declares it reads, under the vocabulary the census supplies
       a word-level synonym table ships and was applied
     arm Q vocabulary REPORT (no arm changed): "That is what makes it dangerous to everyone." against spine `ORIGIN: popular_revolt` reads [worldStressor.originContext.variant]
       maps to no field — the clause names no field the spine declares it reads, under the vocabulary the census supplies
       a word-level synonym table ships and was applied
     arm Q vocabulary REPORT (no arm changed): "The rising is genuinely popular, and genuinely leaderless." against spine `ORIGIN: popular_revolt` reads [worldStressor.originContext.variant]
       maps to no field — the clause names no field the spine declares it reads, under the vocabulary the census supplies
       a word-level synonym table ships and was applied
     words per face: 19 · 20 · 25 (sentence form)
     sibling distance: #1 1 faces, 0 synonym swap(s) · #2 1 faces, 0 synonym swap(s) · #3 1 faces, 0 synonym swap(s)
     sibling SPREAD #1: NOT-EXECUTABLE: a distance needs two faces and this variant carries 1
     sibling SPREAD #2: NOT-EXECUTABLE: a distance needs two faces and this variant carries 1
     sibling SPREAD #3: NOT-EXECUTABLE: a distance needs two faces and this variant carries 1
     band position FACE grain (8 word-level metrics): mean distance from the exemplar median 0.259 band-widths · budget ok on 3/3 · depth ok on 3/3 · perfection-suspect 3 · distinct tuples 1 of 3 face(s)
     band position CORPUS grain (13 text-level metrics over 64 word(s)): exceeded 11/13 · share 0.846 · mean 0.487 · deepest wordsPerSentence.neighbourVariation 0.303 under
     provenance: 0 citation(s) · A13 rows 0

  ── DS-STR-2 :: ORIGIN: resistance   [WITHHELD]  inBand YES
     variants 3 · faces 1/1/1 · attach 0 · units 3 · rate ABSENT · departure ABSENT
     rounds: draft 0 · refine-A no · refine-B no
     walk: FAIL 0 · WITHHELD 3 · PASS 0 · findings 8
     unit: FAIL 0 · WITHHELD 3 · PASS 0   ·   owned: FAIL 0 · WITHHELD 0 · PASS 3 (0 owned finding(s), 8 inherited)
     inherited (the SPINE's own, never counted against this pool): A3 · the band half is the refuter's · spine `ORIGIN: resistance` · "rather than the seat" x 1
     inherited (the SPINE's own, never counted against this pool): C3 · is this clause historical? · spine `ORIGIN: resistance` · "It was born under an occupation." x 1
     inherited (the SPINE's own, never counted against this pool): Q · a second sentence naming no second field · spine `ORIGIN: resistance` · "It was born under an occupation." x 1
     inherited (the SPINE's own, never counted against this pool): Q · a second sentence naming no second field · spine `ORIGIN: resistance` · "It defines itself against the occupier rather than the seat." x 1
     inherited (the SPINE's own, never counted against this pool): Q · a second sentence naming no second field · spine `ORIGIN: resistance` · "Collaborators and patriots eat at the same tables." x 1
     inherited (the SPINE's own, never counted against this pool): Q · a second sentence naming no second field · spine `ORIGIN: resistance` · "Everyone knows which is which." x 1
     inherited (the SPINE's own, never counted against this pool): A3 · the band half is the refuter's · spine `ORIGIN: resistance` · "and not interested in reform." x 1
     inherited (the SPINE's own, never counted against this pool): Q · a second sentence naming no second field · spine `ORIGIN: resistance` · "What runs in the alleys is organized, patient, and not interested in reform." x 1
     arm Q vocabulary REPORT (no arm changed): "It was born under an occupation." against spine `ORIGIN: resistance` reads [worldStressor.originContext.variant]
       maps to no field — the clause names no field the spine declares it reads, under the vocabulary the census supplies
       a word-level synonym table ships and was applied
     arm Q vocabulary REPORT (no arm changed): "It defines itself against the occupier rather than the seat." against spine `ORIGIN: resistance` reads [worldStressor.originContext.variant]
       maps to no field — the clause names no field the spine declares it reads, under the vocabulary the census supplies
       a word-level synonym table ships and was applied
     arm Q vocabulary REPORT (no arm changed): "Collaborators and patriots eat at the same tables." against spine `ORIGIN: resistance` reads [worldStressor.originContext.variant]
       maps to no field — the clause names no field the spine declares it reads, under the vocabulary the census supplies
       a word-level synonym table ships and was applied
     arm Q vocabulary REPORT (no arm changed): "Everyone knows which is which." against spine `ORIGIN: resistance` reads [worldStressor.originContext.variant]
       maps to no field — the clause names no field the spine declares it reads, under the vocabulary the census supplies
       a word-level synonym table ships and was applied
     arm Q vocabulary REPORT (no arm changed): "What runs in the alleys is organized, patient, and not interested in reform." against spine `ORIGIN: resistance` reads [worldStressor.originContext.variant]
       maps to no field — the clause names no field the spine declares it reads, under the vocabulary the census supplies
       a word-level synonym table ships and was applied
     words per face: 24 · 21 · 21 (sentence form)
     sibling distance: #1 1 faces, 0 synonym swap(s) · #2 1 faces, 0 synonym swap(s) · #3 1 faces, 0 synonym swap(s)
     sibling SPREAD #1: NOT-EXECUTABLE: a distance needs two faces and this variant carries 1
     sibling SPREAD #2: NOT-EXECUTABLE: a distance needs two faces and this variant carries 1
     sibling SPREAD #3: NOT-EXECUTABLE: a distance needs two faces and this variant carries 1
     band position FACE grain (8 word-level metrics): mean distance from the exemplar median 0.259 band-widths · budget ok on 3/3 · depth ok on 3/3 · perfection-suspect 3 · distinct tuples 1 of 3 face(s)
     band position CORPUS grain (13 text-level metrics over 66 word(s)): exceeded 11/13 · share 0.846 · mean 1.331 · deepest shapes.antithesisRate 7.699 over
     provenance: 0 citation(s) · A13 rows 0

  ── DS-STR-2 :: ORIGIN: servile_uprising   [WITHHELD]  inBand YES
     variants 3 · faces 1/1/1 · attach 0 · units 3 · rate ABSENT · departure ABSENT
     rounds: draft 0 · refine-A no · refine-B no
     walk: FAIL 0 · WITHHELD 3 · PASS 0 · findings 8
     unit: FAIL 0 · WITHHELD 3 · PASS 0   ·   owned: FAIL 0 · WITHHELD 0 · PASS 3 (0 owned finding(s), 8 inherited)
     inherited (the SPINE's own, never counted against this pool): Q · a second sentence naming no second field · spine `ORIGIN: servile_uprising` · "The work songs in the fields changed first." x 1
     inherited (the SPINE's own, never counted against this pool): Q · a second sentence naming no second field · spine `ORIGIN: servile_uprising` · "The overseers did not understand the new words." x 1
     inherited (the SPINE's own, never counted against this pool): C3 · is this clause historical? · spine `ORIGIN: servile_uprising` · "This is the rising of people who were never asked. Manumission papers, real and forged, chang..." x 1
     inherited (the SPINE's own, never counted against this pool): C3 · a processing claim on a goods sentence · spine `ORIGIN: servile_uprising` · "forged" x 1
     inherited (the SPINE's own, never counted against this pool): Q · a second sentence naming no second field · spine `ORIGIN: servile_uprising` · "Manumission papers, real and forged, change hands at night." x 1
     inherited (the SPINE's own, never counted against this pool): A3 · the band half is the refuter's · spine `ORIGIN: servile_uprising` · "not a policy but an arrangement" x 1
     inherited (the SPINE's own, never counted against this pool): C3 · is this clause historical? · spine `ORIGIN: servile_uprising` · "What broke here was not a policy" x 1
     inherited (the SPINE's own, never counted against this pool): Q · a second sentence naming no second field · spine `ORIGIN: servile_uprising` · "The town's prosperity rested on labour that has stopped consenting to be labour." x 1
     arm Q vocabulary REPORT (no arm changed): "The work songs in the fields changed first." against spine `ORIGIN: servile_uprising` reads [worldStressor.originContext.variant]
       maps to no field — the clause names no field the spine declares it reads, under the vocabulary the census supplies
       a word-level synonym table ships and was applied
     arm Q vocabulary REPORT (no arm changed): "The overseers did not understand the new words." against spine `ORIGIN: servile_uprising` reads [worldStressor.originContext.variant]
       maps to no field — the clause names no field the spine declares it reads, under the vocabulary the census supplies
       a word-level synonym table ships and was applied
     arm Q vocabulary REPORT (no arm changed): "Manumission papers, real and forged, change hands at night." against spine `ORIGIN: servile_uprising` reads [worldStressor.originContext.variant]
       maps to no field — the clause names no field the spine declares it reads, under the vocabulary the census supplies
       a word-level synonym table ships and was applied
     arm Q vocabulary REPORT (no arm changed): "The town's prosperity rested on labour that has stopped consenting to be labour." against spine `ORIGIN: servile_uprising` reads [worldStressor.originContext.variant]
       maps to no field — the clause names no field the spine declares it reads, under the vocabulary the census supplies
       a word-level synonym table ships and was applied
     words per face: 29 · 19 · 23 (sentence form)
     sibling distance: #1 1 faces, 0 synonym swap(s) · #2 1 faces, 0 synonym swap(s) · #3 1 faces, 0 synonym swap(s)
     sibling SPREAD #1: NOT-EXECUTABLE: a distance needs two faces and this variant carries 1
     sibling SPREAD #2: NOT-EXECUTABLE: a distance needs two faces and this variant carries 1
     sibling SPREAD #3: NOT-EXECUTABLE: a distance needs two faces and this variant carries 1
     band position FACE grain (8 word-level metrics): mean distance from the exemplar median 0.259 band-widths · budget ok on 3/3 · depth ok on 3/3 · perfection-suspect 3 · distinct tuples 1 of 3 face(s)
     band position CORPUS grain (13 text-level metrics over 71 word(s)): exceeded 13/13 · share 1 · mean 1.192 · deepest shapes.antithesisRate 3.223 over
     provenance: 0 citation(s) · A13 rows 0

  ── DS-STR-2 :: ORIGIN: tax_revolt   [WITHHELD]  inBand YES
     variants 3 · faces 1/1/1 · attach 0 · units 3 · rate ABSENT · departure ABSENT
     rounds: draft 0 · refine-A no · refine-B no
     walk: FAIL 0 · WITHHELD 3 · PASS 0 · findings 4
     unit: FAIL 0 · WITHHELD 3 · PASS 0   ·   owned: FAIL 0 · WITHHELD 0 · PASS 3 (0 owned finding(s), 4 inherited)
     inherited (the SPINE's own, never counted against this pool): Q · a second sentence naming no second field · spine `ORIGIN: tax_revolt` · "Collectors travel in pairs, then in fours, and lately not at all." x 1
     inherited (the SPINE's own, never counted against this pool): Q · a second sentence naming no second field · spine `ORIGIN: tax_revolt` · "The tally of every levy taken is being read aloud in the taverns." x 1
     inherited (the SPINE's own, never counted against this pool): Q · a second sentence naming no second field · spine `ORIGIN: tax_revolt` · "It rose against its bill." x 1
     inherited (the SPINE's own, never counted against this pool): Q · a second sentence naming no second field · spine `ORIGIN: tax_revolt` · "The government has not yet noticed that this is a different thing." x 1
     arm Q vocabulary REPORT (no arm changed): "Collectors travel in pairs, then in fours, and lately not at all." against spine `ORIGIN: tax_revolt` reads [worldStressor.originContext.variant]
       maps to no field — the clause names no field the spine declares it reads, under the vocabulary the census supplies
       a word-level synonym table ships and was applied
     arm Q vocabulary REPORT (no arm changed): "The tally of every levy taken is being read aloud in the taverns." against spine `ORIGIN: tax_revolt` reads [worldStressor.originContext.variant]
       maps to no field — the clause names no field the spine declares it reads, under the vocabulary the census supplies
       a word-level synonym table ships and was applied
     arm Q vocabulary REPORT (no arm changed): "It rose against its bill." against spine `ORIGIN: tax_revolt` reads [worldStressor.originContext.variant]
       maps to no field — the clause names no field the spine declares it reads, under the vocabulary the census supplies
       a word-level synonym table ships and was applied
     arm Q vocabulary REPORT (no arm changed): "The government has not yet noticed that this is a different thing." against spine `ORIGIN: tax_revolt` reads [worldStressor.originContext.variant]
       maps to no field — the clause names no field the spine declares it reads, under the vocabulary the census supplies
       a word-level synonym table ships and was applied
     words per face: 22 · 22 · 24 (sentence form)
     sibling distance: #1 1 faces, 0 synonym swap(s) · #2 1 faces, 0 synonym swap(s) · #3 1 faces, 0 synonym swap(s)
     sibling SPREAD #1: NOT-EXECUTABLE: a distance needs two faces and this variant carries 1
     sibling SPREAD #2: NOT-EXECUTABLE: a distance needs two faces and this variant carries 1
     sibling SPREAD #3: NOT-EXECUTABLE: a distance needs two faces and this variant carries 1
     band position FACE grain (8 word-level metrics): mean distance from the exemplar median 0.259 band-widths · budget ok on 3/3 · depth ok on 3/3 · perfection-suspect 3 · distinct tuples 1 of 3 face(s)
     band position CORPUS grain (13 text-level metrics over 68 word(s)): exceeded 8/13 · share 0.615 · mean 0.471 · deepest closers.abstractNounRate 0.501 over
     provenance: 0 citation(s) · A13 rows 0

  ── DS-STR-2 :: ORIGIN: temple_putsch   [WITHHELD]  inBand YES
     variants 3 · faces 1/1/1 · attach 0 · units 3 · rate ABSENT · departure ABSENT
     rounds: draft 0 · refine-A no · refine-B no
     walk: FAIL 0 · WITHHELD 2 · PASS 1 · findings 4
     unit: FAIL 0 · WITHHELD 2 · PASS 1   ·   owned: FAIL 0 · WITHHELD 0 · PASS 3 (0 owned finding(s), 4 inherited)
     inherited (the SPINE's own, never counted against this pool): Q · a second sentence naming no second field · spine `ORIGIN: temple_putsch` · "Obedience to unworthy rulers is suddenly a live question." x 1
     inherited (the SPINE's own, never counted against this pool): Q · a second sentence naming no second field · spine `ORIGIN: temple_putsch` · "It is being asked from a pulpit." x 1
     inherited (the SPINE's own, never counted against this pool): Q · a second sentence naming no second field · spine `ORIGIN: temple_putsch` · "Sanctuary has been promised to anyone who acts according to conscience." x 1
     inherited (the SPINE's own, never counted against this pool): Q · a second sentence naming no second field · spine `ORIGIN: temple_putsch` · "Conscience has been defined helpfully." x 1
     arm Q vocabulary REPORT (no arm changed): "Obedience to unworthy rulers is suddenly a live question." against spine `ORIGIN: temple_putsch` reads [worldStressor.originContext.variant]
       maps to no field — the clause names no field the spine declares it reads, under the vocabulary the census supplies
       a word-level synonym table ships and was applied
     arm Q vocabulary REPORT (no arm changed): "It is being asked from a pulpit." against spine `ORIGIN: temple_putsch` reads [worldStressor.originContext.variant]
       maps to no field — the clause names no field the spine declares it reads, under the vocabulary the census supplies
       a word-level synonym table ships and was applied
     arm Q vocabulary REPORT (no arm changed): "Sanctuary has been promised to anyone who acts according to conscience." against spine `ORIGIN: temple_putsch` reads [worldStressor.originContext.variant]
       maps to no field — the clause names no field the spine declares it reads, under the vocabulary the census supplies
       a word-level synonym table ships and was applied
     arm Q vocabulary REPORT (no arm changed): "Conscience has been defined helpfully." against spine `ORIGIN: temple_putsch` reads [worldStressor.originContext.variant]
       maps to no field — the clause names no field the spine declares it reads, under the vocabulary the census supplies
       a word-level synonym table ships and was applied
     words per face: 20 · 25 · 12 (sentence form)
     sibling distance: #1 1 faces, 0 synonym swap(s) · #2 1 faces, 0 synonym swap(s) · #3 1 faces, 0 synonym swap(s)
     sibling SPREAD #1: NOT-EXECUTABLE: a distance needs two faces and this variant carries 1
     sibling SPREAD #2: NOT-EXECUTABLE: a distance needs two faces and this variant carries 1
     sibling SPREAD #3: NOT-EXECUTABLE: a distance needs two faces and this variant carries 1
     band position FACE grain (8 word-level metrics): mean distance from the exemplar median 0.259 band-widths · budget ok on 3/3 · depth ok on 3/3 · perfection-suspect 3 · distinct tuples 1 of 3 face(s)
     band position CORPUS grain (13 text-level metrics over 57 word(s)): exceeded 12/13 · share 0.923 · mean 0.957 · deepest shapes.doubledAdjectiveRate 1.749 over
     provenance: 0 citation(s) · A13 rows 0

  ── DS-STR-2 :: ORIGIN: unattributed   [WITHHELD]  inBand YES
     variants 3 · faces 1/1/1 · attach 0 · units 3 · rate ABSENT · departure ABSENT
     rounds: draft 0 · refine-A no · refine-B no
     walk: FAIL 0 · WITHHELD 3 · PASS 0 · findings 3
     unit: FAIL 0 · WITHHELD 3 · PASS 0   ·   owned: FAIL 0 · WITHHELD 0 · PASS 3 (0 owned finding(s), 3 inherited)
     inherited (the SPINE's own, never counted against this pool): Q · a second sentence naming no second field · spine `ORIGIN: unattributed` · "The town knows it is under pressure and does not know from whom." x 1
     inherited (the SPINE's own, never counted against this pool): Q · a second sentence naming no second field · spine `ORIGIN: unattributed` · "They knew precisely where the walls are weakest." x 1
     inherited (the SPINE's own, never counted against this pool): Q · a second sentence naming no second field · spine `ORIGIN: unattributed` · "Scouts could put a name to it." x 1
     arm Q vocabulary REPORT (no arm changed): "The town knows it is under pressure and does not know from whom." against spine `ORIGIN: unattributed` reads [worldStressor.originContext.variant]
       maps to no field — the clause names no field the spine declares it reads, under the vocabulary the census supplies
       a word-level synonym table ships and was applied
     arm Q vocabulary REPORT (no arm changed): "They knew precisely where the walls are weakest." against spine `ORIGIN: unattributed` reads [worldStressor.originContext.variant]
       maps to no field — the clause names no field the spine declares it reads, under the vocabulary the census supplies
       a word-level synonym table ships and was applied
     arm Q vocabulary REPORT (no arm changed): "Scouts could put a name to it." against spine `ORIGIN: unattributed` reads [worldStressor.originContext.variant]
       maps to no field — the clause names no field the spine declares it reads, under the vocabulary the census supplies
       a word-level synonym table ships and was applied
     words per face: 18 · 18 · 23 (sentence form)
     sibling distance: #1 1 faces, 0 synonym swap(s) · #2 1 faces, 0 synonym swap(s) · #3 1 faces, 0 synonym swap(s)
     sibling SPREAD #1: NOT-EXECUTABLE: a distance needs two faces and this variant carries 1
     sibling SPREAD #2: NOT-EXECUTABLE: a distance needs two faces and this variant carries 1
     sibling SPREAD #3: NOT-EXECUTABLE: a distance needs two faces and this variant carries 1
     band position FACE grain (8 word-level metrics): mean distance from the exemplar median 0.259 band-widths · budget ok on 3/3 · depth ok on 3/3 · perfection-suspect 3 · distinct tuples 1 of 3 face(s)
     band position CORPUS grain (13 text-level metrics over 59 word(s)): exceeded 12/13 · share 0.923 · mean 0.49 · deepest closers.pronounRate 0.398 over
     provenance: 0 citation(s) · A13 rows 0

  ── DS-STR-2 :: SYNERGY: coup_detat × succession_void   [WITHHELD]  inBand YES
     variants 3 · faces 1/1/1 · attach 0 · units 3 · rate ABSENT · departure ABSENT
     rounds: draft 0 · refine-A no · refine-B no
     walk: FAIL 0 · WITHHELD 3 · PASS 0 · findings 3
     unit: FAIL 0 · WITHHELD 3 · PASS 0   ·   owned: FAIL 0 · WITHHELD 0 · PASS 3 (0 owned finding(s), 3 inherited)
     inherited (the SPINE's own, never counted against this pool): Q · a second sentence naming no second field · spine `SYNERGY: coup_detat × succession_void` · "The vacancy did not cause the conspiracy, but it removed every reason not to have one." x 1
     inherited (the SPINE's own, never counted against this pool): Q · a second sentence naming no second field · spine `SYNERGY: coup_detat × succession_void` · "The void is doing the plotting's recruiting for it." x 1
     inherited (the SPINE's own, never counted against this pool): Q · a second sentence naming no second field · spine `SYNERGY: coup_detat × succession_void` · "A settled claim would have ended it without a fight." x 1
     arm Q vocabulary REPORT (no arm changed): "The vacancy did not cause the conspiracy, but it removed every reason not to have one." against spine `SYNERGY: coup_detat × succession_void` reads [none recovered]
       NOT-EXECUTABLE: the wiring census recovered no reading for this pool, so there is no declared field set to reconcile the text against
       a word-level synonym table ships and was applied
     arm Q vocabulary REPORT (no arm changed): "The void is doing the plotting's recruiting for it." against spine `SYNERGY: coup_detat × succession_void` reads [none recovered]
       NOT-EXECUTABLE: the wiring census recovered no reading for this pool, so there is no declared field set to reconcile the text against
       a word-level synonym table ships and was applied
     arm Q vocabulary REPORT (no arm changed): "A settled claim would have ended it without a fight." against spine `SYNERGY: coup_detat × succession_void` reads [none recovered]
       NOT-EXECUTABLE: the wiring census recovered no reading for this pool, so there is no declared field set to reconcile the text against
       a word-level synonym table ships and was applied
     words per face: 22 · 24 · 17 (sentence form)
     sibling distance: #1 1 faces, 0 synonym swap(s) · #2 1 faces, 0 synonym swap(s) · #3 1 faces, 0 synonym swap(s)
     sibling SPREAD #1: NOT-EXECUTABLE: a distance needs two faces and this variant carries 1
     sibling SPREAD #2: NOT-EXECUTABLE: a distance needs two faces and this variant carries 1
     sibling SPREAD #3: NOT-EXECUTABLE: a distance needs two faces and this variant carries 1
     band position FACE grain (8 word-level metrics): mean distance from the exemplar median 0.259 band-widths · budget ok on 3/3 · depth ok on 3/3 · perfection-suspect 3 · distinct tuples 1 of 3 face(s)
     band position CORPUS grain (13 text-level metrics over 63 word(s)): exceeded 12/13 · share 0.923 · mean 1.25 · deepest shapes.thereIsOpenerRate 4.261 over
     provenance: 0 citation(s) · A13 rows 0

  ── DS-STR-2 :: SYNERGY: famine × disease_outbreak   [WITHHELD]  inBand YES
     variants 3 · faces 1/1/1 · attach 0 · units 3 · rate ABSENT · departure ABSENT
     rounds: draft 0 · refine-A no · refine-B no
     walk: FAIL 0 · WITHHELD 3 · PASS 0 · findings 4
     unit: FAIL 0 · WITHHELD 3 · PASS 0   ·   owned: FAIL 0 · WITHHELD 0 · PASS 3 (0 owned finding(s), 4 inherited)
     inherited (the SPINE's own, never counted against this pool): Q · a second sentence naming no second field · spine `SYNERGY: famine × disease_outbreak` · "The ill cannot work the fields." x 1
     inherited (the SPINE's own, never counted against this pool): Q · a second sentence naming no second field · spine `SYNERGY: famine × disease_outbreak` · "The fields are why they are ill." x 1
     inherited (the SPINE's own, never counted against this pool): Q · a second sentence naming no second field · spine `SYNERGY: famine × disease_outbreak` · "What the sickness takes from the harvest, the shortfall returns to the sickbeds." x 1
     inherited (the SPINE's own, never counted against this pool): Q · a second sentence naming no second field · spine `SYNERGY: famine × disease_outbreak` · "Neither shortage lifts before the other." x 1
     arm Q vocabulary REPORT (no arm changed): "The ill cannot work the fields." against spine `SYNERGY: famine × disease_outbreak` reads [none recovered]
       NOT-EXECUTABLE: the wiring census recovered no reading for this pool, so there is no declared field set to reconcile the text against
       a word-level synonym table ships and was applied
     arm Q vocabulary REPORT (no arm changed): "The fields are why they are ill." against spine `SYNERGY: famine × disease_outbreak` reads [none recovered]
       NOT-EXECUTABLE: the wiring census recovered no reading for this pool, so there is no declared field set to reconcile the text against
       a word-level synonym table ships and was applied
     arm Q vocabulary REPORT (no arm changed): "What the sickness takes from the harvest, the shortfall returns to the sickbeds." against spine `SYNERGY: famine × disease_outbreak` reads [none recovered]
       NOT-EXECUTABLE: the wiring census recovered no reading for this pool, so there is no declared field set to reconcile the text against
       a word-level synonym table ships and was applied
     arm Q vocabulary REPORT (no arm changed): "Neither shortage lifts before the other." against spine `SYNERGY: famine × disease_outbreak` reads [none recovered]
       NOT-EXECUTABLE: the wiring census recovered no reading for this pool, so there is no declared field set to reconcile the text against
       a word-level synonym table ships and was applied
     words per face: 19 · 19 · 19 (sentence form)
     sibling distance: #1 1 faces, 0 synonym swap(s) · #2 1 faces, 0 synonym swap(s) · #3 1 faces, 0 synonym swap(s)
     sibling SPREAD #1: NOT-EXECUTABLE: a distance needs two faces and this variant carries 1
     sibling SPREAD #2: NOT-EXECUTABLE: a distance needs two faces and this variant carries 1
     sibling SPREAD #3: NOT-EXECUTABLE: a distance needs two faces and this variant carries 1
     band position FACE grain (8 word-level metrics): mean distance from the exemplar median 0.259 band-widths · budget ok on 3/3 · depth ok on 3/3 · perfection-suspect 3 · distinct tuples 1 of 3 face(s)
     band position CORPUS grain (13 text-level metrics over 57 word(s)): exceeded 12/13 · share 0.923 · mean 0.95 · deepest closers.pronounRate 2.586 over
     provenance: 0 citation(s) · A13 rows 0

  ── DS-STR-2 :: SYNERGY: famine × siege   [WITHHELD]  inBand YES
     variants 3 · faces 1/1/1 · attach 0 · units 3 · rate ABSENT · departure ABSENT
     rounds: draft 0 · refine-A no · refine-B no
     walk: FAIL 0 · WITHHELD 3 · PASS 0 · findings 6
     unit: FAIL 0 · WITHHELD 3 · PASS 0   ·   owned: FAIL 0 · WITHHELD 0 · PASS 3 (0 owned finding(s), 6 inherited)
     inherited (the SPINE's own, never counted against this pool): Q · a second sentence naming no second field · spine `SYNERGY: famine × siege` · "Relief exists." x 1
     inherited (the SPINE's own, never counted against this pool): Q · a second sentence naming no second field · spine `SYNERGY: famine × siege` · "It is simply on the wrong side of the walls." x 1
     inherited (the SPINE's own, never counted against this pool): A3 · the band half is the refuter's · spine `SYNERGY: famine × siege` · "and not before." x 1
     inherited (the SPINE's own, never counted against this pool): Q · a second sentence naming no second field · spine `SYNERGY: famine × siege` · "The shortage ends when the siege does, and not before." x 1
     inherited (the SPINE's own, never counted against this pool): Q · a second sentence naming no second field · spine `SYNERGY: famine × siege` · "It is a blockade." x 1
     inherited (the SPINE's own, never counted against this pool): Q · a second sentence naming no second field · spine `SYNERGY: famine × siege` · "It keeps exactly as long as the blockade keeps." x 1
     arm Q vocabulary REPORT (no arm changed): "Relief exists." against spine `SYNERGY: famine × siege` reads [none recovered]
       NOT-EXECUTABLE: the wiring census recovered no reading for this pool, so there is no declared field set to reconcile the text against
       a word-level synonym table ships and was applied
     arm Q vocabulary REPORT (no arm changed): "It is simply on the wrong side of the walls." against spine `SYNERGY: famine × siege` reads [none recovered]
       NOT-EXECUTABLE: the wiring census recovered no reading for this pool, so there is no declared field set to reconcile the text against
       a word-level synonym table ships and was applied
     arm Q vocabulary REPORT (no arm changed): "The shortage ends when the siege does, and not before." against spine `SYNERGY: famine × siege` reads [none recovered]
       NOT-EXECUTABLE: the wiring census recovered no reading for this pool, so there is no declared field set to reconcile the text against
       a word-level synonym table ships and was applied
     arm Q vocabulary REPORT (no arm changed): "It is a blockade." against spine `SYNERGY: famine × siege` reads [none recovered]
       NOT-EXECUTABLE: the wiring census recovered no reading for this pool, so there is no declared field set to reconcile the text against
       a word-level synonym table ships and was applied
     arm Q vocabulary REPORT (no arm changed): "It keeps exactly as long as the blockade keeps." against spine `SYNERGY: famine × siege` reads [none recovered]
       NOT-EXECUTABLE: the wiring census recovered no reading for this pool, so there is no declared field set to reconcile the text against
       a word-level synonym table ships and was applied
     words per face: 20 · 27 · 21 (sentence form)
     sibling distance: #1 1 faces, 0 synonym swap(s) · #2 1 faces, 0 synonym swap(s) · #3 1 faces, 0 synonym swap(s)
     sibling SPREAD #1: NOT-EXECUTABLE: a distance needs two faces and this variant carries 1
     sibling SPREAD #2: NOT-EXECUTABLE: a distance needs two faces and this variant carries 1
     sibling SPREAD #3: NOT-EXECUTABLE: a distance needs two faces and this variant carries 1
     band position FACE grain (8 word-level metrics): mean distance from the exemplar median 0.259 band-widths · budget ok on 3/3 · depth ok on 3/3 · perfection-suspect 3 · distinct tuples 1 of 3 face(s)
     band position CORPUS grain (13 text-level metrics over 68 word(s)): exceeded 8/13 · share 0.615 · mean 0.85 · deepest shapes.thereIsOpenerRate 5.915 over
     provenance: 0 citation(s) · A13 rows 0

  ── DS-STR-2 :: SYNERGY: market_shock × indebtedness   [WITHHELD]  inBand YES
     variants 3 · faces 1/1/1 · attach 0 · units 3 · rate ABSENT · departure ABSENT
     rounds: draft 0 · refine-A no · refine-B no
     walk: FAIL 0 · WITHHELD 3 · PASS 0 · findings 4
     unit: FAIL 0 · WITHHELD 3 · PASS 0   ·   owned: FAIL 0 · WITHHELD 0 · PASS 3 (0 owned finding(s), 4 inherited)
     inherited (the SPINE's own, never counted against this pool): Q · a second sentence naming no second field · spine `SYNERGY: market_shock × indebtedness` · "Creditors are calling in what they are owed precisely because they doubt it is collectable." x 1
     inherited (the SPINE's own, never counted against this pool): Q · a second sentence naming no second field · spine `SYNERGY: market_shock × indebtedness` · "Each week the obligation grows against the means." x 1
     inherited (the SPINE's own, never counted against this pool): Q · a second sentence naming no second field · spine `SYNERGY: market_shock × indebtedness` · "The debts are making the panic worse." x 1
     inherited (the SPINE's own, never counted against this pool): Q · a second sentence naming no second field · spine `SYNERGY: market_shock × indebtedness` · "Neither settles in isolation." x 1
     arm Q vocabulary REPORT (no arm changed): "Creditors are calling in what they are owed precisely because they doubt it is collectable." against spine `SYNERGY: market_shock × indebtedness` reads [none recovered]
       NOT-EXECUTABLE: the wiring census recovered no reading for this pool, so there is no declared field set to reconcile the text against
       a word-level synonym table ships and was applied
     arm Q vocabulary REPORT (no arm changed): "Each week the obligation grows against the means." against spine `SYNERGY: market_shock × indebtedness` reads [none recovered]
       NOT-EXECUTABLE: the wiring census recovered no reading for this pool, so there is no declared field set to reconcile the text against
       a word-level synonym table ships and was applied
     arm Q vocabulary REPORT (no arm changed): "The debts are making the panic worse." against spine `SYNERGY: market_shock × indebtedness` reads [none recovered]
       NOT-EXECUTABLE: the wiring census recovered no reading for this pool, so there is no declared field set to reconcile the text against
       a word-level synonym table ships and was applied
     arm Q vocabulary REPORT (no arm changed): "Neither settles in isolation." against spine `SYNERGY: market_shock × indebtedness` reads [none recovered]
       NOT-EXECUTABLE: the wiring census recovered no reading for this pool, so there is no declared field set to reconcile the text against
       a word-level synonym table ships and was applied
     words per face: 24 · 19 · 17 (sentence form)
     sibling distance: #1 1 faces, 0 synonym swap(s) · #2 1 faces, 0 synonym swap(s) · #3 1 faces, 0 synonym swap(s)
     sibling SPREAD #1: NOT-EXECUTABLE: a distance needs two faces and this variant carries 1
     sibling SPREAD #2: NOT-EXECUTABLE: a distance needs two faces and this variant carries 1
     sibling SPREAD #3: NOT-EXECUTABLE: a distance needs two faces and this variant carries 1
     band position FACE grain (8 word-level metrics): mean distance from the exemplar median 0.259 band-widths · budget ok on 3/3 · depth ok on 3/3 · perfection-suspect 3 · distinct tuples 1 of 3 face(s)
     band position CORPUS grain (13 text-level metrics over 60 word(s)): exceeded 10/13 · share 0.769 · mean 0.569 · deepest wordsPerSentence.shareUnder8 0.548 over
     provenance: 0 citation(s) · A13 rows 0

  ── DS-STR-2 :: SYNERGY: mass_migration × disease_outbreak   [WITHHELD]  inBand YES
     variants 3 · faces 1/1/1 · attach 0 · units 3 · rate ABSENT · departure ABSENT
     rounds: draft 0 · refine-A no · refine-B no
     walk: FAIL 0 · WITHHELD 2 · PASS 1 · findings 2
     unit: FAIL 0 · WITHHELD 2 · PASS 1   ·   owned: FAIL 0 · WITHHELD 0 · PASS 3 (0 owned finding(s), 2 inherited)
     inherited (the SPINE's own, never counted against this pool): Q · a second sentence naming no second field · spine `SYNERGY: mass_migration × disease_outbreak` · "People packed close enough to shelter each other are packed close enough to infect each other." x 1
     inherited (the SPINE's own, never counted against this pool): Q · a second sentence naming no second field · spine `SYNERGY: mass_migration × disease_outbreak` · "The illness is taking the difference." x 1
     arm Q vocabulary REPORT (no arm changed): "People packed close enough to shelter each other are packed close enough to infect each other." against spine `SYNERGY: mass_migration × disease_outbreak` reads [none recovered]
       NOT-EXECUTABLE: the wiring census recovered no reading for this pool, so there is no declared field set to reconcile the text against
       a word-level synonym table ships and was applied
     arm Q vocabulary REPORT (no arm changed): "The illness is taking the difference." against spine `SYNERGY: mass_migration × disease_outbreak` reads [none recovered]
       NOT-EXECUTABLE: the wiring census recovered no reading for this pool, so there is no declared field set to reconcile the text against
       a word-level synonym table ships and was applied
     words per face: 24 · 17 · 16 (sentence form)
     sibling distance: #1 1 faces, 0 synonym swap(s) · #2 1 faces, 0 synonym swap(s) · #3 1 faces, 0 synonym swap(s)
     sibling SPREAD #1: NOT-EXECUTABLE: a distance needs two faces and this variant carries 1
     sibling SPREAD #2: NOT-EXECUTABLE: a distance needs two faces and this variant carries 1
     sibling SPREAD #3: NOT-EXECUTABLE: a distance needs two faces and this variant carries 1
     band position FACE grain (8 word-level metrics): mean distance from the exemplar median 0.259 band-widths · budget ok on 3/3 · depth ok on 3/3 · perfection-suspect 3 · distinct tuples 1 of 3 face(s)
     band position CORPUS grain (13 text-level metrics over 57 word(s)): exceeded 11/13 · share 0.846 · mean 0.798 · deepest closers.abstractNounRate 2.769 over
     provenance: 0 citation(s) · A13 rows 0

  ── DS-STR-2 :: SYNERGY: occupation × insurgency   [WITHHELD]  inBand YES
     variants 3 · faces 1/1/1 · attach 0 · units 3 · rate ABSENT · departure ABSENT
     rounds: draft 0 · refine-A no · refine-B no
     walk: FAIL 0 · WITHHELD 3 · PASS 0 · findings 4
     unit: FAIL 0 · WITHHELD 3 · PASS 0   ·   owned: FAIL 0 · WITHHELD 0 · PASS 3 (0 owned finding(s), 4 inherited)
     inherited (the SPINE's own, never counted against this pool): Q · a second sentence naming no second field · spine `SYNERGY: occupation × insurgency` · "Occupation and revolt feed each other here." x 1
     inherited (the SPINE's own, never counted against this pool): Q · a second sentence naming no second field · spine `SYNERGY: occupation × insurgency` · "The arrangement costs the occupier more each season." x 1
     inherited (the SPINE's own, never counted against this pool): Q · a second sentence naming no second field · spine `SYNERGY: occupation × insurgency` · "The holding is expensive in a way that is shortening it." x 1
     inherited (the SPINE's own, never counted against this pool): Q · a second sentence naming no second field · spine `SYNERGY: occupation × insurgency` · "It is an ugly equilibrium, and an expensive one for whoever is paying to hold it." x 1
     arm Q vocabulary REPORT (no arm changed): "Occupation and revolt feed each other here." against spine `SYNERGY: occupation × insurgency` reads [none recovered]
       NOT-EXECUTABLE: the wiring census recovered no reading for this pool, so there is no declared field set to reconcile the text against
       a word-level synonym table ships and was applied
     arm Q vocabulary REPORT (no arm changed): "The arrangement costs the occupier more each season." against spine `SYNERGY: occupation × insurgency` reads [none recovered]
       NOT-EXECUTABLE: the wiring census recovered no reading for this pool, so there is no declared field set to reconcile the text against
       a word-level synonym table ships and was applied
     arm Q vocabulary REPORT (no arm changed): "The holding is expensive in a way that is shortening it." against spine `SYNERGY: occupation × insurgency` reads [none recovered]
       NOT-EXECUTABLE: the wiring census recovered no reading for this pool, so there is no declared field set to reconcile the text against
       a word-level synonym table ships and was applied
     arm Q vocabulary REPORT (no arm changed): "It is an ugly equilibrium, and an expensive one for whoever is paying to hold it." against spine `SYNERGY: occupation × insurgency` reads [none recovered]
       NOT-EXECUTABLE: the wiring census recovered no reading for this pool, so there is no declared field set to reconcile the text against
       a word-level synonym table ships and was applied
     words per face: 21 · 18 · 28 (sentence form)
     sibling distance: #1 1 faces, 0 synonym swap(s) · #2 1 faces, 0 synonym swap(s) · #3 1 faces, 0 synonym swap(s)
     sibling SPREAD #1: NOT-EXECUTABLE: a distance needs two faces and this variant carries 1
     sibling SPREAD #2: NOT-EXECUTABLE: a distance needs two faces and this variant carries 1
     sibling SPREAD #3: NOT-EXECUTABLE: a distance needs two faces and this variant carries 1
     band position FACE grain (8 word-level metrics): mean distance from the exemplar median 0.259 band-widths · budget ok on 3/3 · depth ok on 3/3 · perfection-suspect 3 · distinct tuples 1 of 3 face(s)
     band position CORPUS grain (13 text-level metrics over 67 word(s)): exceeded 10/13 · share 0.769 · mean 1.177 · deepest closers.pronounRate 4.502 over
     provenance: 0 citation(s) · A13 rows 0

  WALK: 246 unit(s) · N 246 (EXHAUSTIVE) · 165 microseconds per unit · sha 89684e6773c017ab
        the whole population is walked, so every arm rate is exact and no interval applies
        sample verdicts: FAIL 2 · WITHHELD 201 · PASS 43
  MANIFEST: NOT-EXECUTABLE — no --base cells table was supplied, so no cell can be classified
  VARIETY: NOT-EXECUTABLE — the VARIETY run was not asked for (--variety 0)
  TIES: 0 multi-candidate rung(s) · 0 of 0 pair(s) tie · 0 bp — NOT-EXECUTABLE: no rung of the taste carries two candidates that can fire together
  EXEMPLAR CITATION RATE: NOT-EXECUTABLE — NOT-EXECUTABLE: no raw exemplar prose under /private/tmp/claude-502/-Users-cstokes-Desktop-settlement-engine/4e3d2f70-f45f-4e14-b571-514c339cfa17/scratchpad/kit/prose-research/primary/raw, so no rate can be read

  FIXTURE · DS-GEN-11 :: viable: true: the arithmetic closes · the interested fact rendered BOTH WAYS (SITTING §T.4, agenda C‴)
     the DM sentence below is the GATE'S OWN ILLUSTRATION, built from the holder
     census and never projected: what the sitting is shown is the ARRANGEMENT.
     ── captured (rate-9-2) · treasury · holder Town hall · standing INTERESTED
        1 PLAYER, as compiled     "The town works, and works for the reasons a town of this kind usually works."
        2 DM, INLINE replacement  "The treasury that keeps this is the Town hall, and the Town hall stands to gain by what it says."   [passages differ: YES]
        3 DM, PEN LINE beside     "The town works, and works for the reasons a town of this kind usually works."
          + pen                   "The treasury that keeps this is the Town hall, and the Town hall stands to gain by what it says."
        4 the compiled passage is identical on both audiences: YES
     ── clean (rate-3-0) · treasury · holder Weekly market · standing LICENSED
        1 PLAYER, as compiled     "The town works, and works for the reasons a town of this kind usually works."
        2 DM, INLINE replacement  "The town works, and works for the reasons a town of this kind usually works."   [passages differ: no]
        3 DM, PEN LINE beside     "The town works, and works for the reasons a town of this kind usually works."
          + pen                   (none: this holder is not interested here)
        4 the compiled passage is identical on both audiences: YES
     PAIRED-TOWN ARM over the fixture: HOLDS
  SHAPES: NOT-EXECUTABLE — the shape report was not asked for (no --shapes)
  BANKED: 0 set(s) — none
          Part B §21.2: a set that cannot be made lawful is banked as a refusal row with its faces, never trimmed, and this count only ever falls
  0 s
  wrote /private/tmp/claude-502/-Users-cstokes-Desktop-settlement-engine/4e3d2f70-f45f-4e14-b571-514c339cfa17/scratchpad/kit/eco-cut/wave-stressors-cutB.json
