id,num,stem,category,tier,era,stars,star_src,paper_hex,paper_L,ink_hex,ink_L,L1,L10,L50,L90,L99,L_range_1_99,value_range_pal8,chroma,paper_grain_sigma,wash_within_sigma,wash_within_sigma_p90,fill_tone_iqr,wash_n,paper_grain_n,stroke_p25,stroke_p50,stroke_p75,stroke_p90,stroke_p99,stroke_ratio_p90_p25,built_share_frame,dense_share_in_core,open_share_in_core,center_edge_ratio,blue_excess_gt18,green_excess,chroma_prevarm,pr_ink_L,pr_wash_within_sigma,pr_paper_grain_sigma,pr_fill_tone_iqr,pr_stroke_ratio_p90_p25,register_index,paper_warmth_RmB,ink_warmth_RmB
hf3,3,hf3-village-organic,village,village,HF-1,1,atlas,#F9ECD9,238.0,#3D342C,53.9,84.0,150.7,201.0,231.3,237.6,153.6,91,41.5,2.25,3.19,4.37,9.8,1724,6729,4.0,6.0,9.0,13.0,31.0,3.25,0.333,0.564,0.052,2.97,0.0,0.336,41.5,0.2667731629392971,0.7339743589743589,0.9057239057239057,0.21314102564102563,0.18210862619808307,46.0,32,17
hf4,4,hf4-planned-city,city,city,HF-1,0,atlas,#FAEBD5,236.8,#2D241E,37.8,67.2,120.1,181.6,228.0,236.4,169.2,104,52.3,,1.97,3.36,37.7,6594,0,4.0,5.0,8.0,12.0,33.0,3.0,0.627,0.819,0.014,1.61,0.0,0.283,52.1,0.6070287539936102,0.27724358974358976,,0.8669871794871795,0.10223642172523961,46.3,37,15
hf5,5,hf5-night-pigment,lens,town,HF-1,0,atlas,#F3E1C9,227.5,#000000,0.0,0.0,29.5,63.1,215.4,227.2,227.2,185,18.0,2.25,2.92,4.4,20.8,3635,1507,4.0,7.0,12.0,23.0,66.0,5.75,0.493,0.846,0.014,3.06,0.175,0.0,17.9,0.9952076677316294,0.5977564102564102,0.9057239057239057,0.6378205128205128,0.8865814696485623,80.5,42,0
hf10,10,hf10-thorp-plains,thorp,thorp,HF-1,0,atlas,#F8EBDB,237.2,#4F3E34,66.0,115.4,173.5,207.2,233.6,237.1,121.7,71,39.7,2.08,3.17,4.29,22.3,6102,4191,3.0,5.0,7.0,12.0,30.0,4.0,0.078,0.084,0.471,0.87,0.0,0.377,39.8,0.09584664536741216,0.719551282051282,0.8417508417508418,0.6634615384615384,0.5143769968051118,56.7,29,27
hf11,11,hf11-hamlet-forest,hamlet,hamlet,HF-1,0,atlas,#F1DEC4,224.5,#13100D,16.6,29.8,68.6,126.8,214.1,224.1,194.3,142,35.1,2.33,4.0,5.32,4.0,114,2291,4.0,8.0,11.0,18.0,44.0,4.5,0.633,0.681,0.0,,0.0,0.631,34.8,0.9105431309904153,0.9631410256410257,0.9259259259259259,0.03365384615384615,0.6725239616613419,70.1,45,6
hf12,12,hf12-thorp-coastal,thorp,thorp,HF-1,0,atlas,#F6E0C6,227.6,#37251D,41.7,58.4,109.8,169.5,205.3,227.3,168.9,104,46.6,2.63,4.42,5.39,14.8,975,2151,4.0,6.0,10.0,16.0,40.0,4.0,0.41,0.475,0.007,,0.0,0.503,46.3,0.5383386581469649,0.9887820512820513,0.9629629629629629,0.4326923076923077,0.5143769968051118,68.7,48,26
hf13,13,hf13-village-fishing,village,village,HF-1,0,atlas,#FAE9D0,235.2,#2C1C16,32.2,47.4,98.9,166.0,228.1,235.0,187.6,122,46.3,1.65,3.4,4.54,6.1,216,2728,5.0,8.0,11.0,18.0,39.0,3.6,0.494,0.632,0.046,4.64,0.0,0.229,45.8,0.7076677316293929,0.8413461538461539,0.5875420875420876,0.09455128205128205,0.31629392971246006,50.9,42,22
hf14,14,hf14-village-mining,village,village,HF-1,0,atlas,#F4E5D5,231.7,#27100F,23.0,45.5,123.2,202.6,224.0,231.4,185.9,108,37.6,3.2,3.75,5.11,28.6,406,4963,3.0,5.0,8.0,15.0,43.0,5.0,0.704,0.771,0.009,,0.0,0.033,37.5,0.8434504792332268,0.9134615384615384,0.9949494949494949,0.782051282051282,0.7827476038338658,86.3,31,24
hf15,15,hf15-village-arid,village,village,HF-1,0,atlas,#F9EDDD,238.8,#43241B,44.3,65.2,137.1,207.5,233.7,238.6,173.4,105,50.2,,2.96,4.37,24.6,6739,0,4.0,6.0,11.0,17.0,42.0,4.25,0.44,0.574,0.061,5.14,0.0,0.283,50.1,0.48881789137380194,0.6169871794871795,,0.7067307692307693,0.6054313099041534,60.4,28,40
hf16,16,hf16-village-cold,village,village,HF-1,0,atlas,#F9E8D3,234.8,#12110E,17.3,30.3,79.0,220.1,230.5,234.7,204.4,162,39.4,2.42,3.96,5.15,65.3,1161,7971,4.0,7.0,12.0,23.0,66.0,5.75,0.379,0.495,0.267,2.5,0.004,0.098,39.2,0.8961661341853036,0.9583333333333334,0.9393939393939394,0.9535256410256411,0.8865814696485623,92.7,38,4
hf17,17,hf17-village-wealthy,village,village,HF-1,0,atlas,#F9E9D6,235.7,#2E231C,37.5,53.7,109.6,199.0,230.4,235.5,181.8,126,48.3,2.37,2.78,3.88,11.2,2461,4765,3.0,5.0,8.0,14.0,51.0,4.67,0.482,0.749,0.096,5.32,0.0,0.038,48.2,0.6182108626198083,0.5368589743589743,0.930976430976431,0.26121794871794873,0.7252396166134185,61.5,35,18
hf20,20,hf20-town-trade,town,town,HF-1,0,atlas,#F9ECDD,238.3,#482C21,51.4,68.1,120.1,202.2,233.6,238.1,170.0,107,46.4,2.46,4.41,5.52,19.9,543,6205,5.0,7.0,11.0,17.0,40.0,3.4,0.5,0.593,0.041,,0.0,0.143,46.4,0.3338658146964856,0.9855769230769231,0.9545454545454546,0.6057692307692307,0.2380191693290735,62.4,28,39
hf21,21,hf21-town-temple,town,town,HF-1,0,atlas,#F7E9D6,235.1,#2A110C,24.0,60.4,126.0,210.8,230.4,234.9,174.5,105,47.7,2.29,3.64,4.93,17.9,1613,5687,6.0,8.0,11.0,18.0,38.0,3.0,0.473,0.579,0.076,3.53,0.0,0.0,47.7,0.8274760383386581,0.8958333333333334,0.9141414141414141,0.5400641025641025,0.10223642172523961,65.6,33,30
hf22,22,hf22-town-castle,town,town,HF-1,0,atlas,#F7E5CE,231.8,#251A15,28.6,54.4,131.0,204.9,226.4,231.5,177.1,105,51.7,2.71,4.02,5.19,10.2,1155,4965,3.0,5.0,9.0,15.0,34.0,5.0,0.616,0.665,0.022,,0.0,0.0,51.6,0.7683706070287539,0.9663461538461539,0.9781144781144782,0.22916666666666666,0.7827476038338658,74.5,41,16
hf23,23,hf23-town-struggling,town,town,HF-1,0,atlas,#F9ECDB,237.9,#2E241E,38.5,56.6,113.6,194.7,230.7,237.7,181.1,113,43.9,2.42,3.83,5.12,12.9,2122,3819,4.0,6.0,10.0,15.0,39.0,3.75,0.651,0.772,0.009,,0.0,0.017,43.8,0.5894568690095847,0.9262820512820513,0.9393939393939394,0.33974358974358976,0.42012779552715657,64.3,30,16
hf24,24,hf24-town-siege,town,town,HF-1,0,atlas,#F8E7D3,233.8,#684333,76.3,99.2,152.6,212.7,230.1,233.7,134.5,82,47.9,2.15,3.45,4.78,23.5,2568,6061,3.0,6.0,8.0,13.0,28.0,4.33,0.382,0.609,0.093,1.81,0.0,0.001,47.9,0.027156549520766737,0.8493589743589743,0.8703703703703703,0.6842948717948718,0.6357827476038339,61.3,37,53
hf25,25,hf25-town-plague,town,town,HF-1,0,atlas,#FAEAD2,235.7,#37211A,39.0,55.3,146.8,222.5,232.7,235.5,180.2,111,50.0,2.1,3.35,4.64,23.3,1824,7650,4.0,7.0,13.0,21.0,54.0,5.25,0.249,0.262,0.211,,0.0,0.0,50.0,0.5798722044728435,0.8044871794871795,0.8552188552188552,0.6810897435897436,0.8194888178913738,74.8,40,29
hf26,26,hf26-town-fire-rebuild,town,town,HF-1,1,atlas,#F3E1C7,227.3,#241D1A,30.8,48.5,96.3,177.6,218.8,226.9,178.4,131,53.1,2.87,4.24,5.52,28.7,2485,2816,3.0,5.0,9.0,16.0,55.0,5.33,0.486,0.586,0.006,,0.0,0.008,53.0,0.7412140575079873,0.9759615384615384,0.9814814814814815,0.7900641025641025,0.8402555910543131,86.6,44,10
hf27,27,hf27-town-unrest,town,town,HF-1,0,atlas,#FAEAD6,236.4,#130E0B,14.8,27.8,87.8,193.6,231.4,236.1,208.3,143,51.0,2.59,3.77,4.96,14.5,2835,3902,4.0,7.0,13.0,21.0,52.0,5.25,0.555,0.681,0.035,,0.0,0.125,50.7,0.9217252396166135,0.9198717948717948,0.9579124579124579,0.4150641025641026,0.8194888178913738,80.7,36,8
hf30,30,hf30-city-river,city,city,HF-1,1,atlas,#F2DBBE,222.9,#352018,37.0,47.1,85.1,167.7,206.5,222.5,175.4,112,57.4,3.41,4.37,5.34,18.2,525,3204,5.0,8.0,12.0,18.0,47.0,3.6,0.679,0.757,0.014,,0.0,0.171,57.3,0.6325878594249201,0.9823717948717948,0.9983164983164983,0.5464743589743589,0.31629392971246006,69.5,52,29
hf31,31,hf31-city-harbor,city,city,HF-1,0,atlas,#F8E6CC,232.1,#28221E,35.1,51.9,95.7,158.0,225.9,231.9,180.0,123,42.7,1.99,4.06,5.42,16.4,2678,3875,4.0,7.0,10.0,14.0,37.0,3.5,0.487,0.65,0.103,2.0,0.187,0.001,42.3,0.6725239616613419,0.969551282051282,0.797979797979798,0.4967948717948718,0.2715654952076677,64.2,44,10
hf32,32,hf32-city-growth-rings,city,city,HF-1,1,atlas,#FAEBD2,236.6,#533525,60.1,75.2,126.2,206.6,231.7,236.5,161.3,106,57.8,2.17,2.95,4.17,12.2,2558,4665,5.0,7.0,10.0,16.0,49.0,3.2,0.517,0.651,0.108,19.98,0.0,0.096,57.8,0.17891373801916932,0.6089743589743589,0.8787878787878788,0.30448717948717946,0.15175718849840256,42.5,40,46
hf33,33,hf33-city-chaos-warren,city,city,HF-1,0,atlas,#FAECDB,238.1,#381D15,36.3,46.7,91.8,206.4,235.0,237.9,191.2,131,44.4,1.81,2.54,3.96,17.7,2205,5247,7.0,9.0,13.0,25.0,51.0,3.57,0.597,0.735,0.11,,0.0,0.015,44.0,0.659744408945687,0.45032051282051283,0.7003367003367004,0.5352564102564102,0.2955271565495208,52.8,31,35
hf34,34,hf34-metropolis-capital,metropolis,metropolis,HF-1,1,atlas,#F2DABC,221.9,#3B231A,41.3,55.2,91.8,164.2,211.1,221.6,166.4,114,58.4,,3.53,4.83,51.7,6015,0,4.0,7.0,10.0,15.0,41.0,3.75,0.733,0.856,0.007,,0.0,0.001,58.4,0.5463258785942492,0.8701923076923077,,0.9246794871794872,0.42012779552715657,69.0,54,33
hf35,35,hf35-ward-closeup,zoom,-,HF-1,2,atlas,#FBF2E5,243.1,#5A3B2C,66.6,84.1,160.2,222.6,240.1,242.9,158.8,92,36.1,1.35,2.28,3.48,17.2,5377,145,5.0,7.0,9.0,18.0,50.0,3.6,0.333,0.615,0.031,6.04,0.0,0.006,36.0,0.0846645367412141,0.36538461538461536,0.4074074074074074,0.5240384615384616,0.31629392971246006,34.0,22,46
hf36,36,hf36-countryside-study,systems,-,HF-1,1,atlas,#F9EAD1,235.5,#2F120E,25.9,43.5,91.3,176.1,228.0,235.3,191.8,147,44.7,1.29,2.16,3.54,26.9,7440,2051,5.0,9.0,15.0,23.0,52.0,4.6,0.256,0.273,0.345,,0.0,0.631,44.6,0.8130990415335463,0.3125,0.38047138047138046,0.7580128205128205,0.694888178913738,59.2,40,33
hf37,37,hf37-town-abandoned,town,town,HF-1,0,atlas,#F5E5D1,231.5,#432B25,49.7,71.2,131.0,210.7,226.8,231.3,160.1,101,40.5,2.21,3.9,5.34,14.2,829,5436,3.0,5.0,8.0,13.0,38.0,4.33,0.562,0.905,0.0,4.63,0.0,0.0,40.4,0.36261980830670926,0.9423076923076923,0.8888888888888888,0.40224358974358976,0.6357827476038339,64.6,36,30
hf40,40,hf40-slum-fringe-city,city,city,HF-1,2,atlas,#FAF1E5,242.4,#312823,42.2,52.7,95.3,190.7,239.7,242.2,189.5,144,27.9,1.47,2.99,4.28,46.2,3364,4337,5.0,8.0,11.0,18.0,43.0,3.6,0.582,0.746,0.043,6.44,0.0,0.042,27.8,0.5351437699680511,0.6282051282051282,0.4898989898989899,0.9118589743589743,0.31629392971246006,57.6,21,14
hf41,41,hf41-boomtown,town,town,HF-1,1,atlas,#FCF1E1,242.7,#1D1612,23.8,47.4,126.1,227.6,240.1,242.6,195.2,130,39.1,1.69,2.51,4.88,22.0,1483,6376,3.0,5.0,9.0,18.0,65.0,6.0,0.368,0.648,0.047,6.72,0.0,0.0,38.9,0.8322683706070287,0.4439102564102564,0.622895622895623,0.6522435897435898,0.9105431309904153,69.2,27,11
hf42,42,hf42-refugee-camps,town,town,HF-1,0,atlas,#F7E4CC,231.1,#3E3026,50.8,70.4,132.7,202.0,225.8,230.9,160.5,98,54.8,2.67,3.38,4.61,8.0,790,6821,4.0,6.0,9.0,14.0,37.0,3.5,0.386,0.484,0.156,5.8,0.0,0.226,54.7,0.3434504792332268,0.8285256410256411,0.9696969696969697,0.15865384615384615,0.2715654952076677,51.4,43,24
hf50,50,hf50-lens-watercolor,lens,city,HF-1,2,atlas,#F9EBD4,236.6,#5B402E,70.2,89.2,139.2,193.4,213.2,236.6,147.4,78,66.7,2.98,4.44,5.47,19.5,412,6471,4.0,6.0,8.0,14.0,37.0,3.5,0.437,0.809,0.041,3.06,0.0,0.505,66.6,0.06230031948881787,0.9951923076923077,0.9848484848484849,0.5913461538461539,0.2715654952076677,58.1,37,45
hf51,51,hf51-lens-vtt,lens,city,HF-1,0,atlas,#FAEFE1,241.0,#1E0B0B,16.6,27.6,106.8,223.4,237.1,240.8,213.2,133,33.5,1.89,2.11,3.61,9.7,1159,5610,6.0,9.0,13.0,24.0,56.0,4.0,0.639,0.845,0.011,2.93,0.0,0.0,33.3,0.9105431309904153,0.2980769230769231,0.7592592592592593,0.20993589743589744,0.5143769968051118,53.8,25,19
hf52,52,hf52-marsh-village,village,village,HF-1,0,atlas,#FBEBD6,237.8,#281D19,31.9,50.2,114.0,195.3,232.2,237.7,187.5,123,35.8,1.62,2.72,4.34,59.3,152,6701,3.0,5.0,9.0,14.0,44.0,4.67,0.496,0.553,0.025,,0.0,0.017,35.7,0.7124600638977636,0.5048076923076923,0.5673400673400674,0.9439102564102564,0.7252396166134185,69.1,37,15
hf53,53,hf53-island-town,town,town,HF-1,0,atlas,#F7E9D9,235.7,#30241F,38.9,57.9,126.6,211.0,231.7,235.5,177.6,110,38.9,2.45,2.8,3.92,20.4,1791,4806,4.0,7.0,10.0,16.0,47.0,4.0,0.512,0.762,0.105,3.57,0.0,0.007,38.7,0.5830670926517572,0.5432692307692307,0.9511784511784511,0.6201923076923077,0.5143769968051118,64.2,30,17
hf54,54,hf54-docks-plate,zoom,-,HF-1,1,atlas,#FBF0E1,241.7,#452B22,49.9,77.7,139.6,218.0,239.9,241.7,164.0,104,40.4,1.0,1.68,3.11,16.2,1929,5656,3.0,5.0,8.0,14.0,36.0,4.67,0.493,0.524,0.239,,0.0,0.0,40.3,0.35782747603833864,0.20512820512820512,0.18855218855218855,0.4855769230769231,0.7252396166134185,39.2,26,35
hf55,55,hf55-castle-plate,zoom,-,HF-1,1,atlas,#F9E9D2,234.8,#000000,0.0,0.0,99.3,194.0,231.6,234.6,234.6,161,49.3,1.88,2.88,3.99,18.8,4058,5118,4.0,7.0,13.0,37.0,66.0,9.25,0.248,0.321,0.077,5.34,0.0,0.209,49.2,0.9952076677316294,0.5801282051282052,0.7542087542087542,0.5625,0.9920127795527156,77.7,39,0
hf56,56,hf56-noxious-plate,zoom,-,HF-1,2,atlas,#FAEEDE,239.9,#291812,28.4,49.0,97.6,226.3,237.5,239.8,190.8,154,38.3,1.81,3.29,4.99,100.1,2729,6843,3.0,6.0,9.0,17.0,63.0,5.67,0.258,0.259,0.331,,0.0,0.024,38.2,0.7715654952076677,0.7740384615384616,0.7003367003367004,0.9919871794871795,0.8722044728434505,82.2,28,23
hf57,57,hf57-famine-town,town,town,HF-1,0,atlas,#FCF6EB,246.3,#3E1D13,37.9,81.0,190.0,237.9,244.1,246.2,165.2,78,30.8,1.39,1.85,2.47,4.9,2933,7590,4.0,6.0,10.0,17.0,47.0,4.25,0.193,0.281,0.068,1.44,0.0,0.0,30.4,0.6022364217252396,0.25801282051282054,0.43097643097643096,0.05608974358974359,0.6054313099041534,39.1,17,43
hf58,58,hf58-martial-law,town,town,HF-1,0,atlas,#FCF0DF,241.6,#120E0D,15.3,50.7,120.5,215.5,238.1,241.7,191.0,118,51.8,1.2,1.22,2.0,38.6,3654,6127,6.0,8.0,11.0,18.0,51.0,3.0,0.281,0.317,0.114,,0.0,0.127,51.4,0.9185303514376997,0.11378205128205128,0.32154882154882153,0.8766025641025641,0.10223642172523961,46.7,29,5
hf59,59,hf59-monster-watch,village,village,HF-1,0,atlas,#F8E9D6,235.6,#181512,21.6,36.4,78.7,188.3,230.4,235.3,198.9,160,39.2,,2.4,3.89,45.6,7365,0,4.0,7.0,11.0,17.0,44.0,4.25,0.555,0.602,0.081,,0.0,0.252,39.1,0.854632587859425,0.3974358974358974,,0.905448717948718,0.6054313099041534,69.1,34,6
hf60,60,hf60-spymaster-copy,town,town,HF-1,1,atlas,#FBF0E0,241.2,#6B5145,87.6,100.6,148.0,219.6,238.3,241.1,140.5,84,37.4,1.8,1.82,2.6,15.4,3197,5612,6.0,8.0,11.0,17.0,35.0,2.83,0.405,0.602,0.086,2.99,0.0,0.017,37.1,0.0015974440894568342,0.2387820512820513,0.6919191919191919,0.45032051282051283,0.07667731629392971,29.2,27,38
hf61,61,hf61-chrome-plate,chrome,-,HF-1,1,atlas,#FAF2E3,242.5,#26231F,35.2,79.0,160.4,234.4,240.7,242.5,163.5,96,29.9,1.57,3.17,5.04,16.7,337,9777,5.0,6.0,10.0,18.0,52.0,3.6,0.212,0.267,0.283,18.58,0.002,0.014,29.7,0.6693290734824281,0.719551282051282,0.5404040404040404,0.5048076923076923,0.31629392971246006,55.0,23,7
hf62,62,hf62-bankside-town,town,town,HF-1,1,atlas,#F6E2C5,228.7,#372B22,45.4,61.6,122.6,187.5,220.8,228.2,166.6,102,55.7,3.18,3.65,4.9,8.0,111,5464,4.0,7.0,10.0,16.0,43.0,4.0,0.426,0.585,0.122,3.52,0.0,0.274,55.6,0.46485623003194887,0.9006410256410257,0.9915824915824916,0.15865384615384615,0.5143769968051118,60.6,49,21
hf63,63,hf63-near-river-town,town,town,HF-1,1,atlas,#FAE7CE,233.9,#442318,43.8,70.9,135.3,194.4,224.2,233.8,162.9,91,68.4,2.44,3.63,4.85,11.6,1651,5935,5.0,7.0,10.0,16.0,46.0,3.2,0.397,0.674,0.037,3.13,0.0,0.376,68.2,0.5031948881789137,0.8910256410256411,0.9478114478114478,0.27884615384615385,0.15175718849840256,55.5,44,44
hf70,70,hf70-demoted-city,city,city,HF-1,2,atlas,#F4E4CF,230.8,#52372C,61.7,77.2,128.6,198.8,224.5,230.5,153.3,103,47.5,,2.47,3.67,25.2,7523,0,2.0,4.0,7.0,11.0,22.0,5.5,0.435,0.508,0.017,,0.0,0.07,47.5,0.14536741214057503,0.42628205128205127,,0.7291666666666666,0.8578274760383386,54.0,37,38
hf71,71,hf71-road-ladder,specimen,-,HF-1,2,atlas,#F4DEC1,225.1,#472E22,52.0,71.8,134.5,188.5,218.2,224.8,153.0,93,65.4,2.24,3.24,4.67,23.8,4805,3399,4.0,7.0,13.0,27.0,43.0,6.75,0.258,0.287,0.283,,0.0,0.528,65.3,0.31629392971246006,0.7548076923076923,0.9006734006734006,0.6939102564102564,0.950479233226837,72.3,51,37
hf72,72,hf72-dumbbell-town,town,town,HF-1,2,atlas,#F7E1C4,228.2,#5C3221,60.5,76.4,128.8,187.2,220.2,228.0,151.6,93,69.6,2.07,2.75,4.61,11.1,336,5178,4.0,6.0,9.0,15.0,46.0,3.75,0.562,0.619,0.128,,0.0,0.308,69.5,0.16773162939297126,0.5192307692307693,0.8367003367003367,0.2548076923076923,0.42012779552715657,44.0,51,59
hf73,73,hf73-terraform-plate,town,town,HF-1,1,atlas,#F8E6CF,232.8,#170E0B,16.4,51.7,133.5,191.1,226.8,232.6,180.9,108,52.5,2.67,3.39,4.59,14.5,3790,3273,4.0,7.0,10.0,17.0,42.0,4.25,0.476,0.72,0.042,6.36,0.0,0.253,52.4,0.9153354632587859,0.8365384615384616,0.9696969696969697,0.4150641025641026,0.6054313099041534,74.8,41,12
hf84,84,hf84-living-undercity,underground,city,HF-1,2,atlas,#FBEEE0,240.1,#3F251D,43.8,61.3,130.8,230.0,237.3,239.9,178.6,109,34.3,1.21,1.67,3.82,11.7,309,8395,6.0,8.0,12.0,22.0,69.0,3.67,0.378,0.492,0.042,8.67,0.0,0.0,34.1,0.5031948881789137,0.20032051282051283,0.3383838383838384,0.28685897435897434,0.35782747603833864,33.7,27,34
hf85,85,hf85-thorp-riverside,thorp,thorp,HF-2,0,calib,#FAEFDA,239.9,#26201B,32.9,61.2,142.2,212.6,226.6,239.5,178.3,108,43.3,2.26,3.68,4.93,18.8,832,7239,3.0,5.0,10.0,18.0,60.0,6.0,0.319,0.38,0.071,,0.0,0.805,43.2,0.694888178913738,0.905448717948718,0.9107744107744108,0.5625,0.9105431309904153,79.7,32,11
hf86,86,hf86-thorp-upland,thorp,thorp,HF-2,0,calib,#FBEDD7,238.5,#1E1510,23.0,44.3,113.6,213.4,233.1,238.4,194.1,133,42.5,2.23,3.33,4.75,15.1,1183,5209,4.0,6.0,9.0,17.0,47.0,4.25,0.415,0.566,0.041,20.83,0.0,0.261,42.4,0.8434504792332268,0.7964743589743589,0.8956228956228957,0.4391025641025641,0.6054313099041534,71.6,36,14
hf87,87,hf87-thorp-forest-edge,thorp,thorp,HF-2,0,calib,#FBEEDA,239.8,#17100E,18.1,29.6,77.9,171.2,233.2,239.5,209.9,163,46.0,1.82,3.09,4.62,33.0,2487,2315,3.0,5.0,10.0,19.0,55.0,6.33,0.674,0.76,0.015,,0.0,0.461,45.8,0.8929712460063898,0.6762820512820513,0.7070707070707071,0.8349358974358975,0.9345047923322684,80.9,33,9
hf88,88,hf88-thorp-crossroads,thorp,thorp,HF-2,0,calib,#FBECD8,238.4,#261E18,31.9,57.3,124.4,202.3,227.6,238.2,180.9,117,47.4,1.83,3.11,4.78,13.3,1192,6908,4.0,6.0,11.0,19.0,64.0,4.75,0.362,0.41,0.224,,0.0,0.637,47.3,0.7124600638977636,0.6891025641025641,0.7154882154882155,0.36698717948717946,0.7539936102236422,64.8,35,14
hf89,89,hf89-thorp-coastal,thorp,thorp,HF-2,0,calib,#FBF4E4,244.1,#3E1B13,36.6,69.7,156.0,234.1,241.5,243.9,174.2,107,42.8,1.76,3.24,4.87,48.4,2141,8282,4.0,6.0,9.0,16.0,41.0,4.0,0.153,0.167,0.283,,0.0,0.131,42.6,0.645367412140575,0.7548076923076923,0.67003367003367,0.9150641025641025,0.5143769968051118,70.0,23,43
hf90,90,hf90-thorp-plains,thorp,thorp,HF-2,0,calib,#F5E4CC,230.5,#251D18,30.8,56.3,126.7,195.5,219.7,230.1,173.8,103,49.2,,3.19,4.44,19.9,5716,0,2.0,3.0,6.0,12.0,41.0,6.0,0.785,0.839,0.002,,0.0,0.302,49.2,0.7412140575079873,0.7339743589743589,,0.6057692307692307,0.9105431309904153,74.8,41,13
hf91,91,hf91-hamlet-green,hamlet,hamlet,HF-2,0,calib,#FBF4E1,243.7,#352A20,44.1,72.5,143.4,202.3,239.1,243.6,171.1,110,47.0,1.29,3.05,4.35,13.1,6825,2438,4.0,6.0,10.0,21.0,67.0,5.25,0.27,0.396,0.134,2.27,0.0,0.648,46.9,0.4952076677316294,0.657051282051282,0.38047138047138046,0.3541666666666667,0.8194888178913738,54.1,26,21
hf92,92,hf92-hamlet-mill,hamlet,hamlet,HF-2,0,calib,#FAECD8,238.1,#372D25,47.2,75.1,151.3,215.5,235.1,237.9,162.8,99,44.7,1.97,3.2,4.83,13.7,2256,4667,2.0,4.0,7.0,17.0,67.0,8.5,0.353,0.587,0.038,2.9,0.0,0.349,44.7,0.44249201277955275,0.7403846153846154,0.7878787878787878,0.3926282051282051,0.9824281150159745,66.9,34,18
hf93,93,hf93-hamlet-street,hamlet,hamlet,HF-2,0,calib,#FBF4E5,244.4,#301C18,33.5,62.9,145.2,231.2,242.2,244.4,181.5,111,34.5,1.4,2.25,3.98,32.7,1358,7286,5.0,6.0,8.0,13.0,66.0,2.6,0.202,0.226,0.2,,0.0,0.166,34.5,0.6916932907348243,0.34775641025641024,0.44276094276094274,0.8317307692307693,0.022364217252396165,46.7,22,24
hf94,94,hf94-hamlet-crossroads,hamlet,hamlet,HF-2,0,calib,#FAEBD2,236.7,#3F2F22,50.1,73.3,137.2,208.3,229.6,236.5,163.2,100,54.7,2.33,3.88,5.11,21.9,604,7118,4.0,6.0,10.0,16.0,50.0,4.0,0.513,0.55,0.135,,0.0,0.679,54.6,0.34984025559105436,0.9375,0.9259259259259259,0.6490384615384616,0.5143769968051118,67.5,40,29
hf95,95,hf95-hamlet-riverside,hamlet,hamlet,HF-2,0,calib,#FAEED8,239.3,#362920,43.7,76.7,130.0,209.7,234.7,239.1,162.4,112,43.4,2.04,3.37,4.72,22.2,2688,5242,3.0,5.0,8.0,17.0,52.0,5.67,0.431,0.468,0.104,,0.0,0.134,43.4,0.5111821086261981,0.8205128205128205,0.8282828282828283,0.657051282051282,0.8722044728434505,73.8,34,22
hf96,96,hf96-hamlet-upland,hamlet,hamlet,HF-2,0,calib,#FCF6E4,246.0,#261D16,31.2,72.9,151.3,218.2,243.2,245.7,172.8,104,36.2,1.58,3.38,4.75,19.5,1689,4538,4.0,5.0,7.0,11.0,40.0,2.75,0.56,0.779,0.043,8.29,0.0,0.387,36.3,0.7300319488817891,0.8285256410256411,0.5471380471380471,0.5913461538461539,0.04472843450479233,54.8,24,16
hf100,100,hf100-metropolis-confluence,metropolis,metropolis,HF-2,0,calib,#FBEFDE,240.7,#3E322D,53.4,73.0,107.3,184.0,234.7,240.5,167.5,119,40.9,1.55,3.75,5.3,28.5,509,3605,5.0,6.0,9.0,13.0,34.0,2.6,0.778,0.941,0.001,,0.0,0.013,40.8,0.292332268370607,0.9134615384615384,0.5269360269360269,0.7772435897435898,0.022364217252396165,50.6,29,17
hf101,101,hf101-metropolis-port,metropolis,metropolis,HF-2,1,calib,#FCF2DE,242.7,#423129,53.3,68.2,109.0,217.9,238.6,242.4,174.2,123,41.7,1.49,3.12,5.19,23.6,475,5268,5.0,6.0,9.0,16.0,43.0,3.2,0.607,0.694,0.141,,0.0,0.093,41.5,0.2955271565495208,0.6955128205128205,0.5033670033670034,0.6875,0.15175718849840256,46.7,30,25
hf102,102,hf102-metropolis-sacred,metropolis,metropolis,HF-2,0,calib,#FBF2E1,242.6,#3D322C,52.5,69.0,108.8,209.6,238.9,242.4,173.4,123,36.6,1.47,2.99,5.26,26.1,821,3735,5.0,7.0,10.0,17.0,43.0,3.4,0.665,0.801,0.035,,0.0,0.1,36.5,0.3003194888178914,0.6282051282051282,0.4898989898989899,0.7419871794871795,0.2380191693290735,48.0,26,17
hf103,103,hf103-metropolis-rings,metropolis,metropolis,HF-2,2,calib,#FAF0DF,240.8,#4A382F,60.2,74.3,112.0,201.4,235.5,240.6,166.3,124,43.3,1.95,3.46,4.98,32.5,1001,4138,3.0,5.0,8.0,12.0,33.0,4.0,0.637,0.793,0.041,,0.0,0.022,43.2,0.17252396166134187,0.8541666666666666,0.7794612794612794,0.8285256410256411,0.5143769968051118,63.0,27,27
hf104,104,hf104-metropolis-caravan,metropolis,metropolis,HF-2,0,calib,#FAEDD9,238.4,#3B2E26,49.4,63.9,111.3,198.9,234.2,238.3,174.4,118,48.1,2.01,3.36,4.99,28.6,1021,5010,4.0,6.0,8.0,16.0,42.0,4.0,0.612,0.92,0.032,4.05,0.0,0.058,48.1,0.36741214057507987,0.8125,0.8148148148148148,0.782051282051282,0.5143769968051118,65.8,33,21
hf105,105,hf105-metropolis-ribbon,metropolis,metropolis,HF-2,0,calib,#FAF1DF,241.6,#4E392E,62.1,74.2,110.3,220.6,238.3,241.5,167.3,120,42.9,1.78,3.58,5.23,40.6,1037,5904,5.0,7.0,12.0,21.0,45.0,4.2,0.522,0.544,0.249,,0.0,0.13,42.8,0.1357827476038339,0.8798076923076923,0.6818181818181818,0.8894230769230769,0.5782747603833865,63.3,27,32
hf110,110,hf110-castle-curtain-zoom,zoom,-,HF-2,1,calib,#FBF2DF,242.4,#1E1611,23.6,37.0,108.4,233.8,240.4,242.2,205.2,153,33.3,1.62,3.02,5.07,18.4,503,8339,3.0,4.0,6.0,12.0,70.0,4.0,0.347,0.363,0.292,,0.0,0.001,33.2,0.8386581469648562,0.6458333333333334,0.5673400673400674,0.5496794871794872,0.5143769968051118,62.3,28,13
hf111,111,hf111-motte-bailey-plan,zoom,-,HF-2,1,calib,#F9EAD4,236.0,#382F26,48.6,66.0,114.2,201.0,228.0,235.9,169.9,124,49.0,2.68,3.96,5.23,14.6,1024,6431,3.0,5.0,9.0,16.0,50.0,5.33,0.456,0.706,0.084,4.09,0.0,0.324,49.0,0.39616613418530355,0.9583333333333334,0.9747474747474747,0.42467948717948717,0.8402555910543131,71.9,37,18
hf112,112,hf112-hill-hachure-study,specimen,-,HF-2,2,calib,#FBF0DE,240.9,#3D261B,43.8,73.9,142.7,213.4,237.1,240.6,166.7,109,42.0,1.99,3.27,4.61,9.5,854,4369,3.0,4.0,7.0,11.0,37.0,3.67,0.558,0.698,0.065,,0.0,0.055,42.0,0.5031948881789137,0.7644230769230769,0.797979797979798,0.1971153846153846,0.35782747603833864,52.4,29,34
hf113,113,hf113-crag-cliff-study,specimen,-,HF-2,1,calib,#FCF1E5,242.9,#100404,7.8,21.6,139.0,232.8,241.1,242.8,221.2,125,31.7,1.17,2.25,3.68,12.9,465,8520,4.0,7.0,13.0,22.0,57.0,5.5,0.406,0.454,0.24,,0.0,0.0,31.6,0.9568690095846646,0.34775641025641024,0.28619528619528617,0.33974358974358976,0.8578274760383386,55.8,23,12
hf114,114,hf114-forest-canopy-study,specimen,-,HF-2,1,calib,#FCF5E7,245.3,#1F100B,19.7,27.1,91.9,188.7,243.6,245.2,218.1,156,33.5,1.02,2.46,3.59,12.0,2555,4984,5.0,7.0,13.0,23.0,57.0,4.6,0.591,0.713,0.122,4.4,0.0,0.381,33.3,0.8833865814696485,0.4182692307692308,0.2053872053872054,0.29967948717948717,0.694888178913738,50.0,21,20
hf115,115,hf115-marsh-reed-study,specimen,-,HF-2,2,calib,#F9EBDB,237.4,#2D221C,36.6,57.7,123.5,202.6,229.8,237.2,179.5,114,33.9,2.38,3.34,4.88,15.7,1139,5902,4.0,6.0,8.0,13.0,42.0,3.25,0.509,0.609,0.002,,0.0,0.062,33.7,0.645367412140575,0.7996794871794872,0.9343434343434344,0.47115384615384615,0.18210862619808307,60.7,30,17
hf116,116,hf116-terrace-study,specimen,-,HF-2,1,calib,#FBF3E3,243.9,#45251A,45.3,64.1,149.9,213.1,241.2,243.8,179.7,107,44.3,1.42,3.03,4.51,17.0,3076,4676,4.0,6.0,10.0,19.0,49.0,4.75,0.539,0.856,0.019,2.53,0.0,0.223,44.3,0.46805111821086265,0.6506410256410257,0.46296296296296297,0.5176282051282052,0.7539936102236422,57.1,24,43
hf120,120,hf120-burgage-frontage-zoom,zoom,-,HF-2,2,calib,#F9EFDE,240.2,#27120E,24.0,41.1,146.0,214.8,236.5,240.1,199.0,112,39.5,2.14,2.81,4.32,29.6,3086,5667,2.0,4.0,7.0,13.0,39.0,6.5,0.311,0.388,0.169,1.66,0.0,0.004,39.4,0.8274760383386581,0.5464743589743589,0.867003367003367,0.8141025641025641,0.9424920127795527,80.0,27,25
hf121,121,hf121-demoted-town,town,town,HF-2,0,calib,#FAEFE0,240.2,#080606,6.7,42.6,116.4,219.4,236.6,240.0,197.4,137,39.2,2.0,2.98,4.42,19.1,1007,6695,4.0,6.0,10.0,18.0,60.0,4.5,0.438,0.609,0.069,2.69,0.0,0.11,39.1,0.9696485623003195,0.6217948717948718,0.8080808080808081,0.5785256410256411,0.6725239616613419,73.0,26,2
hf122,122,hf122-quay-basin-zoom,zoom,-,HF-2,1,calib,#FCF6EB,246.7,#241713,26.2,50.3,137.5,236.3,244.8,246.5,196.2,128,27.1,1.38,3.1,4.49,14.6,2569,7285,3.0,5.0,8.0,24.0,61.0,8.0,0.27,0.299,0.235,,0.0,0.0,26.7,0.7987220447284344,0.6826923076923077,0.4225589225589226,0.42467948717948717,0.9776357827476039,66.1,17,17
hf123,123,hf123-wall-seam-zoom,zoom,-,HF-2,0,calib,#FBF1E3,242.5,#42352E,55.8,73.4,118.1,199.1,239.6,242.4,169.0,125,43.3,1.69,3.17,4.78,36.8,2234,4529,3.0,4.0,7.0,12.0,41.0,4.0,0.563,0.607,0.188,,0.0,0.09,43.2,0.23642172523961658,0.719551282051282,0.622895622895623,0.8573717948717948,0.5143769968051118,59.0,24,20
hf124,124,hf124-wall-seam-plan,zoom,-,HF-2,1,calib,#FAF3E4,243.4,#3F2824,46.2,61.0,124.6,191.0,241.2,243.3,182.3,121,36.2,1.27,3.54,4.73,16.0,3626,5275,3.0,6.0,11.0,19.0,48.0,6.33,0.298,0.322,0.021,,0.0,0.024,36.0,0.45527156549520764,0.875,0.3720538720538721,0.4775641025641026,0.9345047923322684,62.3,22,27
hf125,125,hf125-village-oasis,village,village,HF-3,0,calib,#FCF6E9,246.6,#452C27,51.3,67.3,136.4,239.7,245.0,246.4,179.1,118,31.0,1.34,1.59,2.56,12.9,1189,8783,5.0,8.0,13.0,26.0,58.0,5.2,0.326,0.428,0.339,5.29,0.0,0.053,30.8,0.33706070287539935,0.17307692307692307,0.4006734006734007,0.33974358974358976,0.805111821086262,41.1,19,30
hf126,126,hf126-village-terrace,village,village,HF-3,0,calib,#F9EBD7,236.7,#351415,29.8,48.3,100.9,198.6,230.6,236.5,188.2,130,46.5,2.32,3.7,5.03,19.8,1585,3542,4.0,5.0,8.0,17.0,58.0,4.25,0.789,0.807,0.064,,0.0,0.139,46.4,0.755591054313099,0.9086538461538461,0.9208754208754208,0.6009615384615384,0.6054313099041534,75.8,34,32
hf127,127,hf127-village-marsh,village,village,HF-3,0,calib,#FCF1DC,241.6,#1F0F0E,19.9,36.3,122.0,206.0,235.1,241.2,204.9,129,50.7,1.86,2.85,4.07,10.3,4780,2663,4.0,6.0,10.0,16.0,63.0,4.0,0.366,0.51,0.065,4.7,0.0,0.491,50.4,0.8753993610223643,0.5608974358974359,0.7441077441077442,0.23557692307692307,0.5143769968051118,58.6,32,17
hf128,128,hf128-village-steppe,village,village,HF-3,0,calib,#F9ECDB,237.9,#270D09,20.3,33.3,151.4,215.4,232.6,237.8,204.5,119,50.5,2.16,3.37,4.68,7.2,166,10488,7.0,12.0,20.0,31.0,62.0,4.43,0.172,0.204,0.365,,0.0,0.249,50.4,0.8674121405750799,0.8205128205128205,0.8737373737373737,0.12980769230769232,0.6565495207667732,67.0,30,30
hf129,129,hf129-town-caravan,town,town,HF-3,0,calib,#FBF3E3,243.6,#41332E,54.2,72.2,116.7,226.3,239.9,243.5,171.3,123,39.1,1.93,3.08,4.08,11.6,1788,6603,5.0,7.0,10.0,20.0,45.0,4.0,0.513,0.708,0.138,1.76,0.0,0.037,39.1,0.2619808306709265,0.6714743589743589,0.7760942760942761,0.27884615384615385,0.5143769968051118,50.1,24,19
hf130,130,hf130-town-terrace,town,town,HF-3,0,calib,#FCF1E1,242.6,#080302,4.3,24.9,101.6,222.6,239.7,242.4,217.5,139,38.1,1.55,3.48,4.93,20.0,1113,5515,3.0,6.0,12.0,23.0,60.0,7.67,0.794,0.795,0.039,,0.0,0.035,37.7,0.9760383386581469,0.8589743589743589,0.5269360269360269,0.6137820512820513,0.9696485623003195,78.9,27,6
hf131,131,hf131-town-fjord,town,town,HF-3,0,calib,#FAEAD2,236.1,#281510,26.1,43.3,84.1,145.4,228.0,235.9,192.6,144,39.3,2.43,3.32,4.59,29.6,2829,3601,4.0,6.0,9.0,15.0,41.0,3.75,0.578,0.682,0.076,,0.066,0.266,39.1,0.8035143769968052,0.7900641025641025,0.9444444444444444,0.8141025641025641,0.42012779552715657,75.4,40,24
hf132,132,hf132-town-stilt,town,town,HF-3,0,calib,#FCF4E4,244.3,#4A372D,59.5,75.4,122.8,217.6,239.6,244.3,168.9,115,38.8,0.91,2.57,4.3,17.0,1793,2456,4.0,6.0,10.0,17.0,52.0,4.25,0.65,0.781,0.051,4.07,0.0,0.086,38.7,0.19009584664536738,0.46634615384615385,0.15993265993265993,0.5176282051282052,0.6054313099041534,38.8,24,29
hf133,133,hf133-city-harbor-plan,city,city,HF-3,0,calib,#FCF5E9,246.0,#523933,63.5,77.1,124.9,218.0,243.6,245.7,168.6,118,31.0,1.17,2.25,3.27,15.5,4459,4470,6.0,8.0,12.0,22.0,59.0,3.67,0.402,0.539,0.225,,0.203,0.024,30.7,0.1230031948881789,0.34775641025641024,0.28619528619528617,0.4567307692307692,0.35782747603833864,31.4,19,31
hf134,134,hf134-city-delta,city,city,HF-3,0,calib,#FCF6E6,245.8,#2E1B16,32.5,50.7,118.6,236.9,244.3,245.7,195.0,133,33.7,0.78,2.5,4.66,23.0,283,6977,4.0,6.0,10.0,29.0,70.0,7.25,0.548,0.685,0.031,3.81,0.0,0.025,33.2,0.7012779552715656,0.4375,0.07407407407407407,0.6762820512820513,0.9584664536741214,57.0,22,24
hf135,135,hf135-city-desert,city,city,HF-3,0,calib,#FCF5E8,245.7,#533D34,66.4,84.7,137.1,239.2,244.3,245.6,160.9,102,33.8,1.11,2.82,4.29,12.3,1609,7548,6.0,7.0,9.0,22.0,60.0,3.67,0.424,0.721,0.048,3.4,0.003,0.04,33.4,0.08945686900958472,0.5496794871794872,0.24579124579124578,0.3092948717948718,0.35782747603833864,31.0,20,31
hf136,136,hf136-city-timber,city,city,HF-3,0,calib,#FCF2E4,243.5,#1F1E1B,30.3,49.4,93.9,191.1,239.4,243.4,194.0,146,25.0,1.14,3.07,4.77,28.7,3293,3331,4.0,6.0,9.0,17.0,50.0,4.25,0.656,0.687,0.078,,0.015,0.064,24.8,0.7492012779552716,0.6666666666666666,0.26936026936026936,0.7900641025641025,0.6054313099041534,61.6,24,4
hf137,137,hf137-town-fjord-plan,town,town,HF-3,1,calib,#FCF7EA,247.1,#3A2722,44.3,60.5,145.4,236.6,245.4,247.0,186.5,112,31.5,1.04,2.14,3.86,35.0,1361,7385,6.0,9.0,14.0,24.0,59.0,4.0,0.364,0.472,0.199,3.96,0.0,0.064,31.4,0.48881789137380194,0.3060897435897436,0.21212121212121213,0.8541666666666666,0.5143769968051118,47.5,18,24
hf138,138,hf138-city-harbor-ribbon,city,city,HF-3,1,calib,#FDF7E9,247.2,#432921,48.0,68.6,135.4,241.8,245.9,247.1,178.5,121,36.2,1.19,3.5,5.05,28.8,736,9403,5.0,7.0,12.0,24.0,72.0,4.8,0.338,0.403,0.444,,0.0,0.073,35.9,0.41373801916932906,0.8669871794871795,0.30976430976430974,0.7980769230769231,0.7635782747603834,63.0,20,34
hf139,139,hf139-city-desert-clean,city,city,HF-3,1,calib,#FBEED9,239.1,#2F221D,37.3,53.3,98.9,213.9,236.0,238.9,185.6,132,45.2,2.01,2.18,3.58,16.2,2254,5542,5.0,7.0,10.0,19.0,63.0,3.8,0.563,0.786,0.057,11.12,0.0,0.022,45.1,0.6277955271565495,0.3173076923076923,0.8148148148148148,0.4855769230769231,0.4584664536741214,54.1,34,18
hf140,140,hf140-terrain-plains-openfield,terrain,-,HF-3,1,calib,#FAEEDC,239.6,#030303,3.0,66.0,126.6,202.9,234.5,239.5,173.5,97,47.8,1.76,2.56,3.97,11.9,2981,2586,5.0,6.0,10.0,17.0,53.0,3.4,0.729,0.761,0.033,,0.0,0.276,47.7,0.9792332268370607,0.4599358974358974,0.67003367003367,0.296474358974359,0.2380191693290735,52.9,30,0
hf141,141,hf141-terrain-mountain-valley,terrain,-,HF-3,0,calib,#FCF6E7,246.1,#412922,47.6,80.9,148.7,227.3,244.4,246.1,165.2,94,35.9,1.34,2.18,3.36,5.4,478,5946,4.0,6.0,8.0,13.0,32.0,3.25,0.59,0.699,0.13,,0.0,0.008,35.7,0.4313099041533547,0.3173076923076923,0.4006734006734007,0.07211538461538461,0.18210862619808307,28.1,21,31
hf142,142,hf142-terrain-hills-ridgeway,terrain,-,HF-3,2,calib,#FCF4E9,245.3,#523C34,65.7,87.4,140.0,219.2,243.1,245.1,157.7,102,37.2,1.37,2.88,5.01,29.5,1884,5185,4.0,5.0,7.0,12.0,34.0,3.0,0.442,0.451,0.088,,0.0,0.194,37.0,0.10383386581469645,0.5801282051282052,0.41414141414141414,0.8076923076923077,0.10223642172523961,40.2,19,30
hf143,143,hf143-terrain-rivervalley-terraces,terrain,-,HF-3,1,calib,#FBECD7,238.1,#40362D,56.1,79.1,131.2,194.7,226.3,238.1,159.0,96,49.9,,2.76,4.45,26.5,6357,0,3.0,5.0,8.0,13.0,35.0,4.33,0.617,0.6,0.012,,0.0,0.271,49.8,0.23162939297124596,0.530448717948718,,0.7516025641025641,0.6357827476038339,53.7,36,19
hf144,144,hf144-terrain-coastal-cliffs,terrain,-,HF-3,0,calib,#FDF7EA,247.1,#261611,26.0,46.7,140.4,239.6,245.5,247.0,200.3,111,29.2,1.06,1.04,2.02,8.4,153,8916,5.0,8.0,12.0,21.0,48.0,4.2,0.335,0.41,0.236,7.19,0.0,0.003,28.9,0.8083067092651757,0.07371794871794872,0.22053872053872053,0.17147435897435898,0.5782747603833865,37.0,19,21
hf145,145,hf145-terrain-desert-wadi,terrain,-,HF-3,1,calib,#FCF3E5,244.2,#51372E,61.5,86.3,149.3,232.3,242.3,244.0,157.7,93,36.5,1.56,2.21,3.62,16.5,989,7587,5.0,7.0,9.0,14.0,31.0,2.8,0.358,0.453,0.276,2.2,0.0,0.024,36.4,0.15175718849840258,0.328525641025641,0.5353535353535354,0.5016025641025641,0.06070287539936102,31.6,23,35
hf146,146,hf146-terrain-marsh-levels,terrain,-,HF-3,2,calib,#FBEDD9,238.8,#332B24,44.4,64.5,125.1,207.3,235.3,238.6,174.1,110,41.3,2.1,3.24,4.49,14.5,1900,4645,3.0,5.0,8.0,12.0,31.0,4.0,0.606,0.622,0.001,,0.0,0.151,41.1,0.4824281150159745,0.7548076923076923,0.8552188552188552,0.4150641025641026,0.5143769968051118,60.4,34,15
hf147,147,hf147-terrain-forest-assarts,terrain,-,HF-3,2,calib,#FBECD3,237.5,#2D2219,36.2,49.6,89.4,180.4,231.8,237.4,187.8,137,48.0,1.63,3.18,5.04,19.5,1445,2916,4.0,6.0,9.0,15.0,39.0,3.75,0.791,0.82,0.004,,0.0,0.361,47.7,0.6629392971246006,0.7291666666666666,0.5774410774410774,0.5913461538461539,0.42012779552715657,59.6,40,20
hf148,148,hf148-terrain-gorge,terrain,-,HF-3,1,calib,#FAF0E1,241.5,#120B10,13.9,26.9,78.0,205.4,237.6,241.3,214.4,171,34.0,1.47,2.68,4.69,27.0,4191,16,3.0,6.0,9.0,16.0,52.0,5.33,0.502,0.589,0.041,,0.0,0.055,34.0,0.9249201277955271,0.4967948717948718,0.4898989898989899,0.7612179487179487,0.8402555910543131,70.3,25,2
hf149,149,hf149-terrain-glen,terrain,-,HF-3,1,calib,#FBF0DE,241.0,#392924,45.2,71.2,145.1,210.8,236.8,240.7,169.5,99,36.0,2.31,3.83,5.06,28.4,1339,4594,3.0,4.0,6.0,10.0,28.0,3.33,0.597,0.638,0.081,,0.042,0.0,35.8,0.4712460063897763,0.9262820512820513,0.9175084175084175,0.7724358974358975,0.21405750798722045,66.0,29,21
hf150,150,hf150-terrain-steppe,terrain,-,HF-3,1,calib,#FCF0E1,241.5,#231410,24.3,51.6,161.2,231.2,239.6,241.5,189.9,100,35.3,1.53,2.23,3.23,8.6,312,8675,4.0,6.0,10.0,19.0,44.0,4.75,0.254,0.261,0.259,,0.0,0.012,35.2,0.8194888178913737,0.33653846153846156,0.5151515151515151,0.17467948717948717,0.7539936102236422,52.0,27,19
hf151,151,hf151-terrain-fjord,terrain,-,HF-3,1,calib,#FCF5E6,245.7,#3C261F,43.7,63.1,117.3,210.5,244.4,245.4,182.3,130,33.3,0.7,1.09,2.46,15.5,786,5194,4.0,5.0,8.0,13.0,32.0,3.25,0.607,0.599,0.099,,0.0,0.142,33.0,0.5111821086261981,0.08493589743589744,0.03367003367003367,0.4567307692307692,0.18210862619808307,25.4,22,29
hf155,155,hf155-trade-bridgetown,trade,town,HF-3,0,calib,#FCF6E5,246.1,#47302A,54.2,74.6,158.6,234.9,244.2,246.0,171.4,96,30.6,1.15,2.06,3.15,6.6,374,8483,6.0,8.0,10.0,19.0,52.0,3.17,0.319,0.442,0.222,2.1,0.0,0.076,30.3,0.2619808306709265,0.2900641025641026,0.27441077441077444,0.1201923076923077,0.13099041533546327,21.6,23,29
hf156,156,hf156-trade-caravanserai-road,trade,village,HF-3,1,calib,#FCF6E9,246.4,#52382C,62.5,86.9,190.5,240.9,244.9,246.3,159.4,92,31.7,1.4,2.37,3.72,13.5,835,10351,6.0,8.0,13.0,25.0,63.0,4.17,0.156,0.169,0.54,,0.0,0.001,31.5,0.13258785942492013,0.38621794871794873,0.44276094276094274,0.3733974358974359,0.5670926517571885,38.0,19,38
hf157,157,hf157-trade-portage,trade,village,HF-3,2,calib,#FCF3E5,244.3,#2B2624,39.1,63.1,118.1,192.7,242.2,244.2,181.1,121,27.7,0.75,3.11,4.63,15.6,3006,5032,4.0,6.0,9.0,17.0,47.0,4.25,0.461,0.603,0.093,19.68,0.044,0.258,27.2,0.5766773162939297,0.6891025641025641,0.06565656565656566,0.46474358974358976,0.6054313099041534,48.0,23,7
hf158,158,hf158-trade-mountain-pass,trade,village,HF-3,2,calib,#FDF8F0,248.7,#3A2A24,46.4,74.6,132.1,221.8,242.5,248.6,174.0,103,38.4,1.56,2.28,3.73,7.8,511,5505,5.0,7.0,9.0,13.0,29.0,2.6,0.568,0.668,0.069,,0.0,0.008,38.2,0.45047923322683703,0.36538461538461536,0.5353535353535354,0.14903846153846154,0.022364217252396165,30.5,13,22
hf165,165,hf165-stress-siege,stressor,town,HF-3,1,calib,#FDF6E8,246.6,#33221E,38.4,43.9,124.6,241.3,245.2,246.5,202.6,148,27.6,0.9,1.38,4.35,153.0,99,8758,4.0,6.0,14.0,46.0,75.0,11.5,0.336,0.694,0.019,3.49,0.0,0.016,27.2,0.5942492012779552,0.13942307692307693,0.15151515151515152,0.9983974358974359,0.9952076677316294,57.6,21,21
hf166,166,hf166-stress-burned-quarter,stressor,town,HF-3,2,calib,#FBF4E5,244.6,#3F2C25,48.8,77.1,128.9,232.0,242.7,244.4,167.3,106,35.0,1.28,2.98,4.22,16.8,1635,6793,5.0,7.0,8.0,18.0,55.0,3.6,0.498,0.621,0.055,13.37,0.0,0.044,34.8,0.39137380191693294,0.6217948717948718,0.37542087542087543,0.5080128205128205,0.31629392971246006,44.3,22,26
hf167,167,hf167-stress-plague,stressor,town,HF-3,2,calib,#FBF1E2,242.3,#3C312A,51.6,68.3,118.7,226.4,239.1,242.1,173.8,113,39.3,1.75,2.68,3.98,13.2,1102,6447,3.0,6.0,8.0,14.0,47.0,4.67,0.509,0.825,0.019,6.93,0.0,0.058,39.2,0.3274760383386581,0.4967948717948718,0.6582491582491582,0.36217948717948717,0.7252396166134185,51.4,25,18
hf168,168,hf168-stress-flood,stressor,town,HF-3,0,calib,#FCF5E5,245.4,#462E26,52.0,75.1,151.1,224.7,243.9,245.3,170.2,96,38.0,0.93,1.98,3.11,9.0,3197,6130,6.0,7.0,11.0,20.0,52.0,3.33,0.325,0.415,0.158,2.61,0.0,0.004,37.8,0.31629392971246006,0.28205128205128205,0.1717171717171717,0.1875,0.21405750798722045,23.4,23,32
hf169,169,hf169-stress-famine,stressor,town,HF-3,0,calib,#FBF3E7,244.3,#150F0E,16.9,45.1,107.0,226.0,242.1,244.1,199.0,139,30.9,1.48,3.65,5.14,57.6,865,6366,4.0,7.0,11.0,19.0,54.0,4.75,0.521,0.654,0.033,,0.0,0.0,30.8,0.902555910543131,0.9006410256410257,0.5,0.9407051282051282,0.7539936102236422,80.0,20,7
hf170,170,hf170-stress-abandoned-farmland,stressor,-,HF-3,1,calib,#FAF1E4,242.5,#2C251F,38.6,66.1,127.9,206.9,238.4,242.3,176.2,117,44.4,1.47,1.96,3.2,14.8,3641,3457,3.0,6.0,9.0,15.0,39.0,5.0,0.435,0.519,0.047,1.01,0.0,0.353,44.2,0.5862619808306709,0.27403846153846156,0.4898989898989899,0.4326923076923077,0.7827476038338658,51.3,22,13
hf171,171,hf171-stress-occupation,stressor,town,HF-3,1,calib,#FAEDD9,238.4,#2F2520,39.3,56.0,106.7,207.9,234.0,238.2,182.2,126,43.2,1.85,3.32,4.6,45.3,1823,5509,4.0,7.0,9.0,17.0,51.0,4.25,0.601,0.711,0.034,,0.0,0.031,43.1,0.5734824281150159,0.7900641025641025,0.7306397306397306,0.9022435897435898,0.6054313099041534,72.0,33,15
hf172,172,hf172-stress-monster-watch,stressor,village,HF-3,1,calib,#FDF3E3,244.0,#231713,26.0,47.7,97.6,215.5,242.2,243.8,196.1,143,46.2,0.74,1.59,4.56,54.8,2065,6119,6.0,8.0,13.0,28.0,65.0,4.67,0.512,0.588,0.095,,0.0,0.056,45.4,0.8083067092651757,0.17307692307692307,0.058922558922558925,0.9342948717948718,0.7252396166134185,54.0,26,16
hf173,173,hf173-stress-famine-plan,stressor,town,HF-3,1,calib,#FCF0DE,241.6,#150A08,12.8,35.8,99.3,223.9,238.9,241.5,205.7,148,41.8,1.01,1.84,3.16,33.5,1378,6128,4.0,7.0,11.0,29.0,71.0,7.25,0.637,0.664,0.017,,0.0,0.004,41.4,0.9345047923322684,0.2532051282051282,0.19696969696969696,0.844551282051282,0.9584664536741214,63.8,30,13
hf175,175,hf175-fant-wizard-district,fantastical,city,HF-3,0,calib,#FBF1E3,242.2,#1A120E,19.9,38.2,103.8,199.4,238.8,242.0,203.8,136,48.4,1.78,3.54,4.73,36.9,3026,5580,4.0,7.0,13.0,24.0,65.0,6.0,0.498,0.561,0.054,,0.0,0.146,48.0,0.8753993610223643,0.875,0.6818181818181818,0.8605769230769231,0.9105431309904153,84.1,24,12
hf176,176,hf176-fant-arcane-university,fantastical,city,HF-3,1,calib,#FCF5E5,245.5,#3B211D,40.5,56.0,115.8,236.5,243.7,245.3,189.3,124,40.5,0.92,2.85,4.73,33.4,1949,6886,4.0,7.0,12.0,22.0,64.0,5.5,0.453,0.501,0.072,,0.0,0.048,40.0,0.5638977635782747,0.5608974358974359,0.16666666666666666,0.8413461538461539,0.8578274760383386,59.8,23,30
hf177,177,hf177-fant-portal-court,fantastical,city,HF-3,2,calib,#FCF5E8,245.3,#180E0B,16.8,26.3,72.2,202.1,242.1,245.2,218.9,175,40.3,1.74,3.17,4.78,90.5,4269,4578,3.0,6.0,10.0,26.0,63.0,8.67,0.313,0.432,0.03,1.98,0.0,0.0,40.0,0.9057507987220448,0.719551282051282,0.6515151515151515,0.9855769230769231,0.9856230031948882,85.0,20,13
hf178,178,hf178-fant-airship-dock,fantastical,city,HF-3,1,calib,#FCF3E6,244.3,#4D342C,58.6,78.3,155.8,225.8,242.2,244.0,165.7,100,35.7,1.12,1.7,2.52,7.4,2885,4781,5.0,7.0,11.0,17.0,49.0,3.4,0.223,0.235,0.341,,0.002,0.439,35.6,0.20607028753993606,0.20993589743589744,0.2542087542087542,0.1362179487179487,0.2380191693290735,20.9,22,33
hf179,179,hf179-fant-dragon-roost,fantastical,town,HF-3,1,calib,#FCF4E5,244.3,#301411,28.3,42.3,97.6,219.7,240.6,244.0,201.7,145,40.3,1.83,3.41,4.84,48.7,1707,5693,5.0,7.0,13.0,23.0,58.0,4.6,0.515,0.65,0.087,16.05,0.001,0.003,40.2,0.7763578274760383,0.844551282051282,0.7154882154882155,0.9182692307692307,0.694888178913738,79.0,23,31
hf180,180,hf180-fant-alchemical-quarter,fantastical,city,HF-3,2,calib,#FCF2E3,243.1,#1F1311,22.4,36.7,73.4,229.9,240.8,243.0,206.3,170,31.3,1.07,0.95,2.16,24.9,1583,7085,5.0,7.0,11.0,23.0,73.0,4.6,0.565,0.648,0.109,1.61,0.026,0.019,30.8,0.8514376996805112,0.03685897435897436,0.2239057239057239,0.7147435897435898,0.694888178913738,50.4,25,14
hf181,181,hf181-fant-temple-ward,fantastical,city,HF-3,1,calib,#FCF4E6,245.1,#2F1D19,34.2,44.1,105.5,210.9,243.0,244.9,200.8,127,35.0,1.38,2.38,3.72,12.4,2488,5600,5.0,7.0,11.0,23.0,65.0,4.6,0.612,0.654,0.06,,0.015,0.047,34.5,0.6821086261980831,0.391025641025641,0.4225589225589226,0.3157051282051282,0.694888178913738,50.1,22,22
hf182,182,hf182-fant-moonquay,fantastical,town,HF-3,2,calib,#FCEFDC,240.5,#43352B,55.8,75.3,125.7,223.0,237.9,240.4,165.1,108,45.9,1.67,3.03,4.78,41.3,1365,5662,5.0,7.0,9.0,15.0,40.0,3.0,0.427,0.462,0.168,,0.0,0.094,45.6,0.23642172523961658,0.6506410256410257,0.5942760942760943,0.8958333333333334,0.10223642172523961,49.6,32,24
hf183,183,hf183-fant-gate-town,fantastical,town,HF-3,1,calib,#FCF3E3,243.5,#251716,27.4,46.3,96.9,221.4,239.8,243.3,197.0,147,40.6,1.68,3.28,4.86,53.4,1367,6228,3.0,5.0,9.0,17.0,55.0,5.67,0.481,0.56,0.124,,0.001,0.003,40.5,0.7875399361022364,0.7676282051282052,0.6077441077441077,0.9278846153846154,0.8722044728434505,79.3,25,15
hf190,190,hf190-under-cloaca,underground,-,HF-3,2,calib,#FDFAED,249.2,#1A0805,13.0,30.1,178.7,243.0,247.8,249.1,219.0,116,27.5,1.4,2.66,4.13,8.3,694,8712,4.0,6.0,9.0,18.0,54.0,4.5,0.24,0.303,0.102,20.37,0.0,0.039,27.1,0.9313099041533546,0.4855769230769231,0.44276094276094274,0.16826923076923078,0.6725239616613419,54.0,16,21
hf191,191,hf191-under-crypts,underground,-,HF-3,2,calib,#FCF9F0,248.7,#31201B,36.5,51.2,146.4,238.7,246.8,248.8,197.6,129,26.0,1.7,3.9,5.33,28.8,636,7968,3.0,5.0,8.0,27.0,61.0,9.0,0.314,0.362,0.158,2.97,0.0,0.0,25.8,0.6517571884984026,0.9423076923076923,0.632996632996633,0.7980769230769231,0.9888178913738019,80.3,12,22
hf192,192,hf192-under-cistern,underground,-,HF-3,1,calib,#FCF8ED,248.0,#46342D,56.8,74.8,182.2,240.9,246.2,247.9,173.1,94,28.3,1.2,2.07,4.07,11.8,1688,8170,3.0,5.0,10.0,14.0,46.0,4.67,0.251,0.365,0.084,20.79,0.0,0.0,28.0,0.22523961661341851,0.2932692307692308,0.32154882154882153,0.2916666666666667,0.7252396166134185,37.1,15,25
hf193,193,hf193-under-market,underground,-,HF-3,0,calib,#FDF8EE,248.1,#1E110F,20.9,29.1,68.3,235.6,246.5,247.9,218.8,182,34.0,1.11,3.01,5.02,74.7,1769,6665,5.0,8.0,18.0,38.0,70.0,7.6,0.435,0.56,0.027,1.37,0.01,0.013,33.4,0.8610223642172524,0.6410256410256411,0.24579124579124578,0.9727564102564102,0.9664536741214057,73.7,15,15
hf194,194,hf194-under-entrances,underground,-,HF-3,0,calib,#FCF6EB,246.3,#0B0606,7.3,19.1,103.1,218.0,244.8,246.1,227.0,160,34.3,0.8,2.45,4.24,24.5,2249,5825,4.0,6.0,9.0,16.0,63.0,4.0,0.434,0.456,0.179,,0.0,0.037,34.1,0.9616613418530351,0.41185897435897434,0.08585858585858586,0.7019230769230769,0.5143769968051118,53.5,17,5
hf195,195,hf195-under-mines,underground,-,HF-3,2,calib,#FCF8EA,247.6,#361F1A,37.5,58.6,146.1,242.7,246.2,247.6,189.0,113,27.3,1.09,4.13,5.43,42.7,426,9919,5.0,8.0,13.0,24.0,55.0,4.8,0.162,0.166,0.213,,0.0,0.023,27.0,0.6182108626198083,0.9727564102564102,0.2356902356902357,0.8990384615384616,0.7635782747603834,69.8,18,28
hf196,196,hf196-under-nightways,underground,-,HF-3,2,calib,#FCF1E4,242.8,#4C3F3A,66.4,89.0,147.8,223.6,240.3,242.7,153.7,87,32.3,1.17,2.25,3.96,7.5,1717,5342,5.0,7.0,10.0,16.0,37.0,3.2,0.405,0.403,0.117,,0.003,0.0,32.0,0.08945686900958472,0.34775641025641024,0.28619528619528617,0.14102564102564102,0.15175718849840256,20.3,24,18
hf197,197,hf197-under-lamplit,underground,-,HF-3,1,calib,#777273,115.8,#070718,8.9,13.0,38.6,58.7,87.4,106.9,93.9,60,20.0,,2.62,3.52,24.9,4999,0,2.0,5.0,9.0,12.0,35.0,6.0,0.086,0.139,0.111,27.57,0.812,0.0,20.1,0.9536741214057508,0.47596153846153844,,0.7147435897435898,0.9105431309904153,76.4,4,-17
hf198,198,hf198-under-entrance-glyphs,underground,-,HF-3,1,calib,#FCF6EC,246.7,#110B0E,13.2,35.5,137.5,239.1,244.7,246.5,211.0,121,28.0,1.41,3.29,4.95,17.5,1516,7563,4.0,6.0,9.0,14.0,39.0,3.5,0.319,0.344,0.244,,0.007,0.038,27.7,0.9281150159744409,0.7740384615384616,0.45454545454545453,0.530448717948718,0.2715654952076677,59.2,16,3
hf200,200,hf200-chrome-cartouche,chrome,-,HF-3,1,calib,#FCF7E8,246.7,#3E2117,40.7,71.1,177.2,241.2,245.1,246.8,175.7,95,30.1,1.21,2.26,5.67,20.8,536,10476,8.0,10.0,12.0,19.0,56.0,2.38,0.207,0.335,0.254,20.91,0.0,0.019,29.9,0.5575079872204474,0.3573717948717949,0.3383838383838384,0.6378205128205128,0.007987220447284345,38.0,20,39
hf201,201,hf201-chrome-compass-scale,chrome,-,HF-3,2,calib,#FCF6E8,246.4,#351713,31.7,45.7,152.0,240.9,244.3,246.1,200.4,120,30.9,1.09,2.87,5.19,144.3,210,10328,7.0,9.0,13.0,22.0,65.0,3.14,0.126,0.193,0.315,1.9,0.002,0.009,30.5,0.7172523961661341,0.5705128205128205,0.2356902356902357,0.9951923076923077,0.12300319488817892,52.8,20,34
hf202,202,hf202-letter-hands,chrome,-,HF-3,2,calib,#FBF5E6,245.0,#170604,10.9,17.6,123.6,240.4,243.6,244.9,227.3,103,27.7,1.24,,,,0,10587,12.0,18.0,25.0,39.0,68.0,3.25,0.186,0.278,0.121,,0.0,0.001,27.1,0.9408945686900958,,0.35353535353535354,,0.18210862619808307,49.2,21,19
hf206,206,hf206-spec-rural-footprints,specimen,-,HF-3,2,calib,#FBF0E2,241.9,#0A0403,5.7,16.2,132.6,232.6,240.1,241.7,225.5,136,37.7,1.19,2.32,3.73,11.3,2568,7286,5.0,7.0,10.0,33.0,54.0,6.6,0.202,0.214,0.288,,0.0,0.115,37.4,0.9728434504792333,0.3733974358974359,0.30976430976430974,0.2676282051282051,0.9472843450479234,57.4,25,7
hf207,207,hf207-spec-urban-footprints,specimen,-,HF-3,2,calib,#FCF6E5,245.7,#1F0C08,17.2,27.0,151.5,240.1,244.3,245.6,218.6,125,32.4,1.04,1.64,2.21,2.9,986,8684,6.0,7.0,25.0,31.0,52.0,5.17,0.116,0.132,0.259,,0.0,0.117,32.1,0.8993610223642172,0.19391025641025642,0.21212121212121213,0.011217948717948718,0.8003194888178914,42.3,23,23
hf208,208,hf208-spec-roof-ticks,specimen,-,HF-3,2,calib,#FBF0DF,241.2,#190706,12.1,20.9,112.3,233.5,239.6,241.2,220.3,153,46.8,1.47,3.92,5.19,20.7,1706,8571,6.0,9.0,13.0,17.0,46.0,2.83,0.102,0.119,0.287,,0.0,0.078,46.6,0.9376996805111821,0.9471153846153846,0.4898989898989899,0.6330128205128205,0.07667731629392971,61.7,28,19
hf215,215,hf215-series-rising-1,series,town,HF-3,0,calib,#FCF3E5,244.3,#3A2921,44.9,71.8,159.6,236.2,243.0,244.3,172.5,97,34.2,1.16,1.62,2.65,10.0,1714,8240,4.0,7.0,9.0,16.0,47.0,4.0,0.253,0.285,0.299,,0.0,0.036,34.1,0.4744408945686901,0.18108974358974358,0.2777777777777778,0.22115384615384615,0.5143769968051118,33.4,23,25
hf216,216,hf216-series-rising-2,series,town,HF-3,0,calib,#FBEDDB,239.3,#271F1A,32.6,45.6,82.0,174.6,225.6,239.0,193.4,147,46.8,1.96,3.0,4.53,59.4,1417,4016,3.0,5.0,8.0,13.0,37.0,4.33,0.615,0.675,0.035,,0.076,0.24,46.6,0.6980830670926518,0.6346153846153846,0.7828282828282829,0.9471153846153846,0.6357827476038339,74.0,32,13
hf217,217,hf217-series-diminished-1,series,town,HF-3,1,calib,#FDF1E4,243.3,#4B3830,61.0,76.9,120.7,214.2,241.4,243.1,166.2,120,34.3,0.96,1.49,3.28,6.0,1360,4461,3.0,5.0,7.0,12.0,36.0,4.0,0.553,0.607,0.044,1.89,0.0,0.032,34.2,0.1613418530351438,0.15224358974358973,0.18181818181818182,0.08814102564102565,0.5143769968051118,22.0,25,27
hf218,218,hf218-series-diminished-2,series,town,HF-3,0,calib,#FBEDDB,239.0,#5B4A3C,77.4,91.3,124.3,184.5,230.8,238.9,147.6,109,49.2,,2.42,3.81,31.2,4862,0,3.0,4.0,6.0,10.0,22.0,3.33,0.591,0.665,0.027,,0.0,0.365,49.1,0.02396166134185307,0.40705128205128205,,0.8221153846153846,0.21405750798722045,36.7,32,31
hf220,220,hf220-terrain-scarp-quarry,terrain,-,HF-3,1,calib,#FBEFDC,240.4,#3E281E,45.6,70.0,138.6,222.9,237.9,240.2,170.2,108,44.5,1.8,3.07,4.36,10.1,1051,6016,4.0,5.0,7.0,12.0,34.0,3.0,0.433,0.486,0.111,,0.003,0.097,44.4,0.4616613418530351,0.6666666666666666,0.6919191919191919,0.22596153846153846,0.10223642172523961,43.0,31,32
hf221,221,hf221-terrain-bocage,terrain,-,HF-3,2,calib,#FBEEDD,240.3,#413227,53.5,68.1,113.4,220.7,237.9,240.1,172.0,114,43.6,1.67,2.87,4.53,19.6,1350,6326,5.0,8.0,12.0,18.0,41.0,3.6,0.44,0.481,0.04,,0.0,0.204,43.3,0.2891373801916933,0.5705128205128205,0.5942760942760943,0.5977564102564102,0.31629392971246006,47.4,30,26
hf222,222,hf222-terrain-estuary-bar,terrain,-,HF-3,1,calib,#FBF1E2,242.4,#433A31,59.7,79.7,147.1,223.9,240.1,242.2,162.5,102,37.3,2.0,2.67,3.89,10.3,1749,6080,4.0,6.0,9.0,15.0,32.0,3.75,0.33,0.433,0.104,4.53,0.0,0.074,37.3,0.18530351437699677,0.49038461538461536,0.8080808080808081,0.23557692307692307,0.42012779552715657,42.8,25,18
hf223,223,hf223-terrain-braided-river,terrain,-,HF-3,2,calib,#FCF3E1,243.4,#4A3A30,61.4,85.9,149.8,217.3,238.9,243.2,157.3,89,43.8,0.82,1.03,2.27,5.0,1946,4150,4.0,6.0,9.0,15.0,31.0,3.75,0.454,0.474,0.093,,0.0,0.62,43.6,0.15495207667731625,0.0673076923076923,0.09764309764309764,0.05929487179487179,0.42012779552715657,16.0,27,26
hf224,224,hf224-terrain-mesa-badlands,terrain,-,HF-3,1,calib,#FBEDDB,239.4,#281B15,30.5,58.9,124.8,216.9,236.0,239.2,180.3,115,49.9,2.02,3.77,5.15,9.6,1080,5970,4.0,6.0,9.0,15.0,42.0,3.75,0.505,0.59,0.046,,0.002,0.054,49.7,0.7460063897763578,0.9198717948717948,0.8215488215488216,0.20512820512820512,0.42012779552715657,62.3,32,19
hf230,230,hf230-terrain-paddy-terraces,terrain,-,HF-3,2,calib,#FCF1E1,242.3,#5C4E44,80.6,99.5,138.2,222.0,239.0,242.1,142.6,89,39.2,1.32,2.72,4.86,9.5,466,5827,6.0,8.0,11.0,17.0,48.0,2.83,0.758,0.822,0.049,,0.0,0.0,39.0,0.01757188498402551,0.5048076923076923,0.3956228956228956,0.1971153846153846,0.07667731629392971,23.8,27,24
hf231,231,hf231-village-atoll,village,village,HF-3,1,calib,#FBF3E5,243.5,#5E4538,75.2,98.2,171.3,226.1,239.8,243.3,145.1,83,30.9,1.39,1.83,2.69,8.7,6317,297,4.0,6.0,9.0,14.0,39.0,3.5,0.23,0.273,0.205,,0.0,0.334,30.7,0.030351437699680517,0.24519230769230768,0.43097643097643096,0.1778846153846154,0.2715654952076677,23.1,22,38
hf232,232,hf232-village-savanna-kraals,village,village,HF-3,2,calib,#FAF2E1,242.4,#281D16,31.5,51.4,127.0,217.8,237.9,242.3,190.9,127,46.2,1.73,2.56,4.4,23.0,6706,61,4.0,7.0,11.0,24.0,63.0,6.0,0.236,0.269,0.168,,0.0,0.222,46.0,0.7204472843450479,0.4599358974358974,0.6447811447811448,0.6762820512820513,0.9105431309904153,68.2,25,18
hf233,233,hf233-monastery-complex,institution,-,HF-3,2,calib,#FAEBD7,237.4,#3A2D26,48.0,61.9,126.4,212.3,232.2,237.2,175.3,115,42.3,2.17,3.14,4.65,10.4,1754,4218,3.0,5.0,8.0,21.0,55.0,7.0,0.476,0.546,0.04,,0.0,0.251,42.2,0.41373801916932906,0.7019230769230769,0.8787878787878788,0.2419871794871795,0.9536741214057508,63.8,35,20
hf234,234,hf234-stress-storm-harbor,stressor,town,HF-3,1,calib,#FBF3E1,243.4,#483731,59.3,81.8,139.2,203.9,238.7,243.2,161.4,101,35.0,1.99,3.25,4.54,16.0,4083,4961,6.0,8.0,11.0,19.0,39.0,3.17,0.368,0.567,0.162,5.11,0.152,0.024,34.9,0.19648562300319494,0.7612179487179487,0.797979797979798,0.4775641025641026,0.13099041533546327,47.3,26,23
hf235,235,hf235-city-canals,city,city,HF-3,3,calib,#FCF0DD,241.2,#33302F,49.0,64.4,108.5,163.8,237.2,241.1,176.7,132,31.9,1.4,3.06,4.31,29.1,4080,3285,3.0,5.0,9.0,18.0,54.0,6.0,0.586,0.733,0.055,29.0,0.121,0.421,31.3,0.3817891373801917,0.6618589743589743,0.44276094276094274,0.8028846153846154,0.9105431309904153,64.0,31,4
hf236,236,hf236-oppidum-hillfort,town,town,HF-3,2,calib,#FCF4E3,244.3,#4E3328,58.1,74.7,141.0,228.9,241.8,244.3,169.6,111,43.4,1.82,3.17,4.87,14.6,754,6516,4.0,6.0,10.0,14.0,37.0,3.5,0.411,0.551,0.097,1.76,0.0,0.097,43.3,0.21246006389776362,0.719551282051282,0.7070707070707071,0.42467948717948717,0.2715654952076677,46.7,25,38
hf237,237,hf237-arctic-station,village,village,HF-3,1,calib,#FAF6EE,246.2,#2C2B2B,43.6,66.1,115.9,195.3,233.3,246.0,179.9,125,31.1,2.1,3.87,5.17,50.5,3078,4513,3.0,5.0,7.0,11.0,35.0,3.67,0.376,0.415,0.098,,0.093,0.111,30.9,0.5159744408945687,0.9326923076923077,0.8552188552188552,0.9214743589743589,0.35782747603833864,71.7,12,1
hf238,238,hf238-manor-estate,village,village,HF-3,2,calib,#FBEFD9,240.0,#3A3025,49.9,81.8,141.8,204.3,235.8,239.9,158.1,96,54.5,,2.59,3.97,22.9,5098,0,3.0,4.0,7.0,11.0,37.0,3.67,0.57,0.735,0.043,1.8,0.0,0.511,54.4,0.35782747603833864,0.46955128205128205,,0.6714743589743589,0.35782747603833864,46.4,34,21
hf239,239,hf239-castra-town,town,town,HF-3,3,calib,#FAF2E2,242.5,#523E34,67.0,81.5,125.3,215.9,238.0,242.3,160.8,114,44.8,1.91,3.29,4.72,22.4,1773,5598,4.0,6.0,8.0,13.0,45.0,3.25,0.513,0.843,0.025,6.53,0.0,0.103,44.7,0.08146964856230032,0.7740384615384616,0.7676767676767676,0.6682692307692307,0.18210862619808307,49.5,24,30
hf240,240,hf240-town-levee-monsoon,town,town,HF-3,1,calib,#FCF3E2,243.5,#4F382F,61.7,83.4,144.8,214.3,241.6,243.5,160.1,98,41.2,1.02,1.75,3.11,20.0,3586,4961,4.0,6.0,8.0,14.0,30.0,3.5,0.374,0.401,0.171,,0.0,0.039,40.9,0.14536741214057503,0.22115384615384615,0.2053872053872054,0.6137820512820513,0.2715654952076677,29.1,26,32
hf241,241,hf241-series-diminished-plan,series,town,HF-4b,2,calib,#FCF4E4,244.7,#5F5046,83.1,101.5,147.5,238.7,243.1,244.6,143.1,92,30.9,0.63,0.9,1.78,38.3,580,7221,4.0,6.0,9.0,16.0,37.0,4.0,0.38,0.452,0.077,6.27,0.0,0.082,30.4,0.007987220447284393,0.030448717948717948,0.010101010101010102,0.8733974358974359,0.5143769968051118,28.7,24,25
hf242,242,hf242-series-rising-plan-2,series,town,HF-4b,2,calib,#FDF1E1,242.9,#53483F,74.2,98.1,172.7,237.9,241.1,242.8,144.7,80,33.0,0.66,1.68,5.73,26.0,487,9160,4.0,5.0,8.0,13.0,41.0,3.25,0.268,0.322,0.157,1.05,0.0,0.053,32.7,0.033546325878594296,0.20512820512820512,0.015151515151515152,0.7387820512820513,0.18210862619808307,23.5,28,20
hf243,243,hf243-fant-skyport-saddle,fantastical,town,HF-4b,1,calib,#FDF7E9,247.4,#4B3127,55.4,82.6,172.2,242.6,245.5,247.2,164.6,87,29.3,0.84,1.98,3.35,11.6,657,9763,6.0,8.0,10.0,16.0,35.0,2.67,0.27,0.454,0.127,1.51,0.0,0.018,28.9,0.24440894568690097,0.28205128205128205,0.11447811447811448,0.27884615384615385,0.03354632587859425,19.1,20,36
hf244,244,hf244-fant-necropolis-city,fantastical,city,HF-4b,2,calib,#FCF6E9,245.9,#4A433C,68.2,90.7,142.7,233.8,243.4,245.7,155.0,99,33.9,1.26,2.49,4.01,20.5,1665,6703,4.0,5.0,7.0,11.0,48.0,2.75,0.493,0.711,0.073,6.23,0.0,0.001,33.7,0.0718849840255591,0.4310897435897436,0.3653198653198653,0.625,0.04472843450479233,30.8,19,14
hf245,245,hf245-fant-warded-gate-zoom,fantastical,town,HF-4b,1,calib,#FCF8EC,247.9,#251816,27.7,55.4,124.4,241.3,246.4,247.8,192.4,132,24.8,1.18,2.28,4.81,18.8,1365,8644,3.0,5.0,9.0,16.0,53.0,5.33,0.158,0.306,0.202,4.68,0.0,0.003,24.6,0.7843450479233227,0.36538461538461536,0.2996632996632997,0.5625,0.8402555910543131,57.0,16,15
hf246,246,hf246-fant-golem-foundry,fantastical,city,HF-4b,1,calib,#FCF5E9,245.9,#030303,2.7,22.5,139.4,235.0,244.1,245.7,223.2,117,26.7,1.25,2.47,4.25,24.8,1301,6732,4.0,7.0,9.0,15.0,74.0,3.75,0.356,0.383,0.171,,0.0,0.0,26.4,0.9824281150159745,0.42628205128205127,0.35858585858585856,0.7099358974358975,0.42012779552715657,57.9,19,0
hf247,247,hf247-fant-canopy-town,fantastical,town,HF-4b,1,calib,#FDF9EA,248.5,#41322C,53.8,83.6,166.0,242.5,247.3,248.4,164.8,92,30.3,0.68,1.25,3.67,12.7,915,8131,4.0,7.0,9.0,15.0,40.0,3.75,0.271,0.302,0.177,,0.0,0.143,30.0,0.2715654952076677,0.11698717948717949,0.02861952861952862,0.32371794871794873,0.42012779552715657,23.2,19,21
hf248,248,hf248-terrain-gorge-ferry,terrain,-,HF-4b,0,calib,#FBEDD8,238.6,#0C0908,9.7,22.9,68.8,196.3,233.2,238.5,215.6,176,43.4,,2.61,4.46,12.8,4934,0,3.0,5.0,8.0,15.0,50.0,5.0,0.575,0.656,0.054,,0.0,0.078,43.4,0.9456869009584664,0.47275641025641024,,0.3301282051282051,0.7827476038338658,63.3,35,4
hf249,249,hf249-terrain-glen-sealoch,terrain,-,HF-4b,1,calib,#FAF0DE,241.0,#211D18,29.6,52.0,101.9,202.4,233.9,240.5,188.5,138,34.3,1.91,3.0,4.58,34.3,3350,2972,4.0,6.0,9.0,14.0,44.0,3.5,0.425,0.437,0.145,,0.002,0.468,34.1,0.7587859424920128,0.6346153846153846,0.7676767676767676,0.8477564102564102,0.2715654952076677,65.6,28,9
hf250,250,hf250-terrain-scarp-gap,terrain,-,HF-4b,2,calib,#FBF0E1,241.4,#2F261E,39.6,60.7,128.5,217.2,235.5,241.1,180.4,112,41.7,2.21,3.59,5.17,11.6,383,7438,4.0,6.0,9.0,18.0,58.0,4.5,0.434,0.521,0.176,,0.004,0.309,41.6,0.5670926517571885,0.8830128205128205,0.8888888888888888,0.27884615384615385,0.6725239616613419,65.8,26,17
hf251,251,hf251-terrain-estuary-tidal-island,terrain,-,HF-4b,0,calib,#FBEDDB,239.0,#342F2A,47.7,69.6,123.1,214.6,234.1,238.8,169.2,115,43.7,,2.46,4.35,25.1,7088,0,4.0,7.0,10.0,16.0,50.0,4.0,0.31,0.41,0.076,1.58,0.061,0.155,43.4,0.4249201277955271,0.4182692307692308,,0.7243589743589743,0.5143769968051118,52.0,32,10
hf252,252,hf252-terrain-braided-two-season,terrain,-,HF-4b,1,calib,#FCF5E9,245.9,#534038,68.5,100.7,174.8,240.9,244.1,245.7,145.0,78,25.5,0.91,2.53,5.43,4.6,40,9415,5.0,7.0,10.0,16.0,36.0,3.2,0.348,0.384,0.198,,0.0,0.0,25.1,0.06869009584664532,0.44711538461538464,0.15993265993265993,0.04807692307692308,0.15175718849840256,17.5,19,27
hf253,253,hf253-terrain-mesa-canyon-2,terrain,-,HF-4b,1,calib,#FCF4E7,244.5,#231E1B,31.3,57.1,133.1,233.1,242.4,244.3,187.2,115,31.6,1.71,3.2,4.4,28.7,1340,7073,4.0,6.0,10.0,15.0,42.0,3.75,0.372,0.426,0.1,,0.026,0.068,31.3,0.7252396166134185,0.7403846153846154,0.6380471380471381,0.7900641025641025,0.42012779552715657,66.3,21,8
hf254,254,hf254-EXP-under-city-leaf-of-hf139,exp,city,HF-4b,0,calib,#FBEDDD,239.6,#3F2F2D,51.6,72.3,158.9,220.4,236.7,239.4,167.1,99,41.8,1.76,1.94,3.14,6.4,1236,5660,4.0,6.0,10.0,20.0,61.0,5.0,0.541,0.742,0.068,9.0,0.0,0.0,41.7,0.3274760383386581,0.2708333333333333,0.67003367003367,0.10737179487179487,0.7827476038338658,43.2,30,18
hf255,255,hf255-EXP-growth-continuation-of-hf93,exp,hamlet,HF-4b,1,calib,#FBF3E9,244.5,#371A1A,35.0,62.5,141.9,230.5,242.3,244.3,181.8,111,32.5,1.2,1.73,3.18,33.1,1601,6943,5.0,6.0,8.0,18.0,70.0,3.6,0.248,0.298,0.154,1.97,0.0,0.021,32.3,0.6757188498402555,0.21634615384615385,0.32154882154882153,0.8381410256410257,0.31629392971246006,47.4,18,29
hf256,256,hf256-town-night-surface,town,town,HF-4b,0,calib,#F6E7D4,233.3,#02010C,2.4,4.6,26.7,83.1,122.0,234.3,229.7,129,19.2,1.97,3.36,4.64,28.1,5624,127,3.0,5.0,7.0,11.0,28.0,3.67,0.496,0.664,0.085,3.81,0.463,0.0,19.3,0.9856230031948882,0.8125,0.7878787878787878,0.7660256410256411,0.35782747603833864,74.2,34,-10
hf257,257,hf257-chrome-border-ladder,chrome,-,HF-4b,2,calib,#FCF5EA,245.8,#291813,28.3,44.3,106.6,229.4,243.8,245.8,201.5,138,30.3,1.53,2.55,3.96,4.3,952,5771,5.0,9.0,13.0,27.0,60.0,5.4,0.37,0.407,0.037,,0.0,0.0,30.1,0.7763578274760383,0.453525641025641,0.5151515151515151,0.04006410256410257,0.8514376996805112,52.7,18,22
hf258,258,hf258-chrome-dm-annotation-key,chrome,-,HF-4b,2,calib,#FDF7E9,247.0,#754839,83.6,103.1,207.4,242.9,245.3,246.8,143.7,64,27.9,0.72,1.03,1.11,1.6,5,11293,4.0,5.0,10.0,11.0,35.0,2.75,0.139,0.162,0.315,,0.0,0.004,27.4,0.004792332268370614,0.0673076923076923,0.045454545454545456,0.0016025641025641025,0.04472843450479233,3.3,20,60
hf259,259,hf259-zoom-market-voids,zoom,-,HF-4b,2,calib,#FBF0DD,241.2,#32211A,37.4,49.3,115.3,224.4,238.6,241.1,191.8,126,41.3,1.86,3.1,4.63,60.3,2654,6442,3.0,7.0,11.0,18.0,58.0,6.0,0.32,0.352,0.126,,0.001,0.023,41.2,0.6246006389776357,0.6826923076923077,0.7441077441077442,0.9503205128205128,0.9105431309904153,78.2,30,24
hf260,260,hf260-zoom-burgage-yard-creep,zoom,-,HF-4b,2,calib,#F9EFDE,240.1,#16110E,18.2,37.0,105.3,207.2,235.0,240.1,203.1,143,44.0,2.1,3.01,5.06,67.7,4045,5015,3.0,5.0,7.0,14.0,51.0,4.67,0.181,0.248,0.103,7.93,0.0,0.092,43.9,0.889776357827476,0.6410256410256411,0.8552188552188552,0.9631410256410257,0.7252396166134185,81.5,27,8
hf261,261,hf261-zoom-wall-ladder,specimen,-,HF-4b,2,calib,#FCF7EB,247.3,#341F1B,36.9,50.9,120.7,240.2,246.2,247.3,196.4,137,28.7,1.21,2.94,4.44,67.4,1617,8050,3.0,4.0,8.0,24.0,68.0,8.0,0.322,0.365,0.271,,0.0,0.0,28.5,0.6373801916932907,0.6009615384615384,0.3383838383838384,0.9567307692307693,0.9776357827476039,70.2,17,25
hf262,262,hf262-countryside-AB-flat-glyph,specimen,-,HF-4b,2,calib,#FCF4E6,244.7,#58443B,73.0,101.8,186.4,235.4,243.2,244.6,142.8,72,34.2,1.23,2.11,3.44,6.8,1552,7463,4.0,6.0,10.0,15.0,39.0,3.75,0.155,0.193,0.187,1.92,0.0,0.046,34.1,0.04632587859424919,0.2980769230769231,0.3484848484848485,0.1233974358974359,0.42012779552715657,24.7,22,29
hf263,263,hf263-zoom-bridge-types,zoom,-,HF-4b,2,calib,#FCF5E9,245.6,#413029,52.2,74.3,168.8,237.8,243.9,245.5,171.2,96,32.1,1.3,1.83,3.17,5.5,1079,8986,4.0,5.0,7.0,10.0,46.0,2.5,0.233,0.261,0.284,,0.0,0.015,31.8,0.30830670926517567,0.24519230769230768,0.3888888888888889,0.07852564102564102,0.012779552715654952,20.7,19,24
hf264,264,hf264-zoom-river-works,zoom,-,HF-4b,2,calib,#FDF7E7,247.1,#24130E,23.7,49.3,159.9,236.6,245.9,247.0,197.7,111,31.1,1.41,1.46,2.55,8.2,2866,7536,5.0,9.0,13.0,22.0,45.0,4.4,0.215,0.267,0.317,,0.0,0.05,31.1,0.8354632587859425,0.14903846153846154,0.45454545454545453,0.16506410256410256,0.6517571884984026,45.1,22,22
hf265,265,hf265-zoom-boat-glyphs,zoom,-,HF-4b,2,calib,#FBF3E4,243.4,#26110E,22.6,39.1,125.1,225.8,241.6,243.3,204.2,135,36.5,1.53,1.86,3.5,53.8,1860,6409,3.0,5.0,9.0,17.0,57.0,5.67,0.316,0.307,0.253,,0.0,0.0,36.3,0.8482428115015974,0.26282051282051283,0.5151515151515151,0.9310897435897436,0.8722044728434505,68.6,23,24
hf266,266,hf266-zoom-cathedral-close,zoom,-,HF-4b,2,calib,#FCF4DD,243.6,#331E1A,35.9,51.0,104.6,219.7,240.6,243.4,192.4,138,46.6,1.69,2.75,4.13,37.4,2575,5893,4.0,6.0,9.0,21.0,54.0,5.25,0.449,0.458,0.055,,0.0,0.458,46.3,0.6661341853035143,0.5192307692307693,0.622895622895623,0.8637820512820513,0.8194888178913738,69.8,31,25
hf267,267,hf267-extramural-belt,town,town,HF-4b,1,calib,#FAECD8,238.2,#2C241F,37.6,60.9,117.3,214.1,234.9,238.0,177.1,118,44.4,1.85,2.84,4.48,15.1,2008,4871,5.0,8.0,11.0,21.0,53.0,4.2,0.406,0.497,0.03,,0.0,0.155,44.3,0.6118210862619808,0.5544871794871795,0.7306397306397306,0.4391025641025641,0.5782747603833865,58.3,34,13
hf268,268,hf268-town-fairground,town,town,HF-4b,2,calib,#FCEFDD,240.7,#42332C,54.8,84.1,137.3,222.5,237.4,240.5,156.4,98,41.5,1.73,3.22,4.89,13.1,721,6708,4.0,6.0,9.0,15.0,37.0,3.75,0.517,0.523,0.074,,0.0,0.113,41.5,0.25718849840255587,0.7483974358974359,0.6447811447811448,0.3541666666666667,0.42012779552715657,48.5,31,22
hf269,269,hf269-town-university,town,town,HF-4b,1,calib,#FBF0E0,241.5,#251D1B,31.1,57.4,113.0,216.6,239.0,241.4,184.0,111,33.5,1.58,2.33,3.4,17.7,2467,5178,6.0,8.0,10.0,18.0,57.0,3.0,0.584,0.721,0.016,1.3,0.0,0.096,33.2,0.7332268370607029,0.3782051282051282,0.5471380471380471,0.5352564102564102,0.10223642172523961,45.9,27,10
hf270,270,hf270-town-mining,town,town,HF-4b,2,calib,#FCF6E5,246.1,#3A2B24,46.4,74.4,124.0,214.9,242.0,246.0,171.6,117,37.4,1.05,2.63,4.86,34.7,759,5144,4.0,6.0,9.0,15.0,40.0,3.75,0.702,0.74,0.069,,0.0,0.128,37.3,0.45047923322683703,0.4791666666666667,0.21717171717171718,0.8509615384615384,0.42012779552715657,48.4,23,22
hf271,271,hf271-town-salt,town,town,HF-4b,0,calib,#FCF6E7,245.8,#362A24,44.6,66.9,111.0,224.4,243.9,245.7,178.8,122,35.6,1.55,2.76,4.19,20.5,1917,5357,6.0,8.0,11.0,17.0,48.0,2.83,0.521,0.713,0.081,2.35,0.0,0.092,35.4,0.4776357827476039,0.530448717948718,0.5269360269360269,0.625,0.07667731629392971,44.7,21,18
hf272,272,hf272-town-pilgrimage,town,town,HF-4b,2,calib,#FCF4E5,244.8,#3C2C24,48.0,68.0,136.7,227.5,242.2,244.7,176.7,104,40.7,1.09,2.79,4.42,15.2,1670,6159,5.0,7.0,11.0,21.0,56.0,4.2,0.545,0.651,0.085,,0.0,0.09,40.5,0.41373801916932906,0.5400641025641025,0.2356902356902357,0.4439102564102564,0.5782747603833865,44.2,23,24
hf273,273,hf273-city-confluence-ribbons,city,city,HF-4b,2,calib,#FBF3E0,243.2,#3C312B,51.6,74.2,119.0,188.9,237.7,242.9,168.7,114,37.5,2.02,3.39,4.65,18.5,3277,4255,5.0,7.0,10.0,14.0,33.0,2.8,0.518,0.592,0.125,,0.007,0.042,37.5,0.3274760383386581,0.8365384615384616,0.8215488215488216,0.5528846153846154,0.06070287539936102,52.0,27,17
hf274,274,hf274-city-twin-bridge,city,city,HF-4b,3,calib,#F8E8D2,234.0,#372F29,48.9,66.2,113.8,195.8,221.0,233.6,167.4,107,41.4,,2.89,4.2,20.6,7128,0,4.0,5.0,8.0,14.0,34.0,3.5,0.545,0.663,0.037,,0.0,0.267,41.4,0.38817891373801916,0.5897435897435898,,0.6298076923076923,0.2715654952076677,47.0,38,14
hf275,275,hf275-town-ferry,town,town,HF-4b,1,calib,#F9F0E3,241.2,#2A251F,38.0,67.6,131.8,212.9,236.1,240.9,173.3,110,41.0,1.85,2.95,4.44,18.9,3111,4132,4.0,6.0,9.0,18.0,58.0,4.5,0.323,0.36,0.082,,0.0,0.161,40.9,0.5990415335463259,0.6089743589743589,0.7306397306397306,0.5721153846153846,0.6725239616613419,63.7,22,11
hf276,276,hf276-terrain-gorge-plan-CURE248,terrain,-,HF-4b,1,calib,#FCFBE9,249.3,#1E0F0C,18.9,41.3,124.3,242.7,247.7,249.2,207.9,129,30.6,1.43,3.12,4.99,40.0,328,8719,7.0,9.0,14.0,23.0,54.0,3.29,0.392,0.409,0.193,,0.0,0.652,30.3,0.8865814696485623,0.6955128205128205,0.4713804713804714,0.8862179487179487,0.19968051118210864,62.8,19,18
hf277,277,hf277-town-night-plan-CURE256,town,town,HF-4b,1,calib,#FCF1E3,242.6,#02000A,1.9,3.2,29.4,194.9,240.1,242.5,239.3,220,26.1,0.84,1.61,3.56,16.4,1650,5512,4.0,7.0,15.0,51.0,77.0,12.75,0.418,0.548,0.028,8.26,0.188,0.003,25.3,0.9888178913738019,0.1778846153846154,0.11447811447811448,0.4967948717948718,0.9984025559105432,55.5,25,-8
hf278,278,hf278-lens-winter-town,lens,-,HF-4b,2,calib,#FBF1E3,242.3,#341618,31.3,50.8,131.6,224.3,233.5,242.3,191.5,104,12.4,1.0,0.99,2.38,5.8,432,6627,4.0,6.0,10.0,16.0,42.0,4.0,0.528,0.643,0.063,1.61,0.029,0.0,11.5,0.7252396166134185,0.04487179487179487,0.18855218855218855,0.08493589743589744,0.5143769968051118,31.2,24,28
hf279,279,hf279-stress-earthquake,stressor,town,HF-4b,2,calib,#FAF2E3,242.6,#4C342B,58.2,78.8,144.1,220.4,238.9,242.4,163.6,97,40.1,1.69,2.88,4.19,17.3,2196,5634,4.0,7.0,10.0,15.0,35.0,3.75,0.432,0.688,0.031,2.5,0.0,0.082,40.0,0.20926517571884984,0.5801282051282052,0.622895622895623,0.5272435897435898,0.42012779552715657,47.2,23,33
hf280,280,hf280-stress-landslide,stressor,town,HF-4b,0,calib,#FBF1DE,241.8,#362921,44.1,63.3,118.4,207.2,238.2,241.8,178.5,118,47.4,2.04,2.95,4.37,15.3,3539,4351,5.0,8.0,11.0,18.0,46.0,3.6,0.457,0.519,0.132,,0.0,0.182,47.2,0.4952076677316294,0.6089743589743589,0.8282828282828283,0.44711538461538464,0.31629392971246006,53.9,29,21
hf281,281,hf281-stress-drought,stressor,town,HF-4b,2,calib,#FBEFDE,240.6,#362822,43.3,69.3,123.4,212.2,237.1,240.4,171.1,118,42.5,2.23,3.38,4.92,19.3,1625,5273,3.0,5.0,9.0,15.0,49.0,5.0,0.6,0.71,0.043,1.8,0.0,0.038,42.3,0.5223642172523961,0.8285256410256411,0.8956228956228957,0.5833333333333334,0.7827476038338658,72.3,29,20
hf282,282,hf282-town-frozen-harbor,town,town,HF-4b,2,calib,#FCF8EE,248.1,#202325,34.0,59.5,141.0,233.2,245.3,248.1,188.6,121,20.1,1.73,3.6,5.31,57.1,842,6810,4.0,6.0,9.0,16.0,54.0,4.0,0.327,0.343,0.089,,0.001,0.029,19.9,0.6853035143769968,0.8862179487179487,0.6447811447811448,0.9375,0.5143769968051118,73.4,14,-5
hf283,283,hf283-village-vineyard,village,village,HF-4b,2,calib,#F9EAD3,236.1,#3D2D26,49.0,71.7,129.7,210.8,229.2,235.9,164.2,99,49.3,,2.36,3.76,13.2,7734,0,4.0,7.0,11.0,18.0,43.0,4.5,0.467,0.498,0.107,1.03,0.001,0.511,49.2,0.3817891373801917,0.38301282051282054,,0.36217948717948717,0.6725239616613419,45.0,38,23
hf284,284,hf284-village-polder,village,village,HF-4b,2,calib,#FCF5E5,245.4,#4F372D,61.1,79.1,148.2,240.6,244.2,245.3,166.2,101,31.1,0.82,1.63,3.59,13.7,576,8081,5.0,7.0,10.0,18.0,41.0,3.6,0.312,0.35,0.151,,0.0,0.024,30.8,0.15814696485623003,0.1858974358974359,0.09764309764309764,0.3926282051282051,0.31629392971246006,23.0,23,34
hf285,285,hf285-town-spa-springs,town,town,HF-4b,2,calib,#FDF6E9,246.4,#4F3B34,64.0,84.4,139.4,235.3,244.1,246.3,161.9,107,34.1,1.43,3.09,4.96,26.5,941,7373,4.0,7.0,10.0,18.0,54.0,4.5,0.375,0.517,0.083,3.9,0.003,0.095,33.8,0.11182108626198084,0.6762820512820513,0.4713804713804714,0.7516025641025641,0.6725239616613419,53.7,20,27
hf286,286,hf286-town-river-island,town,town,HF-4b,2,calib,#FCF5E4,245.2,#4F362E,60.9,84.6,149.0,232.7,241.2,245.0,160.4,98,36.5,1.84,2.73,4.39,15.6,404,8748,6.0,8.0,11.0,16.0,39.0,2.67,0.347,0.596,0.181,7.32,0.0,0.015,36.4,0.16453674121405748,0.5112179487179487,0.7222222222222222,0.46474358974358976,0.03354632587859425,37.9,24,33
hf287,287,hf287-village-ironfield,village,village,HF-4b,1,calib,#FCF5E5,245.2,#412E25,50.5,74.5,148.5,239.9,243.6,245.2,170.7,103,34.6,0.67,1.15,3.22,40.9,1132,8154,4.0,6.0,10.0,16.0,45.0,4.0,0.346,0.41,0.196,2.0,0.0,0.091,34.2,0.3466453674121406,0.09455128205128205,0.021885521885521887,0.8926282051282052,0.5143769968051118,37.4,23,28
hf288,288,hf288-town-cloth,town,town,HF-4b,2,calib,#FAEDDB,239.0,#3F3432,54.9,76.1,124.4,205.5,233.3,238.8,162.7,108,44.9,2.05,3.14,4.42,9.6,2386,3489,3.0,4.0,7.0,11.0,42.0,3.67,0.557,0.68,0.053,,0.005,0.156,44.9,0.25239616613418525,0.7019230769230769,0.8333333333333334,0.20512820512820512,0.35782747603833864,47.0,31,13
hf289,289,hf289-city-lake-chinampa,city,city,HF-4b,1,calib,#F9E9D3,235.1,#4C362E,60.1,75.6,119.6,203.2,223.7,234.9,159.3,103,35.0,2.63,4.27,5.43,25.0,850,5974,4.0,6.0,8.0,14.0,51.0,3.5,0.451,0.709,0.05,3.61,0.014,0.058,34.7,0.17891373801916932,0.9791666666666666,0.9629629629629629,0.719551282051282,0.2715654952076677,62.2,38,30
hf290,290,hf290-ordu-mobile-capital,town,town,HF-4b,1,calib,#FDF6E8,246.1,#56453C,73.2,100.4,180.5,241.4,244.6,245.9,145.5,80,29.6,0.71,1.12,2.79,6.4,422,9566,5.0,7.0,9.0,14.0,32.0,2.8,0.158,0.169,0.143,,0.0,0.001,29.3,0.04313099041533541,0.09134615384615384,0.03872053872053872,0.10737179487179487,0.06070287539936102,6.8,21,26
hf291,291,hf291-countryside-parish-system,systems,-,HF-4b,2,calib,#FAF2E2,242.8,#392F2A,49.3,71.0,145.6,224.7,238.7,242.7,171.7,106,40.5,1.75,2.75,3.99,18.9,5953,115,5.0,7.0,11.0,20.0,52.0,4.0,0.326,0.461,0.137,3.89,0.002,0.124,40.5,0.3738019169329073,0.5192307692307693,0.6582491582491582,0.5721153846153846,0.5143769968051118,52.8,24,15
hf292,292,hf292-march-watch-line,systems,-,HF-4b,1,calib,#FAEFDE,240.1,#392B25,46.5,62.6,129.4,217.5,236.7,239.9,177.3,113,42.7,1.83,2.4,4.06,13.7,1901,6175,3.0,6.0,8.0,19.0,52.0,6.33,0.387,0.364,0.143,,0.0,0.109,42.6,0.4456869009584664,0.3974358974358974,0.7154882154882155,0.3926282051282051,0.9345047923322684,57.7,28,20
hf293,293,hf293-quarantine-island,institution,-,HF-4b,2,calib,#FAF0E1,241.6,#41372F,57.0,78.2,137.1,232.9,239.5,241.5,163.3,105,35.8,1.67,3.3,4.84,31.9,658,8870,4.0,7.0,10.0,21.0,46.0,5.25,0.34,0.378,0.283,1.78,0.0,0.027,35.7,0.22204472843450485,0.780448717948718,0.5942760942760943,0.8253205128205128,0.8194888178913738,64.8,25,18
hf294,294,hf294-aqueduct-line,systems,-,HF-4b,1,calib,#FCF4E7,245.1,#40211C,41.3,70.2,165.3,239.0,243.5,245.0,174.8,96,31.5,0.7,1.01,3.05,8.9,487,9052,5.0,7.0,11.0,18.0,50.0,3.6,0.258,0.271,0.249,,0.0,0.0,31.1,0.5463258785942492,0.049679487179487176,0.03367003367003367,0.18108974358974358,0.31629392971246006,22.5,21,36
hf295,295,hf295-canal-navigation,systems,-,HF-4b,1,calib,#FBF1E2,242.3,#2E2A26,42.8,65.4,126.5,207.0,239.5,242.1,176.7,116,34.1,1.61,2.91,4.47,25.1,3951,4620,4.0,6.0,8.0,13.0,35.0,3.25,0.365,0.38,0.168,,0.025,0.178,33.9,0.5303514376996805,0.594551282051282,0.5606060606060606,0.7243589743589743,0.18210862619808307,51.8,25,8
hf296,296,hf296-shipyard-town,town,town,HF-4b,2,calib,#FBF3E4,243.9,#4D3327,57.4,81.1,139.9,220.6,240.8,243.7,162.6,103,43.1,1.6,3.16,4.66,18.9,2543,5902,4.0,6.0,9.0,20.0,45.0,5.0,0.384,0.404,0.164,,0.0,0.078,43.0,0.21884984025559107,0.7099358974358975,0.5572390572390572,0.5721153846153846,0.7827476038338658,56.8,23,38
hf297,297,hf297-cave-mouth-town,town,town,HF-4b,1,calib,#FAEDDB,238.9,#22110D,21.5,46.3,114.6,193.7,226.7,238.7,192.4,117,46.0,,2.88,4.37,26.5,6586,0,4.0,6.0,9.0,15.0,50.0,3.75,0.554,0.621,0.036,,0.025,0.323,45.8,0.8578274760383386,0.5801282051282052,,0.7516025641025641,0.42012779552715657,65.2,31,21
hf298,298,hf298-siq-hidden-city,city,city,HF-4b,2,calib,#FAF0DF,241.5,#271F1E,33.6,47.9,108.8,187.4,235.5,241.1,193.2,133,39.8,1.88,3.49,5.08,30.3,2174,3215,3.0,5.0,8.0,14.0,39.0,4.67,0.647,0.778,0.068,5.36,0.005,0.003,39.7,0.6884984025559105,0.8637820512820513,0.7542087542087542,0.8189102564102564,0.7252396166134185,77.0,27,9
hf299,299,hf299-EXP-thorp-continuation-of-hf90,exp,thorp,HF-4b,1,calib,#F8E3CE,230.7,#2C1B1D,32.3,54.7,114.2,193.6,220.4,230.2,175.5,109,49.5,,2.67,3.95,22.2,5717,0,2.0,4.0,7.0,13.0,45.0,6.5,0.832,0.892,0.002,,0.0,0.094,49.5,0.7044728434504792,0.49038461538461536,,0.657051282051282,0.9424920127795527,69.9,42,15
hf300,300,hf300-EXP-winter-lens-of-hf20,exp,town,HF-4b,0,calib,#F1F3F8,243.0,#2E303B,48.6,66.8,118.3,208.7,231.1,241.5,174.7,113,16.0,1.7,3.15,4.93,45.8,787,4987,5.0,8.0,12.0,20.0,51.0,4.0,0.611,0.712,0.037,,0.266,0.0,16.2,0.39616613418530355,0.7067307692307693,0.632996632996633,0.9086538461538461,0.5143769968051118,63.2,-7,-13
hf301,301,hf301-under-city-leaf,underground,city,HF-4b,2,calib,#FCF5E6,245.5,#36302A,49.0,73.8,148.8,238.2,243.7,245.4,171.6,101,29.8,1.42,3.31,4.98,29.5,217,8989,5.0,7.0,9.0,14.0,44.0,2.8,0.379,0.515,0.085,11.82,0.0,0.0,29.5,0.3817891373801917,0.7836538461538461,0.46296296296296297,0.8076923076923077,0.06070287539936102,49.9,22,12
hf302,302,hf302-stress-landslide-plan-CURE280,stressor,town,HF-4b,1,calib,#FCF5EA,245.9,#37231F,40.6,57.8,130.7,237.8,243.5,245.7,187.9,117,29.8,1.3,2.84,4.89,87.4,588,8399,5.0,8.0,11.0,21.0,69.0,4.2,0.402,0.591,0.076,5.0,0.0,0.012,29.5,0.560702875399361,0.5544871794871795,0.3888888888888889,0.9823717948717948,0.5782747603833865,61.3,18,24
hf303,303,hf303-legend-masterplate,specimen,-,HF-4b,3,calib,#FCF3E5,244.0,#321D19,34.8,60.6,161.0,238.1,242.5,243.8,183.2,101,31.4,0.67,1.19,3.02,13.6,894,9834,6.0,8.0,14.0,23.0,57.0,3.83,0.162,0.167,0.292,,0.0,0.058,31.2,0.6789137380191693,0.10576923076923077,0.021885521885521887,0.3814102564102564,0.46166134185303515,33.0,23,25
hf304,304,hf304-zoom-vernacular-houses,specimen,-,HF-4b,2,calib,#FCF7EB,247.3,#1B110D,19.8,32.1,146.6,242.6,246.3,247.1,215.0,131,25.4,1.12,2.38,3.77,13.4,1951,9116,4.0,10.0,16.0,30.0,70.0,7.5,0.138,0.173,0.373,12.11,0.0,0.001,25.1,0.8801916932907348,0.391025641025641,0.2542087542087542,0.3701923076923077,0.963258785942492,57.2,17,14
hf305,305,hf305-zoom-tenure-marks,specimen,-,HF-4b,2,calib,#FBF1E1,242.3,#3C332A,52.5,82.1,154.2,213.9,231.2,242.2,160.1,88,55.3,1.62,2.5,4.26,7.2,2957,1617,3.0,4.0,6.0,10.0,29.0,3.33,0.545,0.695,0.05,3.16,0.0,0.429,55.1,0.3003194888178914,0.4375,0.5673400673400674,0.12980769230769232,0.21405750798722045,33.0,26,18
hf306,306,hf306-town-in-ruins,town,town,HF-4b,2,calib,#FAF0DF,240.9,#3F2B23,48.0,67.3,122.4,213.6,237.5,240.8,173.5,117,45.7,1.91,3.36,4.91,13.6,1432,4513,4.0,6.0,9.0,15.0,42.0,3.75,0.553,0.649,0.042,5.22,0.0,0.174,45.6,0.41373801916932906,0.8125,0.7676767676767676,0.3814102564102564,0.42012779552715657,55.9,27,28
hf307,307,hf307-inhabited-bridge,town,town,HF-4b,1,calib,#F8E0BF,227.8,#29160F,26.9,47.8,135.6,199.2,220.0,227.4,179.6,98,55.6,3.11,3.93,5.16,7.6,599,7378,3.0,5.0,7.0,14.0,41.0,4.67,0.386,0.505,0.112,2.12,0.0,0.437,55.6,0.7939297124600639,0.9503205128205128,0.9882154882154882,0.14583333333333334,0.7252396166134185,72.1,57,26
hf308,308,hf308-transhumance-pair,systems,-,HF-4b,0,calib,#FCF5E8,245.9,#2B1714,28.7,57.2,126.7,232.3,244.3,245.6,188.4,135,35.0,1.38,2.22,3.85,16.9,1524,7336,4.0,7.0,12.0,21.0,46.0,5.25,0.287,0.382,0.315,3.98,0.0,0.141,34.9,0.7651757188498403,0.3317307692307692,0.4225589225589226,0.5112179487179487,0.8194888178913738,57.0,20,23
hf309,309,hf309-moved-harbor,town,town,HF-4b,2,calib,#F8EFE2,240.5,#2D2823,40.8,66.2,117.8,218.2,236.3,240.3,174.1,122,34.9,2.2,3.95,5.11,18.0,1432,6425,3.0,5.0,8.0,14.0,56.0,4.67,0.444,0.447,0.095,,0.0,0.188,34.8,0.5527156549520766,0.9535256410256411,0.8838383838383839,0.5432692307692307,0.7252396166134185,73.2,22,10
hf310,310,hf310-cliff-monastery,institution,village,HF-4b,2,calib,#F9F0E0,241.3,#332B24,44.4,58.9,102.8,211.3,236.8,241.1,182.2,132,41.1,2.08,3.45,4.65,16.3,1165,5512,4.0,6.0,11.0,18.0,51.0,4.5,0.562,0.626,0.058,,0.002,0.094,41.0,0.4824281150159745,0.8493589743589743,0.8417508417508418,0.49198717948717946,0.6725239616613419,66.8,25,15
hf311,311,hf311-zoom-gate-suburb,zoom,-,HF-4b,2,calib,#FCF5E6,245.5,#3D2E27,49.3,70.6,171.9,238.9,244.2,245.4,174.8,96,34.4,0.79,1.17,2.46,25.8,1209,8278,3.0,5.0,9.0,12.0,53.0,4.0,0.246,0.377,0.106,3.5,0.0,0.051,34.2,0.3738019169329073,0.09775641025641026,0.08080808080808081,0.7323717948717948,0.5143769968051118,36.0,22,22
hf312,312,hf312-island-parish,systems,-,HF-4b,2,calib,#FCFAEB,249.2,#3C261B,43.4,60.9,117.0,246.0,248.0,249.0,188.1,142,30.5,0.72,2.89,4.74,25.9,2449,7319,3.0,5.0,8.0,14.0,62.0,4.67,0.301,0.37,0.116,,0.0,0.535,30.1,0.5191693290734825,0.5897435897435898,0.045454545454545456,0.7355769230769231,0.7252396166134185,52.3,17,33
hf313,313,hf313-spec-gate-anatomy,specimen,-,HF-4c,1,calib,#FAF1E0,241.7,#1F1915,26.2,50.5,140.2,229.1,239.2,241.6,191.1,112,37.5,2.09,2.75,4.08,8.0,1215,7603,4.0,5.0,8.0,15.0,49.0,3.75,0.297,0.324,0.274,,0.0,0.003,37.4,0.7987220447284344,0.5192307692307693,0.8468013468013468,0.15865384615384615,0.42012779552715657,54.9,26,10
hf314,314,hf314-spec-wall-head,specimen,-,HF-4c,2,calib,#FDF7EA,247.3,#4F3A30,63.4,90.8,191.1,243.2,245.9,247.2,156.4,79,25.9,1.2,1.5,2.17,28.1,541,9526,3.0,4.0,7.0,10.0,37.0,3.33,0.249,0.264,0.44,,0.0,0.006,25.6,0.12619808306709268,0.15705128205128205,0.32154882154882153,0.7660256410256411,0.21405750798722045,31.7,19,31
hf315,315,hf315-spec-tower-variety,specimen,-,HF-4c,2,calib,#FCF3E1,243.5,#492F25,53.8,77.1,190.1,239.7,242.0,243.3,166.2,84,35.1,0.72,0.83,1.68,3.0,999,10612,5.0,9.0,10.0,14.0,42.0,2.8,0.105,0.114,0.402,,0.0,0.008,34.8,0.2715654952076677,0.014423076923076924,0.045454545454545456,0.014423076923076924,0.06070287539936102,8.1,27,36
hf316,316,hf316-town-many-names-AB,town,town,HF-4c,3,calib,#FBF2E1,242.5,#40352D,55.3,78.8,159.3,224.4,239.6,242.2,163.4,92,37.8,1.86,2.42,3.77,12.4,1654,5830,5.0,7.0,9.0,16.0,51.0,3.2,0.316,0.418,0.031,1.78,0.0,0.113,37.7,0.24760383386581475,0.40705128205128205,0.7441077441077442,0.3157051282051282,0.15175718849840256,37.3,26,19
hf317,317,hf317-town-flood-marks-AB,town,town,HF-4c,2,calib,#FDF7E8,246.7,#594236,71.2,100.3,196.2,233.1,244.6,246.6,146.3,70,27.5,1.01,1.57,1.99,3.6,486,6549,4.0,6.0,10.0,15.0,45.0,3.75,0.191,0.278,0.258,3.43,0.0,0.011,27.3,0.0591054313099042,0.16506410256410256,0.19696969696969696,0.020833333333333332,0.42012779552715657,17.2,21,35
hf318,318,hf318-town-unequal-circuit-AB,town,town,HF-4c,3,calib,#FDF4E7,245.3,#281411,25.2,56.3,149.3,235.8,243.3,245.1,188.8,103,29.0,0.82,0.86,1.29,7.5,1219,7064,5.0,7.0,11.0,18.0,37.0,3.6,0.454,0.49,0.123,,0.0,0.019,28.5,0.8162939297124601,0.022435897435897436,0.09764309764309764,0.14102564102564102,0.31629392971246006,27.9,22,23
hf319,319,hf319-lod-ladder-4panel,specimen,-,HF-4c,3,calib,#FAF0E0,241.1,#2C231D,36.8,55.9,127.2,228.5,238.4,240.9,185.0,123,33.8,1.68,3.48,5.09,82.5,940,6937,4.0,5.0,8.0,24.0,61.0,6.0,0.362,0.402,0.058,,0.0,0.126,33.7,0.6405750798722045,0.8589743589743589,0.6077441077441077,0.9791666666666666,0.9105431309904153,79.9,26,15
hf320,320,hf320-spec-street-hierarchy,specimen,-,HF-4c,3,calib,#FCF5E6,245.3,#32211A,37.5,58.2,136.7,226.2,243.3,245.2,187.0,119,35.0,1.58,2.23,4.27,11.2,2092,5412,3.0,4.0,8.0,15.0,54.0,5.0,0.26,0.285,0.178,,0.0,0.169,34.9,0.6182108626198083,0.33653846153846156,0.5471380471380471,0.26121794871794873,0.7827476038338658,50.9,22,24
hf321,321,hf321-spec-field-boundaries,specimen,-,HF-4c,3,calib,#FCF2DE,242.8,#432922,48.1,79.0,197.1,240.5,241.1,242.7,163.7,69,36.1,0.61,0.75,1.26,4.0,427,10989,5.0,8.0,11.0,21.0,57.0,4.2,0.085,0.094,0.362,,0.0,0.088,35.8,0.40415335463258784,0.004807692307692308,0.005050505050505051,0.03365384615384615,0.5782747603833865,20.5,30,33
hf322,322,hf322-spec-waterfront-edge,specimen,-,HF-4c,2,calib,#FCF5E4,244.9,#594539,73.5,100.2,193.7,239.0,243.2,244.9,144.7,72,33.2,1.26,1.83,3.97,11.0,196,9473,3.0,4.0,7.0,10.0,28.0,3.33,0.203,0.226,0.302,,0.0,0.002,33.0,0.039936102236421744,0.24519230769230768,0.3653198653198653,0.25,0.21405750798722045,22.3,24,32
hf323,323,hf323-spec-church-ladder,specimen,-,HF-4c,3,calib,#FDF7E7,246.8,#351E19,36.4,42.4,113.4,240.1,245.0,246.7,204.3,146,30.9,0.74,0.82,1.4,5.1,2329,7537,4.0,7.0,19.0,31.0,61.0,7.75,0.174,0.192,0.165,,0.0,0.293,30.6,0.6565495207667731,0.011217948717948718,0.058922558922558925,0.0625,0.9728434504792333,35.2,22,28
hf324,324,hf324-town-bastide-halffilled,town,town,HF-4c,3,calib,#FDFAE7,248.4,#5E5045,83.0,118.9,187.1,243.1,247.2,248.4,129.5,68,31.2,1.21,2.64,4.1,10.6,746,8918,3.0,5.0,7.0,15.0,26.0,5.0,0.266,0.276,0.1,,0.0,0.692,31.0,0.011182108626198062,0.4823717948717949,0.3383838383838384,0.24519230769230768,0.7827476038338658,37.2,22,25
hf325,325,hf325-town-castle-rank-zoned,town,town,HF-4c,2,calib,#FCF4E4,244.5,#51453C,71.5,94.1,152.1,234.1,241.8,244.5,150.4,94,32.3,1.78,3.63,4.95,19.3,1064,7807,4.0,5.0,9.0,23.0,52.0,5.75,0.47,0.725,0.034,9.87,0.04,0.022,31.9,0.054313099041533586,0.8910256410256411,0.6818181818181818,0.5833333333333334,0.8865814696485623,61.9,24,21
hf326,326,hf326-city-ward-walled-grid,city,city,HF-4c,2,calib,#FCF4E7,244.9,#57453C,73.6,97.8,133.1,221.8,242.9,244.7,146.9,89,30.0,1.2,1.75,3.2,4.7,1019,5454,5.0,5.0,6.0,10.0,57.0,2.0,0.695,0.793,0.034,,0.0,0.013,29.7,0.036741214057507965,0.22115384615384615,0.32154882154882153,0.052884615384615384,0.001597444089456869,12.7,21,27
hf327,327,hf327-city-mudbrick-river-caravan,city,city,HF-4c,3,calib,#FDF5E7,245.7,#3C2C27,48.3,72.6,126.6,232.9,243.6,245.6,173.0,106,27.5,0.76,0.99,1.78,20.0,1005,6643,6.0,8.0,10.0,19.0,54.0,3.17,0.522,0.74,0.036,8.35,0.0,0.0,26.9,0.40095846645367417,0.04487179487179487,0.06902356902356903,0.6137820512820513,0.13099041533546327,25.2,22,21
hf328,328,hf328-city-causeway-ceremonial,city,city,HF-4c,3,calib,#FCF4E5,244.6,#352E29,47.6,82.5,144.0,234.9,242.6,244.6,162.1,98,34.2,1.18,2.25,5.43,15.7,1100,6843,4.0,6.0,7.0,11.0,42.0,2.75,0.482,0.689,0.059,3.58,0.0,0.008,33.9,0.4313099041533547,0.34775641025641024,0.2996632996632997,0.47115384615384615,0.04472843450479233,31.9,23,12
hf329,329,hf329-town-hilltown-contour,town,town,HF-4c,2,calib,#FCF2E0,243.1,#372622,42.8,70.8,152.4,229.5,240.3,242.9,172.1,97,37.1,1.44,2.12,3.2,11.8,1234,6255,3.0,5.0,8.0,14.0,43.0,4.67,0.616,0.696,0.006,,0.0,0.002,36.8,0.5303514376996805,0.30288461538461536,0.4781144781144781,0.2916666666666667,0.7252396166134185,46.6,28,21
hf330,330,hf330-town-citadel-cleared-wedge,town,town,HF-4c,2,calib,#FBF3E2,243.7,#230E0C,20.2,35.9,144.6,231.5,240.8,243.5,207.6,109,35.6,1.76,2.76,4.23,13.6,1511,6904,5.0,7.0,10.0,17.0,52.0,3.4,0.437,0.683,0.042,5.5,0.0,0.001,35.4,0.8706070287539937,0.530448717948718,0.67003367003367,0.3814102564102564,0.2380191693290735,53.8,25,23
hf331,331,hf331-town-dual-lordship,town,town,HF-4c,3,calib,#FCF2DE,242.6,#40352E,55.7,78.4,140.3,227.3,240.1,242.4,164.0,100,39.9,1.75,2.46,3.55,9.5,1338,6267,5.0,7.0,9.0,17.0,60.0,3.4,0.415,0.491,0.063,,0.0,0.228,39.9,0.2412140575079872,0.4182692307692308,0.6582491582491582,0.1971153846153846,0.2380191693290735,35.1,30,18
hf332,332,hf332-town-fishing-drying,town,town,HF-4c,3,calib,#FCF3E2,243.6,#4D3B33,63.7,92.6,153.8,225.1,240.6,243.5,150.9,83,29.9,0.79,0.93,1.41,4.6,1001,5076,4.0,6.0,8.0,15.0,49.0,3.75,0.506,0.558,0.095,,0.0,0.111,29.5,0.11980830670926512,0.03365384615384615,0.08080808080808081,0.04807692307692308,0.42012779552715657,14.0,26,26
hf333,333,hf333-town-drove-stances,town,town,HF-4c,3,calib,#FCF5E6,245.1,#484038,65.4,87.0,137.7,225.4,243.6,245.0,158.0,106,31.6,0.86,1.02,2.33,12.2,1379,5219,3.0,5.0,7.0,11.0,43.0,3.67,0.462,0.531,0.195,,0.0,0.105,31.5,0.10702875399361023,0.057692307692307696,0.13636363636363635,0.30448717948717946,0.35782747603833864,19.3,22,16
hf334,334,hf334-town-record-and-mint,town,town,HF-4c,2,calib,#FBECD8,238.1,#2F2822,41.5,66.7,120.6,206.6,234.7,237.9,171.2,108,45.5,0.85,1.33,2.51,23.7,3208,3082,5.0,7.0,9.0,17.0,51.0,3.4,0.593,0.675,0.062,,0.0,0.356,45.3,0.5415335463258786,0.1330128205128205,0.12794612794612795,0.6907051282051282,0.2380191693290735,34.6,35,13
hf335,335,hf335-quarter-swallowed-village,village,village,HF-4c,3,calib,#FCF1E2,242.7,#392D27,48.0,70.7,149.5,232.1,240.3,242.5,171.8,97,34.1,1.4,1.81,2.87,2.4,102,7301,2.0,4.0,8.0,12.0,30.0,6.0,0.502,0.537,0.041,,0.0,0.026,33.9,0.41373801916932906,0.23557692307692307,0.44276094276094274,0.008012820512820512,0.9105431309904153,40.2,26,18
hf336,336,hf336-town-abbey-suppressed,town,town,HF-4c,2,calib,#FCF2E0,243.0,#4D443D,70.0,87.7,158.1,237.7,241.1,242.9,155.2,86,32.7,1.13,1.4,2.12,11.0,84,9150,4.0,6.0,8.0,12.0,34.0,3.0,0.365,0.455,0.055,4.76,0.0,0.011,32.3,0.06549520766773165,0.14262820512820512,0.26262626262626265,0.25,0.10223642172523961,16.5,28,16
hf337,337,hf337-lens-worn-folio,lens,town,HF-4c,2,calib,#FEFCF9,252.1,#4B372C,59.7,95.0,160.8,216.7,234.9,254.6,159.6,88,44.4,0.6,2.86,4.33,12.8,5897,154,3.0,5.0,7.0,14.0,39.0,4.67,0.444,0.574,0.05,,0.0,0.002,44.4,0.18530351437699677,0.5657051282051282,0.0016835016835016834,0.3301282051282051,0.7252396166134185,36.2,5,31
hf338,338,hf338-lens-unfinished-survey,lens,town,HF-4c,3,calib,#FAF2E3,242.6,#0D0503,7.1,81.7,200.8,238.4,241.3,242.5,160.8,70,29.2,1.3,1.79,2.77,4.5,378,9722,3.0,5.0,7.0,12.0,48.0,4.0,0.174,0.399,0.159,4.74,0.0,0.056,29.1,0.9664536741214057,0.23237179487179488,0.3888888888888889,0.04326923076923077,0.5143769968051118,42.9,23,10
hf339,339,hf339-lens-wet-season,lens,town,HF-4c,2,calib,#FDF4E7,245.0,#5C4F47,81.8,111.3,192.0,227.1,242.6,244.7,133.4,67,19.5,0.82,1.02,2.35,5.4,1581,5371,3.0,5.0,8.0,11.0,24.0,3.67,0.171,0.207,0.169,4.84,0.0,0.0,19.2,0.014376996805111841,0.057692307692307696,0.09764309764309764,0.07211538461538461,0.35782747603833864,12.0,22,21
hf340,340,hf340-zoom-mill-complex,zoom,-,HF-4c,3,calib,#FCF4E1,244.3,#41322C,53.7,80.8,190.2,240.4,243.1,244.2,163.4,84,32.6,1.13,1.26,2.65,68.7,94,10368,5.0,8.0,11.0,26.0,55.0,5.2,0.142,0.169,0.386,1.03,0.0,0.041,32.3,0.27795527156549515,0.1201923076923077,0.26262626262626265,0.969551282051282,0.805111821086262,48.7,27,21
hf341,341,hf341-zoom-inn-yard,zoom,-,HF-4c,2,calib,#FBF3E0,242.9,#2A1915,29.5,43.3,151.8,219.3,241.1,242.8,199.5,115,34.1,1.5,1.84,2.54,9.0,3951,5329,3.0,4.0,7.0,16.0,44.0,5.33,0.227,0.313,0.097,2.77,0.0,0.009,33.8,0.7619808306709265,0.2532051282051282,0.5067340067340067,0.1875,0.8402555910543131,51.0,27,21
hf342,342,hf342-zoom-civic-knot,zoom,-,HF-4c,3,calib,#FCF5E8,245.6,#2B2420,37.8,60.3,150.4,224.8,243.9,245.5,185.2,110,27.2,1.44,1.88,2.65,6.5,3503,6027,3.0,5.0,8.0,17.0,63.0,5.67,0.277,0.299,0.199,,0.0,0.0,26.9,0.6070287539936102,0.2676282051282051,0.4781144781144781,0.11538461538461539,0.8722044728434505,46.8,20,11
hf343,343,hf343-zoom-tannery-dye-ground,zoom,-,HF-4c,3,calib,#FBF4E4,244.4,#3A2C26,47.7,74.0,141.3,223.6,241.1,244.2,170.2,103,37.4,1.68,3.21,4.83,15.5,1483,5358,3.0,5.0,8.0,12.0,40.0,4.0,0.525,0.656,0.025,18.53,0.0,0.002,37.3,0.4249201277955271,0.7451923076923077,0.6077441077441077,0.4567307692307692,0.5143769968051118,55.0,23,20
hf344,344,hf344-zoom-churchyard,zoom,-,HF-4c,3,calib,#FCF3E0,243.4,#312A24,43.2,70.7,157.7,239.6,241.9,243.2,172.5,94,33.2,0.9,1.64,3.11,26.4,475,9291,5.0,7.0,9.0,16.0,50.0,3.2,0.235,0.365,0.129,4.12,0.0,0.007,32.9,0.5255591054313099,0.19391025641025642,0.15151515151515152,0.7451923076923077,0.15175718849840256,35.4,28,13
hf345,345,hf345-zoom-castle-bailey,zoom,-,HF-4c,3,calib,#FCF6DF,245.4,#281811,27.9,49.1,141.2,240.1,243.7,245.3,196.2,117,35.0,1.21,3.87,5.12,13.0,584,8444,4.0,6.0,9.0,24.0,57.0,6.0,0.326,0.351,0.139,,0.0,0.641,34.8,0.7811501597444089,0.9326923076923077,0.3383838383838384,0.34775641025641024,0.9105431309904153,66.2,29,23
hf346,346,hf346-town-head-of-navigation,town,town,HF-4c,3,calib,#FCF3E5,244.0,#514031,67.3,94.9,171.6,224.0,241.5,243.8,148.9,80,24.9,0.85,1.76,2.35,5.4,2266,4750,4.0,6.0,8.0,16.0,57.0,4.0,0.279,0.366,0.101,3.38,0.0,0.291,24.6,0.07507987220447288,0.22596153846153846,0.12794612794612795,0.07211538461538461,0.5143769968051118,20.3,23,32
hf347,347,hf347-town-three-circuits,town,town,HF-4c,2,calib,#FBF3E2,243.6,#483830,60.2,80.6,142.5,226.2,241.5,243.5,162.9,100,34.1,0.89,1.18,3.16,6.4,1349,5281,4.0,6.0,9.0,15.0,37.0,3.75,0.555,0.78,0.018,4.64,0.0,0.161,34.0,0.17252396166134187,0.10096153846153846,0.1447811447811448,0.10737179487179487,0.42012779552715657,18.9,25,24
hf348,348,hf348-town-that-moved,town,town,HF-4c,3,calib,#FBF2E6,243.6,#35312C,49.4,90.1,176.4,231.3,241.4,243.4,153.3,81,27.5,1.63,2.33,4.26,7.9,589,7692,3.0,4.0,7.0,11.0,28.0,3.67,0.263,0.299,0.151,,0.0,0.223,27.3,0.36741214057507987,0.3782051282051282,0.5774410774410774,0.15224358974358973,0.35782747603833864,36.7,21,9
hf349,349,hf349-terrain-karst-plateau,terrain,-,HF-4c,3,calib,#FBF2E6,243.0,#322621,40.8,71.3,146.3,225.2,238.8,242.9,171.6,96,30.2,0.95,1.35,1.96,10.3,282,7587,4.0,6.0,9.0,14.0,38.0,3.5,0.429,0.414,0.109,,0.0,0.536,30.1,0.5527156549520766,0.1362179487179487,0.17676767676767677,0.23557692307692307,0.2715654952076677,27.5,21,17
hf350,350,hf350-terrain-volcanic-ash,terrain,-,HF-4c,3,calib,#FAEDDC,239.2,#1E1613,24.2,47.3,125.3,212.0,235.2,238.9,191.6,117,42.4,1.64,2.56,4.11,13.6,1313,3920,3.0,5.0,8.0,13.0,38.0,4.33,0.682,0.761,0.035,,0.0,0.157,42.2,0.8226837060702875,0.4599358974358974,0.5841750841750841,0.3814102564102564,0.6357827476038339,57.7,30,11
hf351,351,hf351-terrain-dune-coast,terrain,-,HF-4c,3,calib,#FDF6E7,246.6,#46342E,56.7,102.1,193.5,241.6,245.3,246.5,144.4,72,28.3,1.09,1.3,2.39,21.5,72,9094,4.0,5.0,8.0,14.0,31.0,3.5,0.257,0.274,0.199,,0.0,0.018,28.0,0.2284345047923323,0.1282051282051282,0.2356902356902357,0.6426282051282052,0.2715654952076677,30.1,22,24
hf352,352,hf352-terrain-moor-peat,terrain,-,HF-4c,3,calib,#FCF2E2,243.4,#362E28,47.5,80.5,140.9,220.9,241.2,243.2,162.7,100,40.0,0.89,1.06,2.45,5.6,2117,3782,3.0,5.0,7.0,14.0,38.0,4.67,0.49,0.503,0.011,,0.0,0.158,39.8,0.4361022364217252,0.07852564102564102,0.1447811447811448,0.08173076923076923,0.7252396166134185,29.3,26,14
hf353,353,hf353-terrain-taiga-river,terrain,-,HF-4c,3,calib,#FCF0E0,241.7,#0C0908,9.7,24.7,57.0,183.4,236.9,241.6,216.9,176,23.9,1.08,2.95,4.92,24.5,345,3929,4.0,6.0,10.0,16.0,49.0,4.0,0.839,0.865,0.0,,0.0,0.005,23.6,0.9456869009584664,0.6089743589743589,0.22727272727272727,0.7019230769230769,0.5143769968051118,60.0,28,4
hf354,354,hf354-terrain-salt-lake,terrain,-,HF-4c,3,calib,#FCF2E3,243.1,#5A4A40,77.8,107.6,163.3,232.0,241.1,243.0,135.4,81,31.0,0.88,1.27,3.31,39.1,240,6807,3.0,5.0,7.0,12.0,35.0,4.0,0.437,0.423,0.237,,0.0,0.023,30.6,0.02076677316293929,0.1233974358974359,0.13973063973063973,0.8814102564102564,0.5143769968051118,33.6,25,26
hf355,355,hf355-terrain-lake-basin,terrain,-,HF-4c,2,calib,#FCF1DE,242.2,#3C342F,53.7,75.4,119.8,202.5,235.5,241.9,166.5,125,31.7,0.84,1.09,2.05,91.4,4535,14,3.0,4.0,6.0,10.0,46.0,3.33,0.637,0.844,0.023,1.92,0.0,0.275,31.6,0.27795527156549515,0.08493589743589744,0.11447811447811448,0.9887820512820513,0.21405750798722045,33.6,30,13
hf356,356,hf356-terrain-downs-and-vale,terrain,-,HF-4c,3,calib,#FCEFDD,240.9,#3A322C,51.8,76.2,142.6,236.7,239.3,240.7,164.5,101,35.3,1.14,1.02,2.55,10.0,383,9083,5.0,7.0,9.0,16.0,35.0,3.2,0.33,0.364,0.099,,0.0,0.007,35.1,0.3210862619808307,0.057692307692307696,0.26936026936026936,0.22115384615384615,0.15175718849840256,20.4,31,14
hf357,357,hf357-terrain-loess-sunken-courts,terrain,-,HF-4c,0,calib,#FBF0DE,241.0,#52453F,72.3,94.9,153.2,229.7,238.4,240.9,146.0,93,38.1,1.59,2.28,3.53,7.2,284,7468,3.0,5.0,7.0,11.0,23.0,3.67,0.461,0.504,0.218,,0.0,0.002,38.1,0.04952076677316297,0.36538461538461536,0.5538720538720538,0.12980769230769232,0.35782747603833864,29.1,29,19
hf358,358,hf358-terrain-mangrove-tidal,terrain,-,HF-4c,2,calib,#FAEEDC,239.4,#373228,50.0,69.1,106.6,182.2,234.3,239.3,170.2,122,41.8,1.91,1.72,3.08,68.0,2791,2186,4.0,5.0,7.0,12.0,28.0,3.0,0.8,0.832,0.027,,0.0,0.492,41.7,0.35303514376996803,0.21314102564102563,0.7676767676767676,0.9663461538461539,0.10223642172523961,48.0,30,15
hf359,359,hf359-terrain-altiplano,terrain,-,HF-4c,0,calib,#FCF5E6,245.2,#473730,59.2,91.2,166.7,238.7,243.1,244.8,153.6,88,29.7,0.93,2.2,3.01,5.3,310,7746,3.0,5.0,8.0,13.0,32.0,4.33,0.434,0.459,0.058,,0.0,0.039,29.3,0.1996805111821086,0.32532051282051283,0.1717171717171717,0.06570512820512821,0.6357827476038339,28.0,22,23
hf360,360,hf360-countryside-commons-and-waste,systems,-,HF-4c,3,calib,#FAEED8,238.9,#443D33,61.7,92.3,137.1,211.1,233.3,238.7,146.4,95,47.6,2.13,3.35,5.06,12.4,883,5342,3.0,5.0,7.0,11.0,28.0,3.67,0.507,0.584,0.066,,0.0,0.383,47.6,0.14536741214057503,0.8044871794871795,0.8636363636363636,0.3157051282051282,0.35782747603833864,49.7,34,17
hf361,361,hf361-town-boom-collapsed,town,town,HF-4c,2,calib,#FCF1E4,243.0,#000000,0.0,4.1,118.3,210.0,240.2,242.9,238.8,136,38.3,0.84,1.63,3.3,14.4,2401,5230,3.0,5.0,8.0,13.0,48.0,4.33,0.515,0.574,0.053,,0.0,0.278,38.0,0.9952076677316294,0.1858974358974359,0.11447811447811448,0.40705128205128205,0.6357827476038339,46.8,24,0
hf362,362,hf362-city-after-great-fire,city,city,HF-4c,3,calib,#FDF8EA,247.7,#4A3631,59.4,88.5,144.8,234.6,245.9,247.5,159.0,93,27.6,0.85,1.3,2.34,3.8,608,6317,4.0,6.0,9.0,14.0,34.0,3.5,0.655,0.734,0.024,1.7,0.0,0.023,27.2,0.19329073482428116,0.1282051282051282,0.12794612794612795,0.02403846153846154,0.2715654952076677,14.9,19,25
hf363,363,hf363-town-market-moved,town,town,HF-4c,3,calib,#FCF6E8,246.4,#302520,39.4,59.5,137.4,237.2,244.6,246.3,186.8,106,27.7,1.12,2.41,3.91,9.9,1487,6615,4.0,7.0,11.0,18.0,54.0,4.5,0.435,0.547,0.034,2.11,0.0,0.009,27.4,0.5702875399361023,0.40224358974358976,0.2542087542087542,0.21634615384615385,0.6725239616613419,42.3,20,16
hf364,364,hf364-town-sacked-resettled,town,town,HF-4c,3,calib,#FBF0DF,241.4,#4D4038,67.1,94.5,148.4,221.0,238.5,241.3,146.8,91,37.5,1.53,2.15,3.73,21.7,1949,5257,5.0,6.0,9.0,13.0,42.0,2.6,0.433,0.674,0.03,3.1,0.0,0.052,37.3,0.07827476038338654,0.3092948717948718,0.5151515151515151,0.6458333333333334,0.022364217252396165,31.4,28,21
hf365,365,hf365-town-frontier-decayed-walls,town,town,HF-4c,3,calib,#FBF3E4,243.8,#453D37,62.7,85.4,159.3,234.8,241.5,243.6,158.2,85,29.1,1.35,1.58,2.65,6.5,1045,7511,5.0,7.0,9.0,15.0,35.0,3.0,0.45,0.585,0.063,3.52,0.0,0.0,28.9,0.12939297124600635,0.16826923076923078,0.4074074074074074,0.11538461538461539,0.10223642172523961,18.5,23,14
hf366,366,hf366-town-guild-quarters,town,town,HF-4c,3,calib,#FCF6E8,246.1,#251713,27.1,45.0,113.3,226.4,244.1,246.1,201.1,126,28.7,1.18,2.19,3.49,24.2,1656,6221,5.0,7.0,11.0,22.0,66.0,4.4,0.58,0.642,0.061,,0.0,0.001,28.3,0.7907348242811502,0.32211538461538464,0.2996632996632997,0.6971153846153846,0.6517571884984026,55.2,20,18
hf367,367,hf367-port-foreign-enclaves,port,-,HF-4c,3,calib,#FCF3E4,243.9,#332C27,45.7,87.3,150.7,224.8,241.8,243.7,156.4,94,32.3,0.78,0.88,1.85,12.9,1285,4392,6.0,8.0,10.0,16.0,49.0,2.67,0.276,0.29,0.228,,0.0,0.0,32.0,0.4584664536741214,0.027243589743589744,0.07407407407407407,0.33974358974358976,0.03354632587859425,18.7,24,12
hf368,368,hf368-city-water-conduits,city,city,HF-4c,3,calib,#FCECD8,238.6,#3F2E2B,51.0,81.1,139.1,215.5,234.5,238.4,157.3,88,38.1,1.01,1.2,2.45,6.1,1689,4207,4.0,6.0,8.0,15.0,33.0,3.75,0.613,0.714,0.019,,0.0,0.234,38.0,0.34025559105431313,0.11057692307692307,0.19696969696969696,0.09455128205128205,0.42012779552715657,23.2,36,20
hf369,369,hf369-town-refuse-and-drains,town,town,HF-4c,2,calib,#FCF3E4,244.0,#46413B,65.8,85.4,154.6,226.8,242.0,243.9,158.5,88,30.2,1.17,0.85,1.71,1.9,2196,6239,4.0,6.0,7.0,9.0,53.0,2.25,0.304,0.373,0.029,7.77,0.0,0.0,29.9,0.10063897763578278,0.017628205128205128,0.28619528619528617,0.004807692307692308,0.004792332268370607,8.3,24,11
hf370,370,hf370-countryside-fuel-shed,systems,-,HF-4c,3,calib,#FBF0E0,241.9,#3C342E,53.6,82.7,129.9,215.7,239.9,241.7,159.0,99,34.3,0.74,0.74,1.27,3.9,2237,4883,5.0,6.0,9.0,14.0,31.0,2.8,0.505,0.617,0.078,5.8,0.0,0.01,34.1,0.2843450479233227,0.0016025641025641025,0.058922558922558925,0.027243589743589744,0.06070287539936102,8.7,27,14
hf371,371,hf371-countryside-grain-catchment,systems,-,HF-4c,3,calib,#FCF4E6,244.9,#383636,54.9,80.4,133.3,218.9,243.0,244.7,164.3,108,31.2,0.83,1.04,2.79,11.5,1233,3992,3.0,5.0,7.0,11.0,26.0,3.67,0.693,0.798,0.018,1.18,0.023,0.12,30.8,0.25239616613418525,0.07371794871794872,0.10606060606060606,0.2708333333333333,0.35782747603833864,21.2,22,2
hf372,372,hf372-stress-siege-unequal-circuit,stressor,town,HF-4c,3,calib,#FCF2E0,242.7,#483B33,61.8,86.4,169.9,234.1,241.1,242.6,156.2,83,35.2,0.85,1.19,3.01,18.7,460,7882,3.0,5.0,9.0,15.0,38.0,5.0,0.411,0.429,0.118,,0.0,0.017,35.0,0.13897763578274758,0.10576923076923077,0.12794612794612795,0.5560897435897436,0.7827476038338658,34.2,28,21
hf373,373,hf373-town-hilltown-CURE329,town,town,HF-4c,3,calib,#FBF0DE,241.4,#4B362B,59.1,82.2,151.0,228.2,238.7,241.2,159.0,87,37.1,1.68,1.09,2.12,3.4,947,6354,4.0,6.0,9.0,15.0,34.0,3.75,0.665,0.845,0.011,,0.0,0.0,36.8,0.2028753993610224,0.08493589743589744,0.6077441077441077,0.017628205128205128,0.42012779552715657,26.7,29,32
hf374,374,hf374-city-unequal-circuit-metropolis,metropolis,metropolis,HF-4c,3,calib,#FBF4E5,244.7,#472D26,52.2,78.5,133.6,224.7,240.9,244.5,166.0,101,30.2,0.91,0.97,1.61,14.4,665,5315,5.0,6.0,9.0,15.0,34.0,3.0,0.532,0.759,0.056,8.24,0.0,0.303,30.0,0.30830670926517567,0.04006410256410257,0.15993265993265993,0.40705128205128205,0.10223642172523961,20.4,22,33
hf375,375,hf375-zoom-ward-wealth-gradient,zoom,-,HF-4c,3,calib,#FAEDDB,238.5,#231C18,29.9,40.5,102.6,209.5,233.9,238.3,197.8,131,41.2,1.86,2.72,4.1,6.1,1522,3525,3.0,5.0,11.0,16.0,62.0,5.33,0.705,0.784,0.01,,0.0,0.049,41.1,0.7523961661341854,0.5048076923076923,0.7441077441077442,0.09455128205128205,0.8402555910543131,58.7,31,11
hf376,376,hf376-spec-relief-conventions,specimen,-,HF-4c,2,calib,#FCF2E3,243.3,#2E221C,36.5,57.7,130.3,235.5,241.7,243.1,185.4,118,35.0,0.81,2.05,4.21,16.2,858,7361,4.0,5.0,8.0,14.0,47.0,3.5,0.441,0.451,0.12,,0.0,0.004,34.7,0.6517571884984026,0.28685897435897434,0.08922558922558922,0.4855769230769231,0.2715654952076677,35.7,25,18
hf377,377,hf377-spec-water-textures,specimen,-,HF-4c,3,calib,#FDF6E5,246.0,#452E24,52.2,84.4,184.0,242.6,244.8,245.9,161.5,78,29.4,0.63,0.86,2.26,6.2,530,8682,3.0,5.0,7.0,9.0,30.0,3.0,0.272,0.313,0.236,,0.0,0.075,28.9,0.30830670926517567,0.022435897435897436,0.010101010101010102,0.10096153846153846,0.10223642172523961,10.9,24,33
hf378,378,hf378-spec-density-ladder,specimen,-,HF-4c,3,calib,#FCF5E8,245.8,#0D0806,9.0,38.1,112.5,219.1,242.8,245.6,207.5,138,35.1,1.37,1.78,3.22,67.5,2530,4545,4.0,6.0,9.0,13.0,61.0,3.25,0.431,0.482,0.063,,0.0,0.006,34.8,0.950479233226837,0.22916666666666666,0.41414141414141414,0.9599358974358975,0.18210862619808307,54.7,20,7
hf379,379,hf379-spec-ruin-stages,specimen,-,HF-4c,3,calib,#FCF6E7,246.3,#352016,37.0,57.1,126.8,241.2,245.2,246.2,189.1,131,30.4,0.96,2.5,4.79,80.7,1143,8082,4.0,5.0,9.0,21.0,64.0,5.25,0.17,0.194,0.123,,0.0,0.057,30.1,0.6325878594249201,0.4375,0.18181818181818182,0.9759615384615384,0.8194888178913738,60.9,21,31
hf380,380,hf380-town-two-faiths-shared,town,town,HF-4c,3,calib,#FBF3E3,243.5,#4F3E36,66.0,85.7,144.4,233.7,241.6,243.5,157.8,91,35.2,1.26,1.86,2.81,17.0,1988,6956,6.0,7.0,9.0,19.0,53.0,3.17,0.452,0.55,0.08,2.09,0.0,0.001,35.0,0.09584664536741216,0.26282051282051283,0.3653198653198653,0.5176282051282052,0.13099041533546327,27.5,24,25
hf381,381,hf381-countryside-way-network,systems,-,HF-4c,3,calib,#FCF5E7,245.8,#483E37,64.0,95.4,173.1,240.8,243.9,245.6,150.2,85,28.7,0.67,0.8,1.41,11.2,379,10455,6.0,7.0,9.0,20.0,51.0,3.33,0.14,0.171,0.196,,0.0,0.008,28.4,0.11182108626198084,0.008012820512820512,0.021885521885521887,0.26121794871794873,0.21405750798722045,12.3,21,17
hf382,382,hf382-city-refugee-influx,city,city,HF-4c,3,calib,#FBF4E3,243.9,#3D2B23,47.3,76.2,134.3,227.3,240.3,243.5,167.3,105,35.1,1.8,3.05,5.02,38.0,717,6215,3.0,5.0,7.0,13.0,60.0,4.33,0.64,0.783,0.054,,0.0,0.001,35.0,0.43929712460063897,0.657051282051282,0.6919191919191919,0.8701923076923077,0.6357827476038339,65.9,24,26
hf383,383,hf383-town-charity-endowments,town,town,HF-4c,2,calib,#FCF3E2,243.8,#47352E,57.5,84.7,164.8,238.3,242.1,243.8,159.1,83,32.9,1.24,1.5,2.38,4.0,769,8661,5.0,6.0,9.0,16.0,44.0,3.2,0.376,0.574,0.051,3.81,0.0,0.006,32.5,0.2156549520766773,0.15705128205128205,0.35353535353535354,0.03365384615384615,0.15175718849840256,18.2,26,25
hf384,384,hf384-lens-dark-register-plan,lens,town,HF-4c,3,calib,#FBF0DF,241.4,#1B101A,20.8,31.2,53.4,93.5,238.1,241.4,210.2,192,21.1,1.85,4.43,5.39,39.1,4322,2907,3.0,5.0,8.0,18.0,59.0,6.0,0.224,0.353,0.047,3.07,0.001,0.003,20.9,0.8642172523961662,0.9919871794871795,0.7306397306397306,0.8814102564102564,0.9105431309904153,87.6,28,1
hf385,385,hf385-town-three-circuits-CURE347,town,town,HF-4c,3,calib,#FAF1E2,242.2,#50453D,71.5,89.7,149.6,232.0,239.4,242.0,152.3,89,34.3,1.68,1.52,2.58,12.7,889,8123,6.0,7.0,10.0,15.0,38.0,2.5,0.425,0.555,0.113,24.08,0.0,0.009,34.2,0.054313099041533586,0.16185897435897437,0.6077441077441077,0.32371794871794873,0.012779552715654952,23.2,24,19
hf386,386,hf386-spec-projection-comparison,specimen,-,HF-4c,3,calib,#FBEED8,239.4,#281C17,30.9,60.6,115.1,224.2,236.8,239.2,178.6,122,39.5,1.63,3.32,4.83,28.4,1072,6471,4.0,6.0,9.0,17.0,47.0,4.25,0.53,0.581,0.042,,0.0,0.008,39.4,0.7364217252396166,0.7900641025641025,0.5774410774410774,0.7724358974358975,0.6054313099041534,69.6,35,17
hf387,387,hf387-lens-folio-mend-later-hand,lens,-,HF-4c,3,calib,#FEFEFE,254.0,#4B3D31,63.8,89.4,167.3,231.4,237.9,254.0,164.6,91,43.7,1.99,4.56,5.53,13.1,658,9412,3.0,5.0,8.0,17.0,58.0,5.67,0.252,0.417,0.072,8.54,0.0,0.214,43.7,0.11661341853035145,0.9983974358974359,0.797979797979798,0.3541666666666667,0.8722044728434505,62.8,0,26
hf388,388,hf388-spec-settlement-glyph-ladder,specimen,-,HF-4c,3,calib,#FDF7EC,247.7,#130202,7.3,18.0,138.2,231.0,246.1,247.5,229.5,129,35.2,1.18,1.45,2.29,22.3,1963,6089,7.0,9.0,14.0,26.0,58.0,3.71,0.197,0.209,0.315,,0.005,0.259,34.7,0.9616613418530351,0.14583333333333334,0.2996632996632997,0.6634615384615384,0.3817891373801917,49.0,17,17
hf389,389,hf389-city-metropolis-grain-max,metropolis,metropolis,HF-4c,3,calib,#FCF4E7,245.0,#34221C,38.4,55.2,113.4,222.5,241.9,244.8,189.6,121,31.1,1.42,1.64,2.47,14.1,1227,4931,5.0,7.0,11.0,20.0,48.0,4.0,0.556,0.711,0.073,12.36,0.0,0.02,30.9,0.5942492012779552,0.19391025641025642,0.46296296296296297,0.39903846153846156,0.5143769968051118,43.3,21,24
hf390,390,hf390-spec-folio-sheet-index,chrome,-,HF-4c,3,calib,#FCF5E6,245.7,#453029,53.6,72.3,167.6,242.1,244.3,245.5,173.2,95,28.1,0.73,1.02,2.71,9.0,178,10368,4.0,7.0,9.0,13.0,35.0,3.25,0.193,0.205,0.222,,0.0,0.01,27.7,0.2843450479233227,0.057692307692307696,0.05218855218855219,0.1875,0.18210862619808307,15.3,22,28
