# PROVENANCE MAP — one row per ledger section (§685.5 / §687; machine-derived, ADDITIVE, never a rewrite of history)
# status: OPUS-TEXT/FABLE-TEXT = the section's own header names a seat · TRAILER-* = recovered from the
# introducing commit's Co-Authored-By (the §685.5(ii) route, validated 26/28 at the §238–§274 boundary)
# UNKNOWN = neither channel names a seat — these are what the owner's rule leaves genuinely owed.
# Regenerate: the walk in ODQ §687.4. Columns: section, odq_line, status, trailer, intro_commit, discharge, header
section	odq_line	status	trailer	intro_commit	discharge	header
§0	21	TRAILER-FABLE	Fable 5	158624de5		§0 · 2026-07-28 DELEGATED DISPOSITION — current truth
§1	131	TRAILER-FABLE	Fable 5	158624de5		§1 · THE LAUNCH TAIL — ⛔ owner-physical acts, in execution order
§2	160	TRAILER-FABLE	Fable 5	158624de5		§2 · DEPLOY-COUPLED decisions (each rides a named deploy)
§3	172	TRAILER-FABLE	Fable 5	158624de5		§3 · GOLDEN-SHIFTING / ENGINE rulings (each changes same-seed outputs; batch with T5 where possible)
§4	187	TRAILER-FABLE	Fable 5	158624de5		§4 · PRODUCT / TASTE rulings
§5	207	TRAILER-FABLE	Fable 5	158624de5		§5 · PLATFORM / MONEY rulings
§6	271	TRAILER-FABLE	Fable 5	158624de5		§6 · VETOABLE RULINGS MADE 2026-07-26 (manager, under the owner's banking order — veto window open)
§7	277	TRAILER-FABLE	Fable 5	158624de5		§7 · RECENTLY RESOLVED (kept for confidence; full detail in ledger rows)
§8	286	TRAILER-FABLE	Fable 5	158624de5		§8 · STANDING / INFORMATIONAL (recorded, not decisions)
§9	292	TRAILER-FABLE	Fable 5	158624de5		§9 · EPISTEMIC PREVENTION PROGRAM 2026-07-27 (test-truthfulness machinery — commit e56cbeaa, minifold)
§10	347	TRAILER-FABLE	Fable 5	158624de5		§10 · ⛔ NEW OWNER GATE 2026-08-11 — ES-5b AND THE WAR CHOOSER
§11	438	TRAILER-FABLE	Fable 5	158624de5		§11 · TWO GENERATION-SIDE DEFECTS THAT CHANGE SAME-SEED OUTPUT (2026-08-11)
§12	494	TRAILER-FABLE	Fable 5	158624de5		§12 · ⭐ OWNER RULED ALL FOUR (2026-08-11) — verbatim intent, and what each becomes
§13	528	TRAILER-FABLE	Fable 5	158624de5		§13 · ⚠⚠ THE MAIN WORKTREE'S FILES DO NOT MATCH ANY BRANCH (found 2026-08-11)
§14	571	TRAILER-FABLE	Fable 5	4d60200fd		§14 · ⚠ TWO THINGS THE SAME-SEED REPAIR LEAVES FOR YOU (2026-08-11, landed `0f85ced0`)
§15	614	TRAILER-FABLE	Fable 5	7e9e6306c		§15 · TWO THINGS FROM THE DISPLAY CLUSTER (2026-08-11, landed `73f00920`)
§16	732	TRAILER-FABLE	Fable 5	005d8cdf9		§16 · ⛔⛔ THE ESPIONAGE PRODUCT INTENT IS NOT DELIVERABLE AS DESIGNED (2026-08-11)
§17	773	TRAILER-FABLE	Fable 5	3a0337eb2		§17 · ⭐⭐ THE 2026-08-11 REFRESHED GRANT, AND THE CHAIR'S DISPOSITIONS (vetoable)
§18	854	UNKNOWN	NONE	fa2c5a160		§18 · THE CORPUS-COVERAGE MINT CHARTER IS RULED (2026-08-12 ~19:55, CR-AO-1..7 — vetoable)
§19	903	UNKNOWN	NONE	b6e3a44b5		§19 · GR-4c IS RULED COMPILABLE AND PROMOTING (2026-08-12 ~20:20, CR-GR4C-1..6 — vetoable)
§20	971	UNKNOWN	NONE	a11645ea5		§20 · THE MACHINERY + PROSE BATCHES ARE RULED (2026-08-12 ~21:55, CR-AR-1..9 — vetoable)
§21	1014	UNKNOWN	NONE	c38e9e245		§21 · THE SCHEMA COLLISION IS RULED; H26 OWNS 7 AND AO-0 MOVES TO 8 (2026-08-12 ~23:20, CR-H26-1..4 / CR-AO-8.
§22	1070	UNKNOWN	NONE	1ed18d27c		§22 · UNIVERSAL STANDING AUTHORIZATION — CURRENT (2026-08-13 ~01:45, owner ruling)
§23	1103	UNKNOWN	NONE	e7d66ccec		§23 · AO-2 AND AO-3 FORM ONE ATOMIC CONTRACT→CURE TRAIN (2026-08-13 ~07:20, CR-AO-11 — delegated manager rulin
§24	1141	TRAILER-FABLE	Fable 5	8cc73e72c		§24 · THE TERMINAL MOVES THROUGH THE FIRST DIAGNOSTIC SOAK AND ITS REPAIRS (2026-08-14 ~01:55, owner ruling, i
§25	1172	TRAILER-FABLE	Fable 5	5f8b9990e		§25 · THE FOUR-LANE PARALLELISM ORDER AND THE 20-MINUTE KEEPER TICK (2026-08-14 ~02:05, owner ruling, in-chat)
§26	1196	TRAILER-FABLE	Fable 5	9b9a88b14		§26 · IP-PROTECTION ARCHITECTURE ASK (owner, 2026-08-14 ~02:25, in-chat)
§27	1241	TRAILER-FABLE	Fable 5	b93051279		§27 · THE BUILD-EVERYTHING ORDERING (owner correction, 2026-08-14 ~04:05, in-chat)
§28	1269	TRAILER-FABLE	Fable 5	f24958a20		§28 · BUILD-EFFICIENCY LAW FOR THE REMAINING WAVES (chair ruling, 2026-08-14 ~04:20, vetoable; answers the own
§29	1313	TRAILER-FABLE	Fable 5	690875f36		§29 · THE GR-4B-II TRAIN IS RULED (2026-08-14 ~06:25, CR-GR4B-16..19 — one veto surface per §28's batching law
§30	1346	TRAILER-FABLE	Fable 5	9dd77d954		§30 · THE INFRA-1 TRAIN IS RULED (2026-08-14 ~09:05, chair, vetoable)
§31	1368	TRAILER-FABLE	Fable 5	e532bcecf		§31 · THE §8 EFFICIENCY REVIEW — TWO TRAINS AUDITED (2026-08-14 ~10:45, chair; the review DESIGN_BUILD_EFFICIE
§32	1393	TRAILER-FABLE	Fable 5	376d3aa0b		§32 · GAP-1 IS RULED ON THE G2 RESTAMP (2026-08-14 ~11:15, chair, vetoable)
§33	1422	TRAILER-FABLE	Fable 5	e7bbd6c5a		§33 · GAP-1 NAMING AND CLOSE-OUT RULINGS (2026-08-14 ~13:00, chair, vetoable)
§34	1440	TRAILER-FABLE	Fable 5	71b2439ba		§34 · THE GR-6 TRAIN IS RULED (2026-08-14 ~15:10, chair, vetoable)
§35	1469	TRAILER-FABLE	Fable 5	ec86e0905		§35 · GR-6 STOPPED AT P1 — RATIFIED; THE PIPELINE PIVOTS TO HB (2026-08-14 ~16:00, chair, vetoable)
§36	1500	TRAILER-FABLE	Fable 5	98c817c92		§36 · THE HB-1 TRAIN IS RULED (2026-08-14 ~16:50, chair, vetoable; one sitting per §5)
§37	1523	TRAILER-FABLE	Fable 5	db4ed0344		§37 · RUN TO THE END; ALL PERMISSION POP-UPS PRE-GRANTED (owner ruling, 2026-08-14 ~18:05, in-chat)
§38	1551	TRAILER-FABLE	Fable 5	5c1c5ec57		§38 · HB-1 REFUTED; THE HB-0 PREFIX LANDS; A NEW PREAMBLE LAW (2026-08-14 ~19:30, chair, vetoable)
§39	1580	TRAILER-FABLE	Fable 5	44b8c7e2c		§39 · THE HB-1′ RE-CHARTER IS RULED (2026-08-14 ~21:45, chair, vetoable; one sitting per §5)
§40	1601	TRAILER-FABLE	Fable 5	71f6a09c5		§40 · THE INFRA-2 TRAIN IS RULED (2026-08-14 ~22:30, chair, vetoable; one sitting per §5; full evidence in lan
§41	1626	TRAILER-FABLE	Fable 5	6829d137a		§41 · THE HB-2 TRAIN IS RULED (2026-08-15 ~02:15, chair, vetoable; one sitting per §5; full evidence in laneTC
§42	1651	TRAILER-FABLE	Fable 5	f8d4743b7		§42 · HB-2 STOPPED PRE-P1 ON R31; ROAD B IS RULED (2026-08-15 ~03:20, chair, vetoable; full evidence in laneTE
§43	1676	TRAILER-FABLE	Fable 5	b0df70ba9		§43 · HB-2B IS RULED; THE THREE BOUND VALUES ARE CHAIR-SIGNED (2026-08-15 ~04:40, chair, vetoable; derivations
§44	1704	TRAILER-FABLE	Fable 5	ab62172d5		§44 · R35 RATIFIED; ROAD A (SPLIT PROMOTION) IS RULED (2026-08-15 ~05:40, chair, vetoable; probes banked besid
§45	1729	TRAILER-FABLE	Fable 5	4954d1b75		§45 · TWO FINAL EFFICIENCY LEVERS ADOPTED; THE CAP IS DECLARED (2026-08-15 ~06:20, chair ruling on the owner's
§46	1747	TRAILER-FABLE	Fable 5	c9db579e5		§46 · OWNER DIRECTIVE: THE LOGISTICS NETWORK — TELEPORTATION CIRCLES AND AIRSHIPS (2026-08-15 ~08:30, in-chat,
§47	1941	TRAILER-FABLE	Fable 5	36ac99b9c		§47 · GR-5A IS RULED (2026-08-15 ~16:10, chair, vetoable; one sitting; evidence in laneTC11-report.md)
§48	1964	TRAILER-FABLE	Fable 5	0150899b9		§48 · THE FULL-LANES + CURE-ARCHITECTURE DOCTRINE (owner order, 2026-08-15 ~17:30, in-chat, verbatim intent)
§49	1991	TRAILER-FABLE	Fable 5	66f99b494		§49 · GR-5A'S I1 STOP RATIFIED; THE FLAG-MINT SEVENTH-PATH LAW (2026-08-15 ~18:40, chair, vetoable; evidence i
§50	2027	TRAILER-FABLE	Fable 5	96c1fe16e		§50 · GR-5A'S SECOND STOP RATIFIED; THE FLAG-MINT LAW COMPLETES AT THREE OBLIGATIONS (2026-08-15 ~21:50, chair
§51	2057	TRAILER-FABLE	Fable 5	4d1474362		§51 · THE COMPREHENSIVE COHERENCE REVIEW IS CHARTERED (owner order, 2026-08-15 ~23:40, in-chat, verbatim inten
§52	2133	TRAILER-FABLE	Fable 5	7d4b01de4		§52 · THE WC CURES ARE RULED; WC-0 OPENS (2026-08-16 ~03:20, chair, vetoable; evidence in laneWCC-cures.md + l
§53	2161	TRAILER-FABLE	Fable 5	ab702b988		§53 · THE INTENT AUDIT'S DISPOSITIONS (2026-08-16 ~04:00, chair, vetoable; the audit: laneRINT-intent-audit.md
§54	2194	TRAILER-FABLE	Fable 5	8d34781ef		§54 · INT-3B IS RULED (2026-08-16 ~05:00, chair, vetoable; evidence in laneTC12-report.md)
§55	2216	TRAILER-FABLE	Fable 5	d43f88a68		§55 · IN-1C-A IS RULED (2026-08-16 ~06:20, chair, vetoable; one sitting per §5; evidence in laneTC13-TRAIN-PLA
§56	2241	TRAILER-FABLE	Fable 5	5fcc076ab		§56 · THE ESTATE SELF-AUDIT RULED; THE ESTATE-REPAIR TRAIN CHARTERED (2026-08-16 ~07:10, chair, vetoable; evid
§57	2266	TRAILER-FABLE	Fable 5	54bccde34		§57 · THE VOCABULARY AUDIT RULED (2026-08-16 ~08:00, chair, vetoable; evidence in laneRVOC-vocab-audit.md; tal
§58	2295	TRAILER-FABLE	Fable 5	9dddba5a9		§58 · INT-3B'S STOP RATIFIED; THE RELAND ORDERED (2026-08-16 ~09:00, chair, vetoable; evidence in laneTE12-rec
§59	2319	TRAILER-FABLE	Fable 5	d6ea92245		§59 · THE WC-0 TRAIN IS RULED (2026-08-16 ~10:10, chair, vetoable; evidence in laneTC14-report.md; CLAIM_RE 0 
§60	2347	TRAILER-FABLE	Fable 5	c80cf37d0		§60 · EST-1 RULED ON THE CORRECTED CURES (2026-08-16 ~11:20, chair, vetoable; evidence in laneTC15-report.md, 
§61	2377	TRAILER-FABLE	Fable 5	8905e9466		§61 · THE RE-SWEEP CADENCE BECOMES LAW (2026-08-16 ~12:00, chair ruling on the owner's question, vetoable)
§62	2392	TRAILER-FABLE	Fable 5	de231a627		§62 · THE SECURITY DIMENSION RULED (2026-08-16 ~12:40, chair, vetoable; evidence in laneRSEC-security-audit.md
§63	2422	TRAILER-FABLE	Fable 5	31e5f5a6d		§63 · THE PRE-CODING QUESTION RULED, OWNER-RATIFIED (2026-08-15, owner: "do what you recommend" on the chair's
§64	2441	TRAILER-FABLE	Fable 5	31e5f5a6d		§64 · THE RN-C CURE RULED — THE RELATIONSHIP-NORMALIZER FORK (2026-08-15, chair, vetoable; evidence in laneRNC
§65	2491	TRAILER-FABLE	Fable 5	61bc57c1b		§65 · INT-3B COLLECTED AND EXPOSED — THE ELEVENTH EXPOSURE (2026-08-15, chair; evidence in laneTE12-receipt.md
§66	2521	TRAILER-FABLE	Fable 5	f54743ebe		§66 · THE PERSISTENCE/LIFECYCLE DIMENSION RULED (2026-08-15, chair, vetoable; evidence in laneRPLC-persistence
§67	2562	TRAILER-FABLE	Fable 5	289915482		§67 · THE CROSS-LAYER SEMANTICS DIMENSION RULED (2026-08-15, chair, vetoable; evidence in laneRXLS-crosslayer-
§68	2607	TRAILER-FABLE	Fable 5	edb226434		§68 · THE LAW-BODY DIMENSION RULED (2026-08-15, chair, vetoable; evidence in laneRLAW-lawbody-audit.md + laneR
§69	2648	TRAILER-FABLE	Fable 5	edb226434		§69 · THE PRODUCT-SURFACES DIMENSION RULED (2026-08-15, chair, vetoable; evidence in laneRPSF-product-audit.md
§70	2683	TRAILER-FABLE	Fable 5	b2f69baec		§70 · THE FABLE FINAL ROUND (owner directive, 2026-08-15, in-chat; operative reading recorded by the chair)
§71	2735	TRAILER-FABLE	Fable 5	426e5603e		§71 · THE PUSH PROGRAM RULED — PR CADENCE AND THE AUDIT-ZERO GATE (owner, two orders 2026-08-15 in-chat; opera
§72	2815	TRAILER-FABLE	Fable 5	f5f4d4abf		§72 · THE CORRECTNESS DIMENSION RULED (2026-08-15, chair, vetoable; evidence in laneRCSA-correctness-audit.md 
§73	2846	TRAILER-FABLE	Fable 5	f5f4d4abf		§73 · THE WC FABLE ROUND ACCEPTED — wc-0 UNBLOCKED (2026-08-15, chair, vetoable; evidence in laneWCF-round.md 
§74	2869	TRAILER-FABLE	Fable 5	f5f4d4abf		§74 · TRAIN THROUGHPUT LAW — the owner's whole-family question RULED (2026-08-15, chair, vetoable; answers "wh
§75	2897	TRAILER-FABLE	Fable 5	181cd126e		§75 · IN-1C-A: J-TE13-4 RULED — OPTION 2 (2026-08-15, chair, vetoable; evidence in laneTE13-receipt.md §4.3, t
§76	2928	TRAILER-FABLE	Fable 5	86fa8d33e		§76 · §74 IMPLEMENTED — THE eff-1 CHARTER (2026-08-15, chair, executing the owner's verbatim order to "archite
§77	2960	TRAILER-FABLE	Fable 5	5e2901861		§77 · RE-CHARTER REDUNDANCY RULED (2026-08-15, chair, vetoable; on the owner's question "can we create a redun
§78	2987	TRAILER-FABLE	Fable 5	5e2901861		§78 · THE WF FABLE ROUND ACCEPTED — WITH ITS ABSORPTION GAP CURED IN THIS ACT (2026-08-15, chair, vetoable; ev
§79	3019	TRAILER-FABLE	Fable 5	c52e79822		§79 · §77 IMPLEMENTED AND PROVEN (2026-08-15, chair, executing the owner's verbatim implement order; evidence 
§80	3044	TRAILER-FABLE	Fable 5	c52e79822		§80 · THE GENERATION-QUALITY DIMENSION RULED (2026-08-15, chair, vetoable; evidence in laneRGEN-generation-aud
§81	3084	TRAILER-FABLE	Fable 5	fceff428b		§81 · THE LAST THREE EFFICIENCY LEVERS (2026-08-15, chair, vetoable; on the owner's "anything else... without 
§82	3113	TRAILER-FABLE	Fable 5	2cea76297		§82 · PR #49 CI REDS — CLEAN-ROOM REPRO GREEN, DIVERGENCE HUNT LIVE (2026-08-15, chair; evidence laneCI-repro.
§83	3136	TRAILER-FABLE	Fable 5	f126f9e60		§83 · THE R-EFF AUDIT COLLECTED — THE STACK HARDENS BEFORE FIRST USE (2026-08-15, chair, vetoable; evidence la
§84	3175	TRAILER-FABLE	Fable 5	2fbd8a7ee		§84 · THE PERFORMANCE DIMENSION RULED — THE GOODS-MATCHER FINDING (2026-08-15, chair, vetoable; evidence laneR
§85	3215	TRAILER-FABLE	Fable 5	3dfc373bc		§85 · IN-1C-A'S SECOND STOP RULED — AND THE REGISTRY-MINT TWO-OBLIGATION LAW (2026-08-15, chair, vetoable; evi
§86	3260	TRAILER-FABLE	Fable 5	1316477f8		§86 · THE CURE PASS ACCEPTED — eff-1a/eff-1b UNBLOCKED (2026-08-15, chair, vetoable; evidence = the laneREFF a
§87	3297	TRAILER-FABLE	Fable 5	47717adec		§87 · THE DOCS/OPS/MARKET DIMENSION RULED — §51'S LAST SURVEY (2026-08-15, chair, vetoable; evidence laneRDOM-
§88	3332	TRAILER-FABLE	Fable 5	47717adec		§88 · THE §51 COMPREHENSIVE REVIEW — CHAIR SYNTHESIS (2026-08-15; the integrated verdict over all fourteen dim
§89	3380	TRAILER-FABLE	Fable 5	e7a8d329a		§89 · THE CI DIVERGENCE RULED — AND §82'S CLAIM CORRECTED (2026-08-15, chair, vetoable; evidence laneCIX-audit
§90	3416	TRAILER-FABLE	Fable 5	6d49c0f59		§90 · IN-1C-A COLLECTED AND EXPOSED — THE TWELFTH EXPOSURE (2026-08-15, chair; evidence laneTE14-receipt.md bo
§91	3459	TRAILER-FABLE	Fable 5	d366dcb1b		§91 · THE EP FABLE ROUND ACCEPTED — AND THE SINGLE-MEMBER LAW RELAXED (2026-08-15, chair, vetoable; evidence l
§92	3494	TRAILER-FABLE	Fable 5	c1bba3691		§92 · THE POP ROUND ACCEPTED — THE CERTIFICATION-PATTERN STANDING CURE, AND THE LG BLOCKAGE NARROWED (2026-08-
§93	3529	TRAILER-FABLE	Fable 5	5d5c3aa40		§93 · THE INT ROUND ACCEPTED (2026-08-15, chair, vetoable; evidence laneINTF-round.md + laneINTF-report.md, ba
§94	3561	TRAILER-FABLE	Fable 5	8df2a418e		§94 · THE WY ROUND ACCEPTED — AND THE WY SITTING CLOSED IN ONE ACT (2026-08-15, chair, vetoable; evidence lane
§95	3601	TRAILER-FABLE	Fable 5	dd888a6ad		§95 · est-1 COLLECTED AT ITS GREEN PREFIX — THE THIRTEENTH EXPOSURE, AND CR-EST-CONTROLZERO (2026-08-15, chair
§96	3638	TRAILER-FABLE	Fable 5	f871ecad2		§96 · THE TAILS ROUND ACCEPTED — THE §70 PROGRAM IS COMPLETE (2026-08-15, chair, vetoable; evidence laneTLF-ro
§97	3680	TRAILER-FABLE	Fable 5	558cbb7cb		§97 · est-1c COLLECTED AND EXPOSED — ZERO ORDINARY DEBT, THE FOURTEENTH EXPOSURE (2026-08-15, chair; evidence 
§98	3715	TRAILER-FABLE	Fable 5	dac46e452		§98 · eff-1a COLLECTED AND EXPOSED — THE MACHINERY IS IN THE TREE (2026-08-15, chair; evidence laneTE16-receip
§99	3752	TRAILER-FABLE	Fable 5	96dde4a7b		§99 · THE WC-0 RE-BASE COLLECTED — DISPATCH-READY, AND R1'S SECOND SLOT FILLED (2026-08-15, chair, vetoable; e
§100	3788	TRAILER-FABLE	Fable 5	9c5998916		§100 · eff-1b COLLECTED AND EXPOSED — THE INFRA ERA CLOSES, wc-0 RUNS (2026-08-15, chair; evidence laneTE16-re
§101	3825	TRAILER-FABLE	Fable 5	97d27a696		§101 · THE rn-1 COMPILE ACCEPTED — R1 HOLDS, AND DOOR 1 OPENS (2026-08-15, chair, vetoable; evidence laneTC18-
§102	3860	TRAILER-FABLE	Fable 5	de23254f5		§102 · wc-0 COLLECTED AND EXPOSED — THE WC FAMILY'S FIRST CODE, THE SEVENTEENTH EXPOSURE (2026-08-15, chair; e
§103	3892	TRAILER-FABLE	Fable 5	ecfa273d6		§103 · WC-0E COLLECTED AND EXPOSED — THE EIGHTEENTH EXPOSURE, AND THE UNGATED-PERSISTENCE LAW (2026-08-15, cha
§104	3925	TRAILER-FABLE	Fable 5	163a96eff		§104 · rn-1 COLLECTED AND EXPOSED — THE ALIAS CURE IS IN, THE NINETEENTH EXPOSURE (2026-08-15, chair; evidence
§105	3961	TRAILER-FABLE	Fable 5	e6ea57180		§105 · THE prf-1 COMPILE ACCEPTED — A RESTORATION, NOT A DESIGN (2026-08-15, chair, vetoable; evidence laneTC1
§106	3996	TRAILER-FABLE	Fable 5	51ec5a103		§106 · THE NINE-VOLUME STALE-SITE SITTING EXECUTED (2026-08-15, chair; evidence laneSTS-consolidated.md + lane
§107	4020	TRAILER-FABLE	Fable 5	06aed9c7e		§107 · THE cs+gen-1 COMPILE ACCEPTED — THREE SIGNATURES, AND prf-1 RUNS (2026-08-15, chair, vetoable; evidence
§108	4051	TRAILER-FABLE	Fable 5	724535234		§108 · prf-1 COLLECTED AND EXPOSED — THE SOAK PREREQUISITE LANDS, THE TWENTIETH EXPOSURE (2026-08-15, chair; e
§109	4085	TRAILER-FABLE	Fable 5	3bc664dcf		§109 · THE TOTAL REVIEW PHASE — OWNER-ORDERED (2026-08-15, verbatim, in-chat; the operative charter recorded b
§110	4129	TRAILER-FABLE	Fable 5	7fbcb8162		§110 · cs-a COLLECTED RED-AND-LAWFUL — THE DECLARED-SHIFT RE-RECORD LAW AMENDED (2026-08-15, chair, vetoable; 
§111	4170	TRAILER-FABLE	Fable 5	f530aa773		§111 · CS-B0 COLLECTED — THE NULL-LATCH KILLED; THE HONEST STOP RATIFIED; TE21 FINISHES (2026-08-15, chair; ev
§112	4201	TRAILER-FABLE	Fable 5	a0ea18073		§112 · THE DECLARED-SHIFT BATCH CLOSED AND EXPOSED — THE TWENTY-FIRST EXPOSURE (2026-08-15, chair; evidence la
§113	4237	TRAILER-FABLE	Fable 5	b8ae6a28e		§113 · THE da COMPILE ACCEPTED — THREE MIS-SPECIFICATIONS CURED AT COMPILE (2026-08-15, chair, vetoable; evide
§114	4275	TRAILER-FABLE	Fable 5	b65da82e3		§114 · P6 DECIDED ON NEW EVIDENCE — THE GUARD-VACUITY BURN OPENS (2026-08-15, chair, vetoable; on the owner's 
§115	4307	TRAILER-FABLE	Fable 5	6c779499c		§115 · THE dom COMPILE ACCEPTED — DOM-3 HELD AT THE OWNER'S OWN GATE (2026-08-15, chair, vetoable; evidence la
§116	4343	TRAILER-FABLE	Fable 5	eb689e828		§116 · GUARD-BURN TRANCHE ONE ACCEPTED — FIVE CONVICTIONS, AND THE CLASS-FOLD RULING (2026-08-15, chair, vetoa
§117	4374	TRAILER-FABLE	Fable 5	6bba9ce1a		§117 · THE TELEMETRY/ANALYTICS BUILD UN-PARKED — COLLECTION FROM FIRST LAUNCH (owner, verbatim, 2026-08-15: "I
§118	4424	TRAILER-FABLE	Fable 5	681086e38		§118 · THE NEVER-SOLD ATTESTATION — DOM-3 UNBLOCKS (owner, verbatim, 2026-08-15: "also no founder seats have b
§119	4447	TRAILER-FABLE	Fable 5	b76ccda44		§119 · THE RIBBON/V5 PROGRAM RE-ENTERS — BUILD DEFERRED POST-TUNE (owner, 2026-08-15: "the arrow, we had some 
§120	4470	TRAILER-FABLE	Fable 5	e58e25c75		§120 · THE tm CHARTER ACCEPTED — GAP-CLOSURE, NOT CONSTRUCTION (2026-08-15, chair, vetoable; evidence laneTMC-
§121	4504	TRAILER-FABLE	Fable 5	8720219e8		§121 · THE V5 COUNSEL BANKED — AND THE TRANSCRIPT-REPLAY RECOVERY (2026-08-15, chair; evidence laneV5C-V5-SPEC
§122	4532	TRAILER-FABLE	Fable 5	aa7d09343		§122 · da-a's PREFIX COLLECTED AND EXPOSED — THE TWENTY-SECOND EXPOSURE (2026-08-15, chair; evidence laneTE22-
§123	4559	TRAILER-FABLE	Fable 5	a595edc28		§123 · da-b COLLECTED UNEXPOSED — THE FILTER-RETIREMENT MINT RULED (2026-08-15, chair, vetoable; evidence lane
§124	4590	TRAILER-FABLE	Fable 5	3278ad2ab		§124 · THE CAVEAT DISCHARGED BY EXECUTION — TE23 CUTS THE MINT (2026-08-15, chair; evidence laneTE22-receipt.m
§125	4617	TRAILER-FABLE	Fable 5	75d8f070c		§125 · FIVE LG DIRECTIVES — TRADE CIRCLES, CONFISCATION REPLENISHMENT, CARAVAN NEWS CHAINS, SIZE-SCALED SPEED,
§126	4683	TRAILER-FABLE	Fable 5	b1cab621b		§126 · THE WAR CONSOLE DIRECTIVE (owner, 2026-08-15, verbatim in-chat; the design direction recorded, the char
§127	4733	TRAILER-FABLE	Fable 5	7648a7344		§127 · da-b + da-c COLLECTED AND EXPOSED — THE TWENTY-THIRD EXPOSURE; THE DISPLAY FAMILY CLOSES AT FIVE OF SIX
§128	4766	TRAILER-FABLE	Fable 5	3eb393e5d		§128 · THE STRESSOR PIN (owner directive 2026-08-15 + the chair's design direction, vetoable; the owner's fork
§129	4864	TRAILER-FABLE	Fable 5	00e3175d5		§129 · THE UNIVERSAL COMMITMENT LAW AND THE TWO-HAT LAW (owner directives 2026-08-15 generalizing §128b estate
§130	4901	TRAILER-FABLE	Fable 5	c0b78e925		§130 · THE cn FAMILY BUILD ORDERED AND SLOTTED (owner, 2026-08-15: "Comprehensively, exhaustively, carefully, 
§131	4925	TRAILER-FABLE	Fable 5	cc388a601		§131 · THE PORTABILITY PRINCIPLE NAMED (owner rationale, 2026-08-15 — the WHY under the finite-semantics const
§132	4941	TRAILER-FABLE	Fable 5	cc388a601		§132 · THE cn CHARTER ACCEPTED AND BANKED (2026-08-15, chair, vetoable; evidence laneCNC-CN-CHARTER.md + laneC
§133	4968	TRAILER-FABLE	Fable 5	af6f44cb5		§133 · THE "AM I MISSING ANYTHING" SWEEP — FIVE UNOWNED ITEMS (2026-08-15, chair; everything else confirmed ow
§134	5016	TRAILER-FABLE	Fable 5	74bb5fdde		§134 · THE dom TRAIN COLLECTED AND EXPOSED — THE TWENTY-FOURTH EXPOSURE; THE FOUNDERS RULING IS LIVE COPY (202
§135	5051	TRAILER-FABLE	Fable 5	99c73b7ed		§135 · REALISM ERRATUM — THE OWNER'S CHALLENGE SUSTAINED ON MISINFORMATION (2026-08-16, chair; verified agains
§136	5077	TRAILER-FABLE	Fable 5	1c6945eaf		§136 · THE CONTAGION DIRECTIVE — VERIFY THEN BUILD (owner, 2026-08-16, verbatim design recorded; lane PG-C dis
§137	5102	TRAILER-FABLE	Fable 5	5af9f97ab		§137 · THE MICRO-BATCH COMPILE ACCEPTED — FIVE TRAINS, ONE PREMISE DEATH, ONE CEILING CATCH (2026-08-16, chair
§138	5134	TRAILER-FABLE	Fable 5	ffb626d39		§138 · THE CONTAGION CENSUS ACCEPTED — ABSENT, AND THE pg FAMILY CHARTERED (2026-08-16, chair, vetoable; evide
§139	5171	TRAILER-FABLE	Fable 5	2a932a455		§139 · THE pg FAMILY BUILD ORDERED — AND ITS TWO BLOCKING SITTINGS HELD IN THIS ACT (owner, 2026-08-16: "Compr
§140	5202	TRAILER-FABLE	Fable 5	83aa8befb		§140 · THE LAST TWO LEVERS RATIFIED (owner, 2026-08-16: "do it both!"; both live in this sitting)
§141	5227	TRAILER-FABLE	Fable 5	6017fa9e6		§141 · THE SOAK EFFICIENCY LAWS (2026-08-16, chair on the owner's question, vetoable; the harness work joins t
§142	5259	TRAILER-FABLE	Fable 5	92037ffb9		§142 · TE25's TWO TRAINS COLLECTED-IN-STACK; TC24's TWO STRUCTURAL CATCHES RULED (2026-08-16, chair, vetoable;
§143	5300	TRAILER-FABLE	Fable 5	9a38467aa		§143 · FIVE MORE SOAK LAWS (2026-08-16, chair on the owner's request, vetoable; the first begins tonight)
§144	5330	TRAILER-FABLE	Fable 5	d6169c576		§144 · TC25 + TC26 COLLECTED (2026-08-16, chair)
§145	5355	TRAILER-FABLE	Fable 5	d6169c576		§145 · THREE OWNER ORDERS (2026-08-16, mid-turn, verbatim intent)
§146	5377	TRAILER-FABLE	Fable 5	9ad01f44b		§146 · SA-1 COLLECTED — THE §145.2 SOAK GATE IS PASSED (2026-08-16, chair)
§147	5417	TRAILER-FABLE	Fable 5	ed8b93c58		§147 · OWNER ORDER: BUILD THE SOAK HARNESS (2026-08-16)
§148	5445	TRAILER-FABLE	Fable 5	8129b6392		§148 · TC27 COLLECTED — LG/cn/pg COMPILED (2026-08-16, chair)
§149	5483	TRAILER-FABLE	Fable 5	a3b30ee63		§149 · TC28 COLLECTED — tm+sk COMPILED; TWO FORKS RULED (2026-08-16, chair)
§150	5532	TRAILER-FABLE	Fable 5	b94a5caf1		§150 · OWNER ORDER: COMPREHENSIVELY REDO THE MAPS (2026-08-16)
§151	5563	TRAILER-FABLE	Fable 5	b94a5caf1		§151 · TE26 COLLECTED — gvf+mb LANDED; 25th EXPOSURE; tm+sk DISPATCHED (2026-08-16, chair)
§152	5593	TRAILER-FABLE	Fable 5	546906380		§152 · OWNER ORDER: THE MAP GRAMMARS + BUILD-OUT BEGINS (2026-08-16)
§153	5629	TRAILER-FABLE	Fable 5	cd294d43f		§153 · THE ARTISTIC IDIOM RULED (2026-08-16, chair on owner delegation "you need to decide the style", vetoabl
§154	5655	TRAILER-FABLE	Fable 5	140528b69		§154 · OWNER ORDERS: THE MORPHOLOGY LAW + THE HIGGSFIELD GUIDE SESSION (2026-08-16)
§155	5682	TRAILER-FABLE	Fable 5	5aa0920ce		§155 · MF-R1 COLLECTED + DELIBERATE SESSION PAUSE (2026-08-16 ~05:05)
§156	5715	TRAILER-FABLE	Fable 5	36a08290c		§156 · THE HIGGSFIELD CONNECTOR SESSION (2026-08-16, resumed WITHOUT the restart — the connector hot-mounted)
§157	5734	TRAILER-FABLE	Fable 5	ff0571801		§157 · THE BASELINE CORPUS COMPLETE (2026-08-16, owner orders: "good sample size... per tier... infer and extr
§158	5766	TRAILER-FABLE	Fable 5	2e055006b		§158 · THE STATE-AXIS DISPOSITION RULED (2026-08-16, chair on owner order, vetoable)
§159	5792	TRAILER-FABLE	Fable 5	9bfaf7111		§159 · TWO OWNER CALIBRATIONS + THE WILD ROUND (2026-08-16)
§160	5813	TRAILER-FABLE	Fable 5	977c90263		§160 · MF-P1 COLLECTED — FEASIBLE, EYES-ON VERDICT, FOUR RULINGS, TC29 DISPATCHED (2026-08-16, chair)
§161	5852	TRAILER-FABLE	Fable 5	e688469b8		§161 · OWNER ORDER: THE TERRAIN-FIRST LAW (2026-08-16)
§161a	5873	TRAILER-FABLE	Fable 5	1c567d455		§161a · SUBSTRATE INPUTS BROADENED (2026-08-16, owner: "of course base terrain is derived from the dossier")
§161b	5886	TRAILER-FABLE	Fable 5	ad781917f		§161b · THE TERRAFORMING LAW (2026-08-16, owner: "terraforming happens and is allowed at higher tiers to a bou
§161c	5903	TRAILER-FABLE	Fable 5	07158bfc4		§161c · THE SITING-RING LAW (2026-08-16, owner: "some institutions should also exist a little outside the main
§161d	5920	TRAILER-FABLE	Fable 5	be7b97ca8		§161d · THE DISTRICT-ORGANISM LAW (2026-08-16, owner: "districts grow outward, the town is just the umbrella")
§161e	5925	TRAILER-FABLE	Fable 5	66b0ca8b6		§161e · MATRIX, MULTIPLICITY, OVERLAP (2026-08-16, owner: "multiple of the same districts… residential spread 
§161f	5946	TRAILER-FABLE	Fable 5	24d7106b5		§161f · CONTINUOUS SCALE + THE HIGH-WATER LAW (2026-08-16, owner: "even within a tier, population — or maybe h
§161g	5964	TRAILER-FABLE	Fable 5	5a4fb967b		§161g · THE DEMOTION GRAMMAR (2026-08-16, owner: "when a settlement gets demoted… scars, surrounded by ruins, 
§161h	5986	TRAILER-FABLE	Fable 5	8c0b6498b		§161h · THE DRIFT GRAMMAR — THE MAP'S TIME DIMENSION (2026-08-16, owner: promotion, order drift, trade re-orie
§161i	6016	TRAILER-FABLE	Fable 5	cb3eef08e		§161i · THE AMBITION GRANT (2026-08-16, owner: "be ambitious, I'm allowing it!")
§161j	6034	TRAILER-FABLE	Fable 5	0b13de5c4		§161j · THE MAP DECISION RULE (2026-08-16, owner: "reconcile between historical evidence and the absolute best
§161k	6049	TRAILER-FABLE	Fable 5	5f494c891		§161k · THE SNAPSHOT CLARIFICATION (2026-08-16, owner: "i'm not asking you for a literal slider, just the snap
§161l	6064	TRAILER-FABLE	Fable 5	0e9762ec6		§161l · SPECIFIC POWER + INSTITUTION ATTRIBUTION (2026-08-16, owner: "which power is in power and their relate
§161m	6087	TRAILER-FABLE	Fable 5	b7f3ff437		§161m · WALL TRACES + SUPPLY-CHAIN ADJACENCY (2026-08-16, owner: "castle walls and palisades shaped appropriat
§161n	6113	TRAILER-FABLE	Fable 5	c93f8c887		§161n · THE INSTITUTION-SCALE LAW (2026-08-16, owner: "a port of a village is not to the scale of a port of a 
§162	6130	TRAILER-FABLE	Fable 5	1c42c107d		§162 · TC29 COLLECTED — THE mf BUILD PLAN EXISTS (2026-08-16, chair)
§163	6172	TRAILER-FABLE	Fable 5	f96458228		§163 · THE IMMERSION SUITE RULED (2026-08-16, owner: "don't do 1 but do everything else")
§164	6187	TRAILER-FABLE	Fable 5	b6612dfa9		§164 · OWNER ORDER: BUILD THE mf FAMILY + UNLIMITED HIGGSFIELD (2026-08-16)
§164a	6210	TRAILER-FABLE	Fable 5	cde9e57cd		§164a · NEIGHBOR-EDGE CONSTRAINTS (2026-08-16, owner: "spatially aligned with the realm and only when they con
§165	6221	TRAILER-FABLE	Fable 5	460f51a84		§165 · THE INSTITUTION ATLAS ORDERED (2026-08-16, owner: "comb through all of the institutions and decide thei
§166	6245	TRAILER-FABLE	Fable 5	eda01fb05		§166 · THE UNDERGROUND STRATUM LAW (2026-08-16, owner: "tunnels, sewers, and an undercity… a different layer o
§167	6265	TRAILER-FABLE	Fable 5	ad04063c1		§167 · THE AFFINITY MATRIX + ORGANIC RELOCATION (2026-08-16, owner: "map the relationship from each institutio
§168	6290	TRAILER-FABLE	Fable 5	2bf5a4f54		§168 · UNDERCITY-AS-CITY + THE UNIVERSAL FRONT (2026-08-16, owner: "an undercity should also be a city in its 
§169	6316	TRAILER-FABLE	Fable 5	daf6bf1a9		§169 · THE RECONCILIATION AUDIT DISPATCHED (2026-08-16, owner: "audit all of the laws we made (fable)… and rec
§170	6338	TRAILER-FABLE	Fable 5	cdd688160		§170 · POST-AUDIT JUDGMENT DELEGATION + THE FULL BUILD ORDER (2026-08-16, owner: "I leave all judgments to you
§171	6358	TRAILER-FABLE	Fable 5	c57024036		§171 · THE CUTOVER LAW (2026-08-16, owner: "remove all the other maps in favor of the ones we are building — t
§172	6378	TRAILER-FABLE	Fable 5	1b8800f54		§172 · THE MAP DESIGN SESSION SEALED (2026-08-16, owner: "deal and done. i leave all of the rest to you.")
§173	6392	TRAILER-FABLE	Fable 5	b5762391d		§173 · TC30 COLLECTED — THE IMMERSION AMENDMENTS + THE LETTERING RULING (2026-08-16, chair under §170)
§174	6424	TRAILER-FABLE	Fable 5	a977d264e		§174 · TC31 COLLECTED — THE ATLAS EXISTS; FOUR RULINGS (2026-08-16, chair under §170)
§175	6459	TRAILER-FABLE	Fable 5	ca19e63cc		§175 · MF-R2 COLLECTED — COHERENT-WITH-CURES; THE FOLD EXECUTED 23/23 (2026-08-16, chair under §170)
§176	6499	TRAILER-FABLE	Fable 5	0ba4a7eff		§176 · THE FORCED-FACT RECONCILIATION LAW (2026-08-16, owner: "account for if the user forces things that usua
§177	6521	TRAILER-FABLE	Fable 5	7e2d38406		§177 · MF-B1 COLLECTED — FOUNDATION BUILT; THE ITERATION ROUND ORDERED (2026-08-16, chair under §170)
§179	6562	TRAILER-FABLE	Fable 5	871317d8d		§179 · THE ABSOLUTE-BAR CALIBRATION (2026-08-16, owner: "you are judging the aesthetics by how close it can be
§180	6587	TRAILER-FABLE	Fable 5	9ba9a291a		§180 · TE27 COLLECTED — tm-core LANDED GREEN; THE 26th EXPOSURE; TE28 DISPATCHED ON THE HARNESS (2026-08-16, c
§181	6623	TRAILER-FABLE	Fable 5	3aeeb5bc6		§181 · MF-B1b COLLECTED; THE §15 FOLD PAID; TWO RULINGS; MF-B2 DISPATCHED (2026-08-16, chair under §170)
§182	6665	TRAILER-FABLE	Fable 5	ffbe61ab6		§182 · TE28 COLLECTED — THE HARNESS IS LANDED; THE 27th EXPOSURE; THE ROLLING SOAK IS ARMED; uf-1 DISPATCHED (
§184	6703	TRAILER-FABLE	Fable 5	f87ccde40		§184 · MF-B2 COLLECTED — ALL BANDS MET; THE OPEN-FIELD RULING; MF-B3 DISPATCHED (2026-08-16, chair under §170)
§185	6743	TRAILER-FABLE	Fable 5	874f6d3c6		§185 · THE REFERENCE CORPUS COLLECTED — 48 FILES; THE GENERATION PHASE CLOSES (2026-08-16, chair)
§186	6759	TRAILER-FABLE	Fable 5	496a9d0eb		§186 · THE wc-1b SIGNATURE (2026-08-16, chair — the §52.3 cure signed; FIVE WC waves unblocked)
§187	6787	TRAILER-FABLE	Fable 5	c84feaecc		§187 · THE OWNER BATCH ASSEMBLED (2026-08-16, chair)
§188	6806	TRAILER-FABLE	Fable 5	304ee9072		§188 · TE29 COLLECTED — EP STAGE ONE LANDED; THE 29th EXPOSURE; THE FIRST-RUN SUPERSESSION RULING; EP STAGE TW
§189	6845	TRAILER-FABLE	Fable 5	64a948306		§189 · MF-B3 COLLECTED — ALL TEN UNDER CEILING; THE FIELDS SOLVED; MF-B4 DISPATCHED (2026-08-16, chair under §
§190	6875	TRAILER-FABLE	Fable 5	8d5a375ee		§190 · THE NON-OVERLAP LAW (2026-08-16, owner: "you are overlapping buildings — don't do that")
§190a	6889	TRAILER-FABLE	Fable 5	876d18056		§190a · THE RIGHT-OF-WAY LAW (2026-08-16, owner: "and the buildings are also blocking streets")
§190b	6902	TRAILER-FABLE	Fable 5	9fa45f64e		§190b · THE ALLEY-GAP LAW (2026-08-16, owner: the between-block slivers are "naturally occurring alleyways — I
§190c	6920	TRAILER-FABLE	Fable 5	44ee13591		§190c · THE WORKSITE HABITATION LAW (2026-08-16, owner: farmers/fishermen/huntsmen/overseers live at their wor
§190d	6939	TRAILER-FABLE	Fable 5	189b63328		§190d · THE FAUBOURG LAW (2026-08-16, owner: extramural growth around walls; new rings only with money and tim
§191	6955	TRAILER-FABLE	Fable 5	b48953f8b		§191 · TE30 COLLECTED — EP STAGE TWO LANDED; THE 30th EXPOSURE; STAGE THREE DISPATCHED (2026-08-16, chair)
§192	6985	TRAILER-FABLE	Fable 5	94c75d2d8		§192 · THE HISTORICAL GROUNDING AUDIT ORDERED (2026-08-16, owner: "ground each law in historical precedence fi
§193	7002	TRAILER-FABLE	Fable 5	c082c39a5		§193 · MF-B4 COLLECTED — THE FABRIC LAWS AT MEASURED ZERO; MF-B5 DISPATCHED (2026-08-16, chair under §170)
§194	7038	TRAILER-FABLE	Fable 5	34d7fc719		§194 · MF-R3 COLLECTED — THE CHARTER PASSES ITS OWN ORACLE; EIGHT CURES FOLDED; FOUR RICHES ADOPTED (2026-08-1
§195	7069	TRAILER-FABLE	Fable 5	4b5251365		§195 · THE FORENSIC ZOOM (2026-08-16, owner-ordered: "look at it in depth, zoom in, see what's overlapping, wh
§196	7106	TRAILER-FABLE	Fable 5	207a08de8		§196 · MF-B5 COLLECTED — THE VACUITY CURED AND VISUALLY CONFIRMED; MF-B6 DISPATCHED (2026-08-16, chair under §
§197	7147	TRAILER-FABLE	Fable 5	e62595b00		§197 · EP STAGE THREE COLLECTED GREEN AND EXPOSED; STAGE FOUR (EP-3B, THE FAMILY'S LAST) DISPATCHED (2026-08-1
§198	7193	TRAILER-FABLE	Fable 5	3854147e4		§198 · THE EP FAMILY CLOSES — STAGE FOUR GREEN ON RUN ONE, EXPOSED; THE ci TRAIN (TE33) DISPATCHED (2026-08-16
§199	7241	TRAILER-FABLE	Fable 5	36f639039		§199 · MF-B6 COLLECTED — THE MAP HAS ITS LETTERS, ITS MEASURE, AND ITS STATES; MF-B7 DISPATCHED (2026-08-16, c
§200	7290	TRAILER-FABLE	Fable 5	07bc58f84		§200 · OWNER CATCH: THE WALL-CLEARANCE LAW — WALLS MUST NOT OVERLAP BUILDINGS (2026-08-16, owner order; chair-
§201	7322	TRAILER-FABLE	Fable 5	0bd1fd797		§201 · OWNER LAWS: THE ALLEY REGISTER + THE STREET-ATTACHMENT LAW (2026-08-16, owner order; redirected into MF
§202	7354	TRAILER-FABLE	Fable 5	cf4d1380c		§202 · OWNER LAW: UNIVERSAL ACCESS, TRANSITIVE TO THE STREET NETWORK (2026-08-16, owner order in two parts; th
§203	7382	TRAILER-FABLE	Fable 5	9f0af2e80		§203 · OWNER LAW: ZONE CONTAINMENT + ZONE FILL (2026-08-16, owner order; fourth MF-B7 redirect — the four-law 
§204	7406	TRAILER-FABLE	Fable 5	99090e664		§204 · OWNER AMENDMENT: COURTS ARE RARE (2026-08-16)
§205	7416	TRAILER-FABLE	Fable 5	18861994f		§205 · OWNER LAWS: RIVER NAVIGABILITY, RIVER CLASS FOLLOWS FUNCTION, TERRAIN-MAXIMIZED DEFENSES (2026-08-16; f
§206	7445	TRAILER-FABLE	Fable 5	18861994f		§206 · RS-1 COLLECTED — THE FIRST ROLLING SOAK COMPLETE; RS-2 FIRED AT 9ed2436c (2026-08-16, chair §170)
§207	7480	TRAILER-FABLE	Fable 5	e40456201		§207 · OWNER ORDER: THE ABSOLUTE BAR REAFFIRMED — EQUAL OR BETTER THAN THE REFERENCE CORPUS, AND A COMPREHENSI
§208	7504	TRAILER-FABLE	Fable 5	277eccbd0		§208 · OWNER ORDER: THE LOOK ITSELF — AND FABLE PLACED AT THE MAXIMUM-IMPACT SEAT (2026-08-16; MF-A1 dispatche
§209	7532	TRAILER-FABLE	Fable 5	5562d2781		§209 · THE URBANISM ATLAS COLLECTED — THE GRAIN CONVICTION, AND ALL TEN PROPOSALS ADOPTED (2026-08-16, chair §
§210	7584	TRAILER-FABLE	Fable 5	6c78ac8e7		§210 · THE ci TRAIN COLLECTED GREEN AND EXPOSED; THE ca-015 DIAGNOSTIC AND THE WF COMPILE DISPATCHED (2026-08-
§211	7627	FABLE-TEXT	Fable 5	57266cb38		§211 · MF-A1 COLLECTED — THE PAINTED PROTOTYPE WORKS, IN BUDGET, DETERMINISTIC; THE REMAINING DISTANCE IS GEOM
§212	7666	TRAILER-FABLE	Fable 5	1161b47dd		§212 · MF-B7 COLLECTED — FOUR OWNER LAWS BUILT AND PROVEN, THE REST HONESTLY CARRIED; MF-B8 (THE GEOMETRY WAVE
§213	7712	TRAILER-FABLE	Fable 5	b91297874		§213 · RS-2 COLLECTED — THE EPOCH FLAG HAS NO SOAK DISPOSITION; TE34 (THE HARNESS MICRO-BATCH) DISPATCHED (202
§214	7750	TRAILER-FABLE	Fable 5	a302979ed		§214 · OWNER LAW: FEATURE ICONOGRAPHY — CASTLE WALLS LOOK LIKE CASTLE WALLS, TERRAIN LOOKS LIKE TERRAIN (2026-
§215	7778	TRAILER-FABLE	Fable 5	c7976aebd		§215 · TC32 COLLECTED — WF-1 REFUSED IN PART AND SPLIT FOUR WAYS; THE FOUR QUESTIONS RULED; TE35 EXECUTES WF-1
§216	7818	TRAILER-FABLE	Fable 5	875aa4a2f		§216 · OWNER LAW: THE CONVERGENCE LOOP — THE CORPUS IS THE NORTH STAR; REFINE AND RE-COMPARE UNTIL OBJECTIVELY
§217	7847	TRAILER-FABLE	Fable 5	387d1e78e		§217 · OWNER GRANT: MAP-PROGRAM BUDGET RAISES AUTHORIZED WHERE NECESSARY FOR THE FULL AMBITION (2026-08-16)
§218	7868	TRAILER-FABLE	Fable 5	c25f5def0		§218 · OWNER ORDER: GO WILD ON REFERENCES — HF-2 (FABLE) GROWS THE NORTH STAR (2026-08-16)
§219	7889	TRAILER-FABLE	Fable 5	47543fbec		§219 · DX1 COLLECTED — THE ca-015 COLLAPSE ROOT-CAUSED: MISSING P4 RECONCILIATION, REPAIR CHARTERED (2026-08-1
§220	7925	TRAILER-FABLE	Fable 5	55b22e15f		§220 · CHAIR RULING: THE APP-REALISTIC PERFORMANCE GATE (2026-08-16, self-imposed on the owner's performance q
§221	7942	FABLE-TEXT	Fable 5	920a2f45a		§221 · HF-2 COLLECTED — THE NORTH STAR IS NOW WELL-SAMPLED (2026-08-16, chair §170; Fable seat; 120 credits, 1
§222	7970	TRAILER-FABLE	Fable 5	10bdec23f		§222 · OWNER ORDER: CORPUS ROUND TWO — MID-BANDS, TERRAIN, TRADE ROUTES, STRESSORS; ALL JUDGMENT DELEGATED (20
§223	7994	TRAILER-FABLE	Fable 5	188210338		§223 · OWNER ORDER: THE SUBSCRIPTION EXPIRES AFTER TOMORROW — SPEND THE BALANCE ON THE BEST AND MOST VARIED RE
§224	8019	TRAILER-FABLE	Fable 5	769f75c4c		§224 · OWNER SUGGESTION ADOPTED: BUILDING-SHAPE SPECIMEN SHEETS (2026-08-16)
§225	8032	TRAILER-FABLE	Fable 5	d3bfbd700		§225 · OWNER SUGGESTION ADOPTED WITH A FORMAT RULING: SAME-SETTLEMENT TIER-SERIES PLATES, ONE-FRAME ONLY (2026
§226	8049	TRAILER-FABLE	Fable 5	31a597e2b		§226 · OWNER REFINEMENT: TWO END-TO-END TIER TRACKS (2026-08-16)
§227	8061	TRAILER-FABLE	Fable 5	03f991bda		§227 · WF-1a LANDED AND EXPOSED; THE COLLISION SEQUENCED CLEAN; TE34's BINDING TERMINAL RELEASED (2026-08-16, 
§228	8097	TRAILER-FABLE	Fable 5	8bc5d0611		§228 · TE35 FINAL COLLECTED — THE FIFTH REFUTED PREMISE AND THE FIVE-OBLIGATION FLAG BILL (2026-08-16, chair a
§229	8134	TRAILER-FABLE	Fable 5	7951e722a		§229 · MF-B8 COLLECTED — THE GRAIN INVERSION CURED STRUCTURALLY; TOWN AND CITY IN BAND (2026-08-16, chair §170
§230	8178	TRAILER-FABLE	Fable 5	6baab77c0		§230 · OWNER CATCH: THE WALL CROSSES BUILDINGS AGAIN IN b8 — THE MUTUAL-BOUNDING LAW RULED; HOTFIX MF-B8b DISP
§231	8210	TRAILER-FABLE	Fable 5	a6f99c204		§231 · HF-3 COLLECTED (CORPUS 79→163); HF-4 DISPATCHED TO SPEND THE FINAL 646 (2026-08-16, chair §170)
§232	8243	TRAILER-FABLE	Fable 5	a6f99c204		§232 · OWNER LAW: THE WALL IS A DISTRICT PARTITION (2026-08-16; relayed into MF-B8b same-turn)
§233	8259	TRAILER-FABLE	Fable 5	b91ec3c34		§233 · OWNER ORDER: THE STANDING HANDOFF — UPDATE AT EVERY COLLECTION, MODEL-AGNOSTIC (2026-08-16)
§234	8278	TRAILER-FABLE	Fable 5	a26e16c56		§234 · THE TWO EXTERNAL ENGINEERING REVIEWS — ADOPTION FOLD AND THE REVISED SEQUENCE (2026-08-17, chair §170; 
§235	8360	TRAILER-FABLE	Fable 5	a0bac174b		§235 · TE34 COLLECTED GREEN BY THE CHAIR'S OWN GATE; THE §234 BUILD BEGINS (2026-08-17, chair §170)
§236	8386	TRAILER-FABLE	Fable 5	430e6545b		§236 · OWNER ORDER: THE OPUS CONTINUITY + FABLE RETROVALIDATION PROTOCOL (2026-08-17)
§237	8407	FABLE-TEXT	Fable 5	017ccab42		§237 · THE FABLE BOUNDARY CROSSED — OPUS CONTINUITY IN FORCE (2026-08-17; chair: Fable for this row, the LAST 
§238	8437	OPUS-TEXT	Opus 5	990580c8e	DISCHARGED-§293-298	§238 · MF-B8b COLLECTED — THE PREDICATE WAS BLIND, NOT THE OBJECT: TWO WAVES OF SELF-CERTIFYING CENSUSES REFUT
§239	8502	OPUS-TEXT	Opus 5	c48e95b41	DISCHARGED-§293-298	§239 · OWNER LAWS: THE WALL-SIDE STREET, BLOCK TERMINATION AT HARD EDGES, AND THE WALL'S TEMPORAL PRIMACY (202
§240	8555	OPUS-TEXT	Opus 5	f9e83ebe4	DISCHARGED-§293-298	§240 · OWNER LAW: EPOCH GENERATION — CORE, WALL, RING, WALL, RING (2026-08-17; chair: Opus 5 — Fable-unvalidat
§241	8595	OPUS-TEXT	Opus 5	6aabd073b	DISCHARGED-§293-298	§241 · MF-ARCH COLLECTED — EVERY CYCLE IS A MISSING VERSION AXIS; THE OWNER'S EPOCH FRAMING PROVED IT (2026-08
§242	8667	OPUS-TEXT	Opus 5	9ba6e470c	DISCHARGED-§293-298	§242 · THE NORTH STAR IS FROZEN AT 313 PLATES; THE HOLDOUT RULED (2026-08-17; chair: Opus 5 — Fable-unvalidate
§243	8720	OPUS-TEXT	Opus 5	d9cb2f88c	DISCHARGED-§293-298	§243 · THE CORPUS HAS A PERMANENT HOME — `map-corpus/` IS CANONICAL FROM NOW ON (2026-08-17, owner order; chai
§244	8747	OPUS-TEXT	Opus 5	df1c94ee8	DISCHARGED-§293-298	§244 · THE MEASUREMENT PASS OVERTURNS THE CLOSING ROUND'S TASTE CALLS AND BREAKS TWO BANDS (2026-08-17; chair:
§245	8824	OPUS-TEXT	Opus 5	9d5515ac7	DISCHARGED-§293-298	§245 · OWNER ORDER: STUDY THE URBAN PLANNING, NOT THE PAINT — AND §246 · THE RECONSTRUCTION TEST (2026-08-17; 
§247	8879	OPUS-TEXT	Opus 5	270c524e2	DISCHARGED-§293-298	§247 · OWNER STRATEGY ON THE RECORD: THE MAP IS THE ACQUISITION SURFACE (2026-08-17; chair: Opus 5 — Fable-unv
§248	8928	OPUS-TEXT	Opus 5	334d8df45	DISCHARGED-§293-298	§248 · OWNER POINTER: STUDY AZGAAR'S FANTASY-MAP-GENERATOR AS PRIOR ART — WITH AN IP DISCIPLINE (2026-08-17; c
§249	8994	OPUS-TEXT	Opus 5	c21112117	DISCHARGED-§293-298	§249 · THE ATLAS FOLD COLLECTED — THE STRONGEST-COHORT RULE RAISES THE BAR, AND THE ATLAS AUDITED ITSELF (2026
§250	9059	OPUS-TEXT	Opus 5	9c86d4c20	DISCHARGED-§293-298	§250 · THE PLAN COMPENDIUM COLLECTED — THE STREET GRAPH IS T-DOMINATED, AND A MISSING MECHANISM WOULD HAVE ERA
§251	9126	OPUS-TEXT	Opus 5	34aa8fd79	DISCHARGED-§293-298	§251 · THE CONTEXT COMPENDIUM COLLECTED — THE ANSWER TO §246 IS "PLAUSIBLE SETTLEMENT, IMPLAUSIBLE WORLD", AND
§252	9195	OPUS-TEXT	Opus 5	8098ba5b7	DISCHARGED-§293-298	§252 · MF-ARCH-2 COLLECTED — THE PIPELINE IS ACYCLIC, THE SOLVER IS DELETED, AND THE 6.8% IS ZERO (2026-08-17;
§253	9259	OPUS-TEXT	Opus 5	7987ab08f	DISCHARGED-§293-298	§253 · THE FMG STUDY COLLECTED — NOBODY SHIPS THE JOIN (2026-08-17; chair: Opus 5 — Fable-unvalidated)
§254	9324	OPUS-TEXT	Opus 5	7298fa41e	DISCHARGED-§293-298	§254 · OWNER FOUND WATABOU'S SOURCE — THE ORIGINAL MECHANISM BEHIND THE STYLE WE HAVE BEEN MEASURING (2026-08-
§255	9427	OPUS-TEXT	Opus 5	2caeb779f	DISCHARGED-§293-298	§255 · THE WATER FIGURE CHARACTERIZED — NOT A REGRESSION, A DIFFERENT RIVER; AND A CURE THAT STOPPED AT A MODU
§256	9495	OPUS-TEXT	Opus 5	5e2b33f57	DISCHARGED-§293-298	§256 · OWNER LAW: THE THREE-SOURCE PRECEDENCE — MECHANISM FROM THEM, LOOK FROM THE CORPUS, CAUSE FROM THE DOSS
§257	9527	OPUS-TEXT	Opus 5	57e670bd4	DISCHARGED-§293-298	§257 · THE GENERATION SPECIFICATION EXISTS — 24 STAGES, 33 GAPS, NINE WAVES; AND THREE QUESTIONS IT SURFACED (
§258	9604	OPUS-TEXT	Opus 5	4373b853c	DISCHARGED-§293-298	§258 · OWNER DOCTRINE: THE LAWS ARE INTENT; THE MECHANISMS ARE NEGOTIABLE (2026-08-17; chair: Opus 5 — Fable-u
§259	9659	OPUS-TEXT	Opus 5	a860dc0fd	DISCHARGED-§293-298	§259 · THE WATABOU STUDY COLLECTED — TWELVE OF OUR INFERENCES REFUTED, AND THE MUSH IS DIAGNOSED (2026-08-17; 
§260	9739	OPUS-TEXT	Opus 5	618ea9b42	DISCHARGED-§293-298	§260 · THE FTG FORK — THE DIFF IS THE PRIZE (2026-08-17; chair: Opus 5 — Fable-unvalidated)
§261	9774	OPUS-TEXT	Opus 5	16d9535ee	DISCHARGED-§293-298	§261 · OWNER CORRECTION: THE CORPUS IS NOT DERIVED FROM THE PROCEDURAL GENERATORS — A CHAIR FRAMING ERROR, RET
§262	9838	OPUS-TEXT	Opus 5	27634e04b	DISCHARGED-§293-298	§262 · G-34 RULED: BUILD THE MISSING CROSSING, DO NOT FORGIVE IT — AND W0 DISPATCHED (2026-08-17; chair: Opus 
§263	9890	OPUS-TEXT	Opus 5	ef21c5c09	DISCHARGED-§293-298	§263 · THE FTG STUDY COLLECTED — THE FORK WAS EMPTY, THE PRODUCT WAS THE PRIZE, AND §240 IS DE-RISKED (2026-08
§264	9965	OPUS-TEXT	Opus 5	8680756f2	DISCHARGED-§293-298	§264 · THE OWNER'S BUILD ORDER — RECONCILE EVERYTHING AND BUILD IT; THE STANDING CADENCE (2026-08-17; chair: O
§265	10017	OPUS-TEXT	Opus 5	f99726026	DISCHARGED-§293-298	§265 · THE CHAIR'S OWN CRITIQUE OF THE SETUP — THREE CONCERNS AND ONE CORRECTION MADE (2026-08-17; chair: Opus
§266	10074	OPUS-TEXT	Opus 5	ab01cbacd	DISCHARGED-§293-298	§266 · THE RECONCILIATION FOLD COLLECTED — AND THE INTEGRATION SPIKE IS PULLED FORWARD TO NOW (2026-08-17; cha
§267	10137	OPUS-TEXT	Opus 5	23253e8df	DISCHARGED-§293-298	§267 · THE INTEGRATION SPIKE — THE FABRIC RUNS ON REAL DATA, AND THE PERFORMANCE PASS IS A DEPENDENCY, NOT POL
§268	10225	OPUS-TEXT	Opus 5	7ec9a4e0e	DISCHARGED-§293-298	§268 · RS-3 COLLECTED — ALL THREE INSTRUMENT CURES VERIFIED, AND THE COLLAPSE INDEPENDENTLY REPLICATED (2026-0
§269	10285	OPUS-TEXT	Opus 5	50b015a9e	DISCHARGED-§293-298	§269 · THE PERFORMANCE PASS — 2× AT THE METROPOLIS WITH ZERO PIXELS MOVED, AND A CHARTERED TARGET REFUSED WITH
§270	10351	OPUS-TEXT	Opus 5	c6c8ee9a8	DISCHARGED-§293-298	§270 · W1 PARTIAL — AND THE DISCOVERY THAT THREE MECHANISMS HAD NEVER RUN ONCE (2026-08-17; chair: Opus 5 — Fa
§271	10419	OPUS-TEXT	Opus 5	ea3a6b642	DISCHARGED-§293-298	§271 · THE P4 REPAIR CURES BOTH CELLS AND IS PROVED NOT A FLOOR; THE 13-ROW RE-RECORD IS AUTHORIZED WITH CONDI
§272	10484	OPUS-TEXT	Opus 5	a8f91fb9c	DISCHARGED-§293-298	§272 · THE P4 REPAIR IS LANDED AND EXPOSED — THE COLLAPSE IS CURED (2026-08-17; chair: Opus 5 — Fable-unvalida
§273	10537	OPUS-TEXT	Opus 5	74c3c672e	DISCHARGED-§293-298	§273 · W1 COMPLETE — SIX OF SIX, AND A UNITS DEFECT THAT MADE ONE LINE MEAN SEVEN DIFFERENT RULES (2026-08-17;
§274	10616	OPUS-TEXT	Opus 5	d00bb6ede	DISCHARGED-§293-298	§274 · W2 — THE WALL LANDED WHOLE, AND THE ZOOM FOUND A DEFECT EVERY CENSUS IS BLIND TO (2026-08-17; chair: Op
§275	10685	FABLE-TEXT	Fable 5	855360357		§275 · TWO MORE EXTERNAL RESEARCH DOCUMENTS ASSESSED — ONE MAJOR ADOPTION, AND THE FABLE CHAIR RETURNS (2026-0
§276	10768	FABLE-TEXT	Fable 5	3e3366b95		§276 · THE §275 ADOPTIONS ARE ARCHITECTED INTO THE BUILD SHEET — DESIGN ONLY, NO IMPLEMENTATION (2026-08-17; c
§287	10818	UNKNOWN	NONE	bd98a314a		§287 · THE DIMENSIONAL MAP / AUTHORSHIP REDISCOVERY IS COLLECTED, RECONCILED AND MADE BUILDABLE (2026-08-20; w
§288	11066	UNKNOWN	NONE	bd98a314a		§288 · GLOBAL SUN/MOON LIGHT PROBE AND DETERMINISTIC PERCEPTUAL 2.5D (2026-08-20 owner decision; architecture/
§289	11138	UNKNOWN	NONE	bd98a314a		§289 · BUILT-IN/CUSTOM SPATIAL PARITY AND EVIDENCE BOUNDARY (2026-08-20 owner decision; architecture/governanc
§290	11179	UNKNOWN	NONE	bd98a314a		§290 · CORE-FIRST IMPLEMENTATION AND EDGE-CASE STOP LAW (2026-08-20 owner decision; binding scope control)
§291	11203	FABLE-TEXT	NONE	bd98a314a		§291 · THE FABLE CHAIR RETURNS — THE RETROVALIDATION SITTING OPENS, AND THREE OWNER DIRECTIVES LAND (2026-08-2
§292	11282	FABLE-TEXT	NONE	0c03869c7		§292 · FIVE SITTING-METHOD REFINEMENTS PROPOSED, OWNER-ORDERED IMPLEMENTED ("implement those", 2026-08-21; cha
§293	11325	FABLE-TEXT	NONE	1273f0a1d		§293 · THE SITTING RULES THE PRIOR-ART/META CLUSTER — NINE ROWS, THREE NEW LAWS, TWO REPAIRS EXECUTED, ONE EXP
§294	11516	FABLE-TEXT	NONE	e16fa7323		§294 · THE SITTING RULES THE ENGINE/SOAK/WAVE CLUSTER — SEVEN ROWS, THE BUILD-GATING TRANCHE, LAW L3, AND RS-4
§295	11713	FABLE-TEXT	NONE	529a5f747		§295 · IPV-1 COLLECTED — THE VENDORED-FMG EXPOSURE IS REAL, SERVED, AND OWNER/COUNSEL-GRADE; §293.2's MITIGATI
§296	11789	FABLE-TEXT	NONE	cd8063ad8		§296 · DISCOVERED AND OPENED FOR REVIEW: THE CODEX FIRST-MAP VERTICAL SLICE — FIVE PACKETS ON THE BUILD TIP TH
§297	11839	FABLE-TEXT	NONE	5848fb85e		§297 · THE SITTING RULES THE MAP-ARCHITECTURE CLUSTER — SEVEN ROWS; TWO CLAIMS REVERSED, TWO LAWS BANKED; THE 
§298	12035	FABLE-TEXT	NONE	5848fb85e		§298 · THE SITTING RULES THE CORPUS/MEASUREMENT CLUSTER — SEVEN ROWS; THE QUEUE IS EMPTY; LAW L6; THE CORRECTI
§299	12233	FABLE-TEXT	NONE	7b75a16df		§299 · CX-1 COLLECTED — THE CODEX SLICE IS RULED: NOT A FIFTH AUTHORITY BUT THE PORT TARGET'S SHAPE; THREE GOV
§300	12316	FABLE-TEXT	NONE	886932f09		§300 · CF-1 COLLECTED GREEN — THE SITTING'S CORRECTIONS ARE IN THE DOCUMENTS, THE CORPUS GATE CLOSED 313/313 A
§301	12383	FABLE-TEXT	NONE	ac957801b		§301 · MF-D0 COLLECTED — THE OFFSET KERNEL LANDS, THE DEFECT WAS THREE TIMES THE ORDERED CENSUS AND IS ZERO IN
§302	12479	FABLE-TEXT	NONE	13b623187		§302 · CG-1 COLLECTED — THE CODEX TIP IS GATE-PROVEN GREEN; THE §299.5 STRIKE AND THE LANDING CAS ARE EXECUTED
§303	12544	FABLE-TEXT	NONE	3e70315ec		§303 · MF-D1 COLLECTED — ALL FIVE FOUNDATIONS BUILT AT ZERO BYTES; THE TEN RAISED ITEMS RULED; FRESH W3 DISPAT
§304	12656	FABLE-TEXT	NONE	d4bc07bcc		§304 · OWNER ORDER: THE CHAIR'S FIVE FORWARD CHANGES ARE IMPLEMENTED ("Do these", 2026-08-21; chair: FABLE)
§305	12720	FABLE-TEXT	NONE	b179879df		§305 · RS-4 IS COMPLETE — THE FULL GRID PROVES THE COLLAPSE GONE; §272.5's DEMAND IS DISCHARGED AND THE P4 ARC
§306	12765	FABLE-TEXT	NONE	e60bc1924		§306 · MF-CB1 COLLECTED — THE COUNTERFACTUAL BENCHMARK EXISTS, CONVICTS, AND CAUGHT THREE ENGINE FINDINGS ON I
§307	12834	FABLE-TEXT	NONE	5be2075ad		§307 · MF-I1 COLLECTED — G-39 IS REFUTED BY ITS OWN PRE-REGISTERED RULE; THE MUSH PROGRAM GETS A MEASURED TARG
§308	12908	FABLE-TEXT	NONE	6ee6dff3c		§308 · TC-WF COLLECTED AND THE WF FAMILY LAW IS SIGNED AND LANDED — THE VOLUME'S COPY DIVERGENCE IS CLOSED, TH
§309	12970	FABLE-TEXT	NONE	c5ba15e43		§309 · TC-WF1B COLLECTED — THE ONE-MEMBER CHARTER REFUSED BY ARITHMETIC, THE SPLIT AMENDED, AND THE BEAT RE-FI
§310	13020	FABLE-TEXT	NONE	18b1ca8cd		§310 · MF-W3F COLLECTED — FRESH W3 SEALS: THE FOSSILS ENTER THE DERIVATION, ALL FIVE SW-1 CRITERIA PASS, THE E
§311	13107	UNKNOWN	NONE	c64bf4b2a		§311 · OWNER DESIGN DIRECTIVE — THE UNDERCITY IS SEEDED, CAUSAL, AND PROPORTIONAL (2026-08-21, in-chat; chair 
§312	13318	FABLE-TEXT	NONE	163dc74ee		§312 · TC-D3A COLLECTED — THE PORT PLAN IS PRICED (16 MEMBERS), THREE RULINGS MADE, AND THE SANDBOX EVIDENCE I
§313	13381	FABLE-TEXT	NONE	efc6836c4		§313 · TE-WF1B COLLECTED — WF-1B IS BUILT AND PROVEN; THE ONE DETERMINISTIC RED WAS THE CHAIR'S OWN PREAMBLE, 
§314	13436	FABLE-TEXT	NONE	c27e3d57d		§314 · THE EXPOSURE DAY CLOSES ITS LOOP — WF-1B LIVE, THE MAP FAMILY LAW LANDED, RS-5 UP, THE FIRST PORT EXECU
§315	13481	FABLE-TEXT	NONE	bfe9087fd		§315 · TE-T2A COLLECTED FULLY GREEN — THE FIRST PORT MEMBER IS TERMINAL, THE PREAMBLE'S SELF-CONTRADICTION IS 
§316	13535	FABLE-TEXT	NONE	e1054685b		§316 · TC-WF1C COLLECTED — ONE MEMBER, ZERO OVERRIDES, THE REGISTRY STOP MEASURED NOT TO FIRE, AND THE TIDY DE
§317	13589	FABLE-TEXT	NONE	0063e38c6		§317 · THE QUEUED WEBSITE WORK OPENS AS A THIRD TRACK — THE NOTICES SURFACE DISPATCHES; THE OWNER BATCH'S TRUE
§318	13633	FABLE-TEXT	NONE	f40f2ebbf		§318 · THE ARROW/RIBBON ANSWERED — THE V5 BANK PURGED A SECOND TIME AND ITS RECOVERY DISPATCHED; THE LANDING-P
§319	13672	FABLE-TEXT	NONE	b228a52ca		§319 · V5-R COLLECTED — THE COUNSEL BANK RECOVERED BYTE-EXACT AND PRESERVED; §121's RECORD CORRECTED ON THREE 
§320	13726	FABLE-TEXT	NONE	230a34b58		§320 · TE-LANDING COLLECTED — THE RIGHT ZERO: THE PAGE IS ALREADY BUILT AND THE SPEC IS ITS ORIGIN DOCUMENT; T
§321	13780	FABLE-TEXT	NONE	583abb22f		§321 · TC-WF1D COLLECTED — THE JOIN FITS AT NET ZERO AND THE STOP NEVER FIRES; THE DEAD CHRONICLE ROW REFUSED;
§322	13832	UNKNOWN	NONE	8975083e2		§322 — COLLECTION: TE-T2B TERMINAL (map port member 2); CAS HELD BEHIND WF-1C (2026-08-21 ~15:12)
§323	13866	UNKNOWN	NONE	e30147a43		§323 — COLLECTION: TE-NOTICES COMPLETE, GREEN, UNCOMMITTED BY DESIGN; SLOT UNCHANGED (LAST) (2026-08-21 ~15:18
§324	13901	UNKNOWN	NONE	4b73034d7		§324 — COLLECTION + CAS: WF-1C LANDED; THE CASCADE ADVANCES (2026-08-21 ~15:24)
§325	13935	UNKNOWN	NONE	4e020b60b		§325 — COLLECTION + CAS: MF-T2B LANDED REBASED, WITH THE FENCE AMENDMENT; TWO NEW HAZARD CLASSES (2026-08-21 ~
§326	13968	UNKNOWN	NONE	4d264f6de		§326 — PARALLELISM AUDIT (owner query) + CHAIR-PLANE SPIN-UP (2026-08-21 ~16:05)
§326.4	13986	UNKNOWN	NONE	416d011ce		§326.4 — RAISED-4 DISPOSITION: TWO FALSIFIED LANDED SENTENCES BATCHED ONTO WF-1E (2026-08-21 ~17:25)
§327	14000	UNKNOWN	NONE	7df05190e		§327 — COLLECTION + CAS: THE NOTICES SURFACE LANDED; THE OFL BODY FETCHED BY CHAIR; COMPLETION SEQUENCED LAST 
§328	14032	UNKNOWN	NONE	e7e3917ec		§328 — MF-T2C COMPILE COLLECTED AND CHAIR-REVIEWED; FIVE RULINGS; DISPATCH SEQUENCED (2026-08-21 ~18:00)
§329	14067	UNKNOWN	NONE	31fb011a3		§329 — COLLECTION + CAS: WF-1D LANDED — THE CASCADE'S LAST FULL GATE IS GREEN (2026-08-21 ~18:45)
§330	14096	UNKNOWN	NONE	4a1d249eb		§330 — COLLECTION + CAS: THE OFL COMPLETION LANDED; RS-5 RESUMED; TE-T2C DISPATCHED (2026-08-21 ~19:15)
§331	14132	UNKNOWN	NONE	b60bfb839		§331 — T2C'S TERMINAL HOLD REFUTED BY TWO INSTRUMENTS; GO ISSUED; STANDING FINDINGS (2026-08-21 ~19:58)
§332	14165	UNKNOWN	NONE	51fb34785		§332 — COLLECTION + CAS: MF-T2C LANDED 18/18; THE INSTRUMENT LAW BANKED; NEXT-WAVE COMPILES SPAWNED (2026-08-2
§333	14194	UNKNOWN	NONE	05348227b		§333 — WF-1E COMPILE COLLECTED AND CHAIR-REVIEWED; FIVE RULINGS; Q4 RULED (2026-08-21 ~20:50)
§334	14225	UNKNOWN	NONE	94f3aba81		§334 — MF-T2D COMPILE COLLECTED AND CHAIR-REVIEWED; SIX RULINGS (2026-08-21 ~21:20)
§335	14265	UNKNOWN	NONE	281d79476		§335 — OWNER PARALLELISM QUERY #2: THE UI STREAM SPUN UP (2026-08-21 ~21:40)
§336	14278	UNKNOWN	NONE	256b64bfc		§336 — THE OWNER'S BLANKET GRANT INTERPRETED; THE DELEGATED DECISION SITTING CHARTERED (2026-08-21 ~22:00)
§337	14296	UNKNOWN	NONE	d236c7c5d		§337 — OWNER DIRECTIVE: IMPLEMENTATION DOES NOT WAIT ON THE SOAK; BOTH EXECUTORS DISPATCHED (2026-08-21 ~22:10
§338	14316	UNKNOWN	NONE	e7a0ad9da		§338 — THE UI COHORT'S LAST OPEN RULING (C, eventLog) RULED; MEMORY CORRECTED; TWO ITEMS DOCKETED (2026-08-21 
§339	14355	UNKNOWN	NONE	c3768ce47		§339 — RS-5 COMPLETE: 162/162, THE GRID IS CLEAN; ONE WALL-TIME ASSERTION UNDER ATTRIBUTION (2026-08-21 ~22:50
§340	14379	UNKNOWN	NONE	d9343d53f		§340 — THE RS-5 PROGRAM CLOSES: THE ONE FINDING IS A CONFIRMED HOST ARTIFACT; EVERYTHING PRESERVED (2026-08-21
§341	14401	UNKNOWN	NONE	5b6b0f080		§341 — OWNER DIRECTIVE: THE 300-YEAR TUNING PASS GAINS A MAP LEG (2026-08-21 ~23:25)
§342	14427	UNKNOWN	NONE	5091ee723		§342 — COLLECTION + CAS: WF-1E LANDED — THE FAITH PANEL SAYS WHY (2026-08-22 ~00:20)
§343	14455	UNKNOWN	NONE	b4207a348		§343 — OWNER RULE CHANGE: IMPLEMENTATION MAY BE DEFERRED TO FABLE AT CHAIR DISCRETION, APPROPRIATELY (2026-08-
§344	14493	UNKNOWN	NONE	832273842		§344 — OWNER PARALLELISM QUERY #3: EVERY FREE SEAT FILLED (2026-08-22 ~01:05)
§345	14508	UNKNOWN	NONE	f38101d85		§345 — COLLECTION + CAS: MF-T2D LANDED — THE DAY CLOSES AT EIGHT; D3a's CORE IS COMPLETE (2026-08-22 ~01:40)
§346	14537	UNKNOWN	NONE	68b2a9545		§346 — MEAS-MINKEYS COLLECTED: THE §338.1 CURE PATH IS REFUTED BY MEASUREMENT; THE OSR RE-FREEZE IS OWED (2026
§347	14575	UNKNOWN	NONE	0ab3d6553		§347 — OWNER ORDER: THE SELF-REFILLING LANE SCHEDULER (2026-08-22 ~02:35)
§348	14604	UNKNOWN	NONE	fac72b074		§348 — TC-T2E COLLECTED: THE DISPATCH'S CANDIDATES REFUTED, MEMBER 5 RATIFIED; TE-T2E DISPATCHED (2026-08-22 ~
§349	14644	UNKNOWN	NONE	c1302171d		§349 — TC-OSR9 COLLECTED: THE MINT CHARTER RATIFIED WITH ALL SIX JUDGMENTS; TE-OSR9 DISPATCHED (2026-08-22 ~03
§350	14676	UNKNOWN	NONE	f46837bdd		§350 — TC-WF8 COLLECTED: FOUR RULINGS INCLUDING A SIGNED VALUE; A §321.2a PREMISE CORRECTED; TE-WF8 DISPATCHED
§351	14710	UNKNOWN	NONE	2c91d8eaf		§351 — TE-T2E MID-LANE COLLECTION: THE SPEC ANCHOR CURED; THE MUTEX DEFECT FOUND AND ITS CLEARANCE RATIFIED (2
§352	14738	UNKNOWN	NONE	3e367e22a		§352 — COLLECTION + CAS: WF-1F LANDED (THE CLOSING TRAIN'S FIRST CAR); A MUTEX-ECOLOGY RULE (2026-08-22 ~05:20
§353	14767	UNKNOWN	NONE	bfb844385		§353 — OSR9'S STRUCTURAL RAISE RULED: THE MINT GOES LAST; THE UN-CHERRY-PICKABLE-MINT LAW BANKED (2026-08-22 ~
§354	14827	UNKNOWN	NONE	140e0395e		§354 — T2E AT THE DOOR: GO ISSUED WITH THE LOCK PICTURE; J-TET2E-1 RATIFIED; A VALIDATOR GAP QUEUED (2026-08-2
§355	14850	UNKNOWN	NONE	60a27ff6c		§355 — THE VARYING-CAST FINDING: THE SUITE'S FULL-RUN CONTEXT IS INTERMITTENTLY CONTAMINATED; THE PROTOCOL AND
§356	14888	UNKNOWN	NONE	fa074e416		§356 — WF-8A PARKED AT THE STAND-DOWN: THE FALSE-RECEIPT CURE RATIFIED; THE HAND-COPY OVERRIDE; THE BANKED-COU
§357	14928	UNKNOWN	NONE	687d5620f		§357 — HUNT-1'S MECHANISM: THE 'CONTAMINATION' IS TIMEOUT EXHAUSTION MASKED BY AN EVIDENCE-DELETING INSTRUMENT
§358	14959	UNKNOWN	NONE	48fc08842		§358 — HUNT-1 FINAL: THE MECHANISM CONFIRMED PER-STRAY; A RETRACTION THAT SHARPENS THE CURE; THE PROTOCOL SIMP
§359	14991	UNKNOWN	NONE	ab842af44		§359 — THE DELEGATED DECISION SITTING (§336.1 EXECUTED): ELEVEN RULINGS, SEVEN STAY-OWNER ITEMS; THE §187 BATC
§360	15049	UNKNOWN	NONE	a35a54bf1		§360 — OWNER DIRECTIVE: THE ATLAS RESEARCH FEEDS THE DOSSIER PROSE; THE CONTENT TRAIN CHARTERED (2026-08-22 ~1
§361	15074	UNKNOWN	NONE	2baa03025		§361 — THE CONTENT TRAIN ARCHITECTED AND SLOTTED (owner: "comprehensively architect it in") (2026-08-22 ~14:20
§362	15107	UNKNOWN	NONE	a4f09e810		§362 — THE SIGNATURE GRANT APPLIED: THREE SIGNATURES LAND; THE NON-SIGNATURE ITEMS NAMED PLAINLY; ONE REGISTER
§363	15143	UNKNOWN	NONE	c55cf412b		§363 — LP-RECON COLLECTED: A STALE QUEUE ROW STRUCK, THE DROPPED §320.3 THREAD RULED, A MEMORY CORRECTED, THE 
§364	15176	UNKNOWN	NONE	1349f8e84		§364 — TC-HOUSE REVIEWED AND RULED; H7 ADDED; TE-HOUSE SLOTTED POST-WF-8A; TC-DOSSIER TAKES THE FREED SEAT (20
§365	15206	UNKNOWN	NONE	6b933f527		§365 — OWNER CHALLENGE #4: THE D3a PORT TRAIN STARTS NOW; THE SEAT ACCOUNTING CORRECTED (2026-08-22 ~16:40)
§366	15227	UNKNOWN	NONE	aaf8aac26		§366 — OWNER ORDER: THE SCHEDULER TIED TO THE WAKEUP; CADENCE 30 → 20 MINUTES (2026-08-22 ~17:00)
§367	15243	UNKNOWN	NONE	990c7cf87		§367 — TWO OPEN LANES FILLED FROM THE QUEUE (owner order); THE ZSH LESSON BIT THE CHAIR (2026-08-22 ~17:10)
§368	15261	UNKNOWN	NONE	aa7631ce7		§368 — COLLECTION + CAS: MF-T2E LANDED ON THE QUIET DRAW; THE +7 CROSS-CHECK; WF-8 ACTIVATES (2026-08-22 ~17:5
§369	15287	UNKNOWN	NONE	534843010		§369 — TC-READREPAIR RULED: DELETION BY GENESIS PROOF; A POSSIBLE EDIT-LOSS PATH ESCALATED TO ITS OWN LANE (20
§370	15314	UNKNOWN	NONE	4a0991552		§370 — OWNER ORDER: HARD CAP FOUR ACTIVE LANES (2026-08-22 ~18:40)
§371	15324	UNKNOWN	NONE	bc0157c76		§371 — TC-T2F RULED: SEVEN RULINGS; TE-T2F DISPATCHED ON THE FREED SEAT (2026-08-22 ~19:00)
§372	15353	UNKNOWN	NONE	fb54f6fb4		§372 — MEAS-DUALRUN PHASE 1 COLLECTED: THE SEPARATOR DEFECT CHARTERED; THE §312.2c SCOPE CORRECTED; THE LANE P
§373	15386	UNKNOWN	NONE	701a8b1bb		§373 — INV-DESC CONFIRMED, WIDER THAN RAISED: 933 AUTHORED DESCRIPTIONS INVISIBLE ON THE PAID SURFACE; RR-2 CH
§374	15420	UNKNOWN	NONE	8563b9425		§374 — TC-RR2 RULED AS COMPILED; TC-T2G DISPATCHED TO KEEP THE PORT PIPELINE FULL (2026-08-22 ~20:50)
§375	15442	UNKNOWN	NONE	7cc37b08e		§375 — T2G RULED (THE REMOVAL MEMBER); THE DOSSIER COMPILE DECLARED SILENTLY LOST AND RE-DISPATCHED (2026-08-2
§376	15470	UNKNOWN	NONE	bc842d51c		§376 — COLLECTION + CAS: WF-8A LANDED — THE WORLD WRITES OBITUARIES; THE MINT'S WINDOW OPENS (2026-08-22 ~02:5
§377	15496	UNKNOWN	NONE	fe5955557		§377 — CT-0 COLLECTED WITH A CHAIR-CAUGHT PIN ERROR: THE LEDGER-IS-NOT-THE-BUILD-TREE LAW (2026-08-22 ~03:55)
§378	15520	UNKNOWN	NONE	e7cda904c		§378 — CT-0 RATIFIED AFTER THE PIN CORRECTION; THE R-4 HYPOTHESIS REFUTED BY GREP; TE-CT1a DISPATCHED (2026-08
§379	15546	UNKNOWN	NONE	c10acf31d		§379 — T2G'S STOP-RAISE RULED: THE RETIREMENT ONE-WAY RATCHET, DISCHARGED BY NOTE NOW AND BY LAW NEXT (2026-08
§380	15576	UNKNOWN	NONE	04a867823		§380 — COLLECTION + CAS: THE OSR-9 MINT LANDED; THE CLOSING TRAIN IS COMPLETE; THE WINDOW CLOSES (2026-08-22 ~
§381	15609	UNKNOWN	NONE	645884864		§381 — COLLECTION + CAS: MF-T2F LANDED — THE EXACT-LEGALITY PORT; THE PORT TRAIN'S FIRST GATED CAR (2026-08-22
§382	15644	UNKNOWN	NONE	057c3ed55		§382 — COLLECTION + CAS: MF-T2G LANDED — THE REMOVAL MEMBER; THE TAIL LAW'S THIRD FACE (2026-08-22 ~11:05)
§383	15668	UNKNOWN	NONE	911cfec10		§383 — COLLECTION + CAS: CT-1a LANDED — THE FIRST ATLAS PROSE; THE CONTENT TRAIN'S FIRST CAR (2026-08-22 ~11:5
§384	15694	UNKNOWN	NONE	ed46a8e74		§384 — RR-1's STOP-RAISE RULED: THE ENVELOPE BREAK ATTRIBUTED TO CT-1a's LAWFUL LANDING; THE QUEUE RE-SEQUENCE
§385	15731	UNKNOWN	NONE	c2a3f274c		§385 — COLLECTION + CAS: THE HOUSEKEEPING BUNDLE LANDED — NINE REPAIRS AND THE DISCHARGE LAW; H8 CONVICTED, SP
§386	15769	UNKNOWN	NONE	25fec8ac4		§386 — COLLECTION + CAS: THE RATCHET CURE LANDED — GATES SAY WHAT THEY MEAN; THE §357 ARC CLOSES (2026-08-22 ~
§387	15800	UNKNOWN	NONE	0459addd3		§387 — OWNER CHALLENGE #5: THE WINDOW BLOCKS LANDINGS, NOT BUILDS — THREE SEATS FILLED (2026-08-22 ~16:00)
§388	15819	UNKNOWN	NONE	59bbd0e53		§388 — OWNER ORDER: PARALLEL ALWAYS, WHERE A LANE IS FREE AND A TRAIN IS READY; THE WAKEUP RE-MINTED WITH THE 
§389	15837	UNKNOWN	NONE	868d67cc1		§389 — THE ENVELOPE QUESTION SETTLED BY DISCRIMINATOR; §384 STANDS; NEW LAW: READER NEUTRALITY ≠ ENVELOPE NEUT
§390	15872	UNKNOWN	NONE	83c759ce4		§390 — T2Bf COLLECTED: BUILT + FULL-GATE GREEN, HOLDING FOR THE WINDOW; ONE JUDGMENT RATIFIED, THREE RAISED IT
§391	15908	UNKNOWN	NONE	1c17b2c8b		§391 — THE TWO FREED SEATS REFILLED PER §388: TE-CT3 AND TE-T2H DISPATCHED, BOTH STACKED (2026-08-22 ~18:25)
§392	15937	UNKNOWN	NONE	4a2d89a7f		§392 — OSR-10 COLLECTED: THE SCHEMA-10 MINT BUILT AND PROVEN; TERMINAL RED ON BOX CAPACITY, HONESTLY CLASSIFIE
§393	15980	UNKNOWN	NONE	d35c481f2		§393 — H8B COLLECTED: BOTH MEMBERS BUILT AND PROVEN; FOUR JUDGMENTS RATIFIED; A NEW STANDING LAW — ATTRIBUTION
§394	16024	UNKNOWN	NONE	fe98892c2		§394 — CT-3 COLLECTED: BUILT AND HOLDING; SEVEN JUDGMENTS RATIFIED; THE WARFAITH ATTRIBUTION FINDING BANKED FO
§395	16071	UNKNOWN	NONE	9432d5253		§395 — THE SCHEMA-10 MINT IS LANDED (THE 19TH LANDING); THE WINDOW IS CLOSED; RR-1 RE-DISPATCHED AT THE NEW TI
§396	16107	UNKNOWN	NONE	1ff62bc5f		§396 — THE FOURTH SEAT FILLED: TE-INVEVS DISPATCHED (DIAGNOSIS-ONLY, §374's CHARTER) (2026-08-22 ~20:05)
§397	16127	UNKNOWN	NONE	5df609432		§397 — CT-3 COMPLETE: TIP SUPERSEDED TO ba806682; THE AFTER BATTERIES GREEN; THE GATE-DEFERRAL RATIFIED; A NEW
§398	16159	UNKNOWN	NONE	872623e54		§398 — THE FREED SEAT REFILLED: TC-WEBSITE DISPATCHED (THE WEBSITE TRAIN'S CHARTER COMPILE, CHAIR-TIER) (2026-
§399	16175	UNKNOWN	NONE	10187b5c7		§399 — INV-EVS COLLECTED: THE DISPLACEMENT CONFIRMED ON BOTH SURFACES, A SECOND DEFECT FOUND, THE FORK RIPE FO
§400	16227	UNKNOWN	NONE	f5bac9456		§400 — FTH34 COLLECTED AND RULED: THE PROSE OVERCLAIMS; THE SHRINK-BACK RIDES THE WF-8 CAR; THE PRODUCER DOOR 
§401	16257	UNKNOWN	NONE	acdc2bcd5		§401 — POP2 COLLECTED: THE QUEUED DS-POP-2 ITEM IS A FALSE POSITIVE — RETIRED; THE REAL DEFECT IS THE FALSE CL
§402	16291	UNKNOWN	NONE	6dbcfc4db		§402 — THE WEBSITE TRAIN CHARTER RULED AS COMPILED: C1-C7 SIGNED, J1-J10 RATIFIED, TWO TRAINS CHARTERED; WEB-1
§403	16336	UNKNOWN	NONE	a5dd304a5		§403 — THE DISK-FULL EVENT: MACHINE-WIDE ENOSPC, CHAIR RECLAMATION EXECUTED; THREE COLLECTIONS RIDE THE SAME R
§404	16396	UNKNOWN	NONE	05d8b5597		§404 — WEB-1 GO ISSUED WITH THE WIDENED MIGRATION BILL; THE TREE-REUSE JUDGMENT RATIFIED; INDEX MAINTENANCE (2
§405	16434	UNKNOWN	NONE	5b3093dfc		§405 — T2H RECOMMITTED AND RE-PROVEN AT THE TIP; TWO NEW TRAP SPECIMENS BANKED; THE FRESH PIN EXECUTED (2026-0
§406	16461	UNKNOWN	NONE	e9a68c4cc		§406 — WEB-1's F1 CONFIRMED: THE SIGNED §1.2 PREDICATE AMENDED TO THE CONJUNCTION; ONE VERIFY GUARD ADDED (202
§407	16491	UNKNOWN	NONE	1af489b6c		§407 — RR-1 IS LANDED (THE 20TH LANDING); FIVE JUDGMENTS RATIFIED; RR-2 UNBLOCKED AND DISPATCHED; TWO MORE WEB
§408	16528	UNKNOWN	NONE	462f37417		§408 — WEB-1 COLLECTED GREEN; THE GUARD CLEAN; THE BILL WIDENED TO TEN GATES; THE PACKET MINT AUTHORITY GRANTE
§409	16566	UNKNOWN	NONE	830157478		§409 — WEB-4 COLLECTED GREEN; THE MEASURED SHAPE OVERRULED THE PREDICTED ONE; SIX JUDGMENTS RATIFIED; WEB-5 TA
§410	16602	UNKNOWN	NONE	105434732		§410 — WEB-1's PACKET MINTED; A NEW VALIDATOR LAW BANKED (RETROSPECTIVE MINTS CANNOT ENTER AT DRAFT); THE REBA
§411	16635	UNKNOWN	NONE	d7a182afa		§411 — WEB-6 COLLECTED GREEN; SIX JUDGMENTS RATIFIED; THE RESERVATION FLAG COORDINATED; THE FAMILY-FOUNDING DU
§412	16675	UNKNOWN	NONE	c5999955b		§412 — RR-2 COLLECTED; THE EXHIBIT POSTED (THE §374 ACT DISCHARGED, VETO WINDOW OPEN); THE LANDING GO ISSUED (
§413	16722	UNKNOWN	NONE	71fe9b39a		§413 — WEB-5 COLLECTED GREEN; THE EXPORTER VERDICT MEASURED (v4, ZERO MOTION); THE OPT-IN JUDGMENT RATIFIED; T
§414	16763	UNKNOWN	NONE	cfa62a0d0		§414 — A NEW LIVENESS TRAP NAMED: THE WRAPPER-TIMEOUT GATE KILL (TWO SPECIMENS IN ONE HOUR); RR-2's SILENT KIL
§415	16781	UNKNOWN	NONE	9196b14a4		§415 — WEB-7 COLLECTED GREEN (ALL 18 STEPS, ONE DETACHED INVOCATION); SIX JUDGMENTS RATIFIED; A STALE COMPILE 
§416	16821	UNKNOWN	NONE	f1e0e8984		§416 — RR-2 IS LANDED (THE 21ST LANDING): THE 933 DESCRIPTIONS SHIP; THE VETO WINDOW CLOSED UNVETOED; §414 COR
§417	16865	UNKNOWN	NONE	0f415c1f1		§417 — T2J COLLECTED: TOTAL SEALED EQUIVALENCE, THE SCC PINNED WITH A MINIMALITY PROOF, A DENOMINATOR DEFECT C
§418	16914	UNKNOWN	NONE	ba5bf3352		§418 — T2Bf IS LANDED (THE 22ND LANDING); THE SLOT PATTERN RATIFIED AS THE STANDARD; A DISPATCH-HYGIENE CORREC
§419	16948	UNKNOWN	NONE	d36fdd494		§419 — THE T2K COMPILE RULED: FOUR RAISED ITEMS ANSWERED, ELEVEN COMPILE JUDGMENTS RATIFIED; TE-T2K DISPATCHED
§420	16982	UNKNOWN	NONE	5c16a7f1c		§420 — CT-2 IS LANDED (THE 23RD LANDING): THE ENVELOPE READING REVERSED AT THE SLOT AND ATTRIBUTED POSITIVELY;
§421	17023	UNKNOWN	NONE	e1319604d		§421 — OWNER ORDER: THE MAP-PORT REMAINDER PARALLELIZED — TWO COMPILES DISPATCHED; THE ONE BLOCKER NAMED (2026
§422	17041	UNKNOWN	NONE	757e92125		§422 — T2K COLLECTED: BUILT AND GREEN AT 182 EFFECTIVE; EIGHT JUDGMENTS RATIFIED; THE WITHDRAWN-PROBE DISCIPLI
§423	17079	UNKNOWN	NONE	80a12ae51		§423 — THE DOMAIN DOOR RULED (§299.3c/§287.7 CLOSED): VERBS ARE THE STORE'S CENSUS, PAYLOADS ARE THE DOMAIN'S 
§424	17121	UNKNOWN	NONE	7f25f9d6f		§424 — H8B IS LANDED (THE 24TH LANDING); THE PRODUCERS CHARTER COLLECTED WITH THREE RESHAPING FINDINGS; CT-3's
§425	17160	UNKNOWN	NONE	62d893076		§425 — THE T2L COMPILE RULED: FIVE RAISED ITEMS ANSWERED; TE-T2L DISPATCHED (2026-08-23 ~12:00)
§426	17188	UNKNOWN	NONE	0982b5303		§426 — THE T2M COMPILE RULED: SIX RAISED ITEMS ANSWERED; A DOOR-BRIEF PREMISE CORRECTED; THE FOUR-RED WINDOW B
§427	17227	UNKNOWN	NONE	ee90b5140		§427 — THE SUCCESSION PREPARED (OWNER ACCOUNT SWITCH IMMINENT): HANDOFF REFRESHED THROUGH THIS ROW; LANES CHEC
§428	17256	UNKNOWN	NONE	508892d3d		§428 — T2L COLLECTED: BUILT AND GREEN AT 149 EFFECTIVE; THE THIRD RENAME SITE RATIFIED; THE SWEEP HONESTY NOTE
§429	17291	UNKNOWN	NONE	192d0321c		§429 — CT-3's §355 STOP HONORED; THE VARYING-CAST HUNT EXECUTES NOW, PHASE 1 = A SERIALIZED INSTRUMENTED TERMI
§430	17333	UNKNOWN	NONE	b70d9dd35		§430 — T2M COLLECTED: THE STRIP PROVEN LINE-BY-LINE, THE FOUR-RED WINDOW EXECUTED WITH ITS CONTROL, THE LAST M
§431	17371	UNKNOWN	NONE	2f5d607a4		§431 — OWNER ORDER: THE UNDERCITY TRAIN STARTS — TC-UNDERCITY DISPATCHED (2026-08-23 ~19:00)
§432	17389	UNKNOWN	NONE	4add642bf		§432 — CT-3 IS LANDED (THE 25TH LANDING) AND THE §355 HUNT IS CLOSED: THE VARYING-CAST CONTAMINATION HYPOTHESI
§433	17428	UNKNOWN	NONE	6a1fea087		§433 — THE PRODUCER CHARTER RULED (C1-C6 SIGNED, J1-J8 RATIFIED); TWO EXECUTORS DISPATCHED; THE UNDERCITY CHAR
§434	17481	UNKNOWN	NONE	e98b5a10f		§434 — T2R's S0 STOP RULED: THE CHANNEL-1 ERASURE FINDING CONFIRMED (THE ENGINE'S DEMOTING WRITE DESTROYS THE 
§435	17526	UNKNOWN	NONE	c8a1333f6		§435 — OWNER ORDER: THE DWELLINGS PROGRAM ARCHITECTED — docs/DESIGN_DWELLINGS_PROGRAM.md LANDED ON THE LEDGER 
§436	17550	UNKNOWN	NONE	2d636c579		§436 — OWNER ORDER: THE MAP PROGRAM'S BUILD PATH TRANSPOSED ONTO DW, WITH CONSTRUCTION-HISTORY RESEARCH AS ITS
§437	17572	UNKNOWN	NONE	22925eb07		§437 — OWNER ORDER: THE DWELLINGS WORK INTEGRATED INTO THE SEQUENCE — RESEARCH RUNS NOW, SANDBOX IN THE ENDGAM
§438	17593	UNKNOWN	NONE	7e91e6dc2		§438 — OWNER ORDER: THE DW RESEARCH EXPANDED TO COMPREHENSIVE PER-INSTITUTION SCOPE, INCLUDING MAGICAL INSTITU
§439	17617	UNKNOWN	NONE	49dd3ff62		§439 — THE SECOND SUCCESSION EXECUTED (OWNER SWITCHING NOW): ALL FOUR LANES ORDERED TO STOP POINTS; THE HANDOF
§440	17707	TRAILER-FABLE	Fable 5	153cab4f0		§440 — THE SUCCESSOR SEATED (2026-08-22 ~19:45 CDT): T2H's GATE DID NOT SURVIVE THE SWITCH — RE-FIRED DETACHED
§441	17763	TRAILER-FABLE	Fable 5	4c4ee0708		§441 — THE UNDERCITY CHARTER RULED AFTER A THREE-LENS SKEPTIC PANEL: FOUR STOP-CLASS DEFECTS CURED BY RULING, 
§442	17931	TRAILER-FABLE	Fable 5	4c4ee0708		§442 — T2H LANDED (THE 26TH): RUN 2 GREEN ON THE TWO-PART READING, CAS b10ed1a1 → 84e06412; WEB-1's LANDING GO
§443	17992	TRAILER-FABLE	Fable 5	b0f710ece		§443 — T2R's SECOND-RED STOP RULED: THE OBSERVED-SHAPE READER WALKER REFUSES A NEW READER OF A PULSE-WRITTEN K
§444	18047	TRAILER-FABLE	Fable 5	66645412a		§444 — T2R COMPLETE AT f65b3ff3 (§443 EXECUTED, READY, PINNED); TE-T2N DISPATCHED AT THE FREED SEAT (2026-08-2
§445	18076	TRAILER-FABLE	Fable 5	c542dd390		§445 — T2Q COMPLETE AT cc9ef856 (ONE REAL DEFECT FOUND AND CURED); THE RULED UNDERCITY CHARTER RATIFIED (24/24
§446	18149	TRAILER-FABLE	Fable 5	7787c3130		§446 — WEB-1 LANDED (THE 27TH): MIGRATION 197 ON THE BRANCH, THE WEBSITE FAMILY FOUNDED; WEB-4's GO ISSUED; WE
§447	18193	TRAILER-FABLE	Fable 5	a464e0d69		§447 — OWNER DIRECTIVE (in-chat, 2026-08-22 ~22:30 CDT): THE SEAT MODEL RESTATED — FABLE = MANAGER / ARCHITECT
§448	18222	TRAILER-FABLE	Fable 5	cde4fa60e		§448 — OWNER DIRECTIVE (in-chat, 2026-08-22 ~22:45 CDT): THE CHAIR'S 5-HOUR USAGE WINDOW WILL CLOSE OFTEN — PR
§449	18253	TRAILER-FABLE	Fable 5	3fc486162		§449 — THE OWNER'S WHOLE-PRODUCT QUESTION ANSWERED FROM A FOUR-LENS RECON; THREE PAID-SURFACE HONESTY FINDINGS
§450	18299	TRAILER-FABLE	Fable 5	dd8fab40a		§450 — WEB-4 LANDED (THE 28TH): THE sim_address_chain REGISTRY ROW; WEB-5's GO ISSUED (2026-08-22 ~23:40 CDT)
§451	18325	TRAILER-FABLE	Fable 5	6a9c1ee93		§451 — UC-0 BUILT AT a5c6c4fa (THE UNDERCITY TRAIN'S FIRST CAR; THE WALLS HOME FOUND; ONE MEMBER-CAUSED RED CU
§452	18371	TRAILER-FABLE	Fable 5	d075f6461		§452 — OWNER DIRECTIVE (in-chat, 2026-08-23 ~00:15 CDT): THE DWELLINGS GRAMMAR CARRIES HALLWAYS AND LONG HALLW
§453	18396	TRAILER-FABLE	Fable 5	20230be60		§453 — OWNER DIRECTIVE (in-chat, 2026-08-22 ~21:35 CDT): CLOSETS AND PANTRIES — STORAGE AND SERVICE CELLS ARE 
§454	18419	TRAILER-FABLE	Fable 5	a31aa150d		§454 — WEB-5 LANDED (THE 29TH): IMPORT-VS-RESTORE SEMANTICS; WEB-6's GO ISSUED; MF-T2H's PENDING LANDED FLIP D
§455	18459	TRAILER-FABLE	Fable 5	b758db6dc		§455 — WEB-2 BUILT AT 1d93458a (THE RETENTION NUMBERS; MIGRATION 198 — THE FIRST DESTRUCTIVE ONE); A TWELFTH M
§456	18522	TRAILER-FABLE	Fable 5	bdbe517f9		§456 — OWNER ORDER (in-chat, 2026-08-22 22:10 CDT): THE DWELLINGS PROGRAM RUNS AFTER ITS RESEARCH — NOT POST-E
§457	18552	TRAILER-FABLE	Fable 5	246b05f58		§457 — THE HOLD-UP DIAGNOSED: THE SHARED LOCK-DIR EXPORT DOES NOT SURVIVE THE HARNESS'S FRESH SHELL PER COMMAN
§458	18586	TRAILER-FABLE	Fable 5	8ad5db9ea		§458 — WEB-6 LANDED (THE 30TH): THE ANON-CEILING DISCLOSURE LIT, §320.3 CLOSED; WEB-7's GO ISSUED — THE LAST W
§459	18609	TRAILER-FABLE	Fable 5	18f4496ad		§459 — UC-3 BUILT AT 64a4b259 (THE STATIC COMPONENTS: THE TERRAIN LICENSE READ FROM THE DATA, THE FLOODPLAIN R
§460	18645	TRAILER-FABLE	Fable 5	968fbd693		§460 — THE FIRST USAGE-WINDOW CLOSURE, SURVIVED BY THE CARD: FOUR LANES DIED MID-TURN (~22:50 CDT), FOUR RESUM
§461	18697	TRAILER-FABLE	Fable 5	3f1c53a88		§461 — WEB-7 LANDED (THE 31ST): THE WEBSITE TRAIN IS ON THE BRANCH; THE MAP STACK'S STACKED LANDING GO ISSUED 
§462	18726	TRAILER-FABLE	Fable 5	bbac732c8		§462 — R-INST-2 DELIVERED (TRADE, COMMERCE AND CRAFTS — 124 ENTRIES / 20 FAMILIES AT DEPTH, 582 KB): THE ENGLI
§463	18792	TRAILER-FABLE	Fable 5	95a971989		§463 — WEB-3 AND HK-A COMPLETE AND PINNED (THE BUILD SHOP IS EMPTY OF CODE CARS UNTIL T2R LANDS); TWO MORE RES
§464	18853	TRAILER-FABLE	Fable 5	d26645ac3		§464 — OWNER GRANT RE-AFFIRMED (in-chat, 2026-08-23 01:10 CDT): "I LEAVE ALL DECISIONS TO YOU … FOR ANY CURREN
§465	18910	TRAILER-FABLE	Fable 5	74baf6b2f		§465 — OWNER ORDER (in-chat, 2026-08-23 01:15 CDT): "LIMIT THE MAX LANES TO 2 FOR NOW" — THE CAP DROPS FROM FO
§466	18955	TRAILER-FABLE	Fable 5	8ba2f8dc6		§466 — THE CIRCULATION + STORAGE ADDENDUM DELIVERED (281 KB; 23 OF 25 UNITS AT DEPTH; THE THREE DOSSIERS CONVE
§467	19011	TRAILER-FABLE	Fable 5	4d05e8875		§467 — THE MAP STACK LANDED (LANDINGS 32–35: MF-T2J, MF-T2K, MF-T2L, MF-T2M): THE D3a MAP ENGINE CORE IS ON TH
§468	19064	TRAILER-FABLE	Fable 5	84ca4c6dc		§468 — THE SECOND WINDOW CLOSURE (~01:45 → 05:20 CDT) SURVIVED: THE PRODUCERS' LANDING RESUMED AT ITS CONVICTE
§469	19080	TRAILER-FABLE	Fable 5	4ffaad2aa		§469 — THE PRODUCERS' LANDING HELD AT 3008719a ON A REAL MEMBER STOP (MF-T2R'S LOCAL `clamp` — THE BANKED-FAIL
§470	19115	TRAILER-FABLE	Fable 5	cfd18afb6		§470 — THE WEBSITE-2 CHARTER COLLECTED (FOUR CARS + ONE PRICED; TWO MEASURED FACTS RESHAPE THE §464.2 RULINGS)
§471	19179	TRAILER-FABLE	Fable 5	09420574b		§471 — THE WEBSITE-2 CHARTER RULED AFTER THE SKEPTIC PASS (ONE STOP, SIX MUST-FIXES, TWO NOTES; THE LOAD-BEARI
§472	19245	TRAILER-FABLE	Fable 5	f32c7008c		§472 — THE PRODUCER TRAIN LANDED (LANDINGS 36–38: MF-T2R, MF-T2Q, MF-T2N) AFTER THE §469 IN-TRAIN CURE; EVERY 
§473	19289	TRAILER-FABLE	Fable 5	e79232230		§473 — THE WEBSITE-2 CHARTER RULED-AS-AMENDED (9/9 §471 ITEMS + THREE REFINEMENTS); R-INST-3 RESUMED IN THE SE
§474	19323	TRAILER-FABLE	Fable 5	db3e91db8		§474 — THE UC-0 + UC-3 LANDING HELD AT 006c07be ON A REAL MEMBER STOP (UC-0'S A6: A TEXT-TOKEN CENSUS PINNED T
§475	19361	TRAILER-FABLE	Fable 5	b4554fb47		§475 — THE UC STACK'S TERMINAL RED AT 0ccd5794 ON A SECOND UC-0 CLASS: cohesionWeave.js IS AN EDGE-SHARED BUND
§476	19404	TRAILER-FABLE	Fable 5	082af5e1e		§476 — R-INST-3 DELIVERED AT DEPTH (370 KB; 16/16 FAMILIES; THE KILLED SUB-LANES RECOVERED FROM THEIR TRANSCRI
§477	19456	TRAILER-FABLE	Fable 5	f978fd21f		§477 — UC-0 + UC-3 LANDED (LANDINGS 39–40) AFTER TWO IN-TRAIN CURES: `src/domain/undercity/` IS ON THE BRANCH;
§478	19491	TRAILER-FABLE	Fable 5	743cf0850		§478 — WEB-2 LANDED (THE 41ST): MIGRATION 198 — THE RETENTION NUMBERS, THE PROGRAM'S FIRST DESTRUCTIVE MIGRATI
§479	19535	TRAILER-FABLE	Fable 5	0dfc543a0		§479 — WEB-3 LANDED (THE 42ND): MIGRATION 199 ON THE BRANCH — THE REFERRAL FUNNEL MEASURABLE; A THIRD SPECIMEN
§480	19578	TRAILER-FABLE	Fable 5	6394408a4		§480 — MF-UC1 BUILT AND HOLDING (THE SEWER LADDER + WELLS/CISTERNS): WEIGHT SET B CHOSEN BY MEASUREMENT OVER 4
§481	19641	TRAILER-FABLE	Fable 5	1ec8b5a84		§481 — THE OWNER ASKED WHY FABLE DRAINED SO FAST: MEASURED FROM THE TRANSCRIPTS, THREE-QUARTERS OF ALL SPEND W
§482	19664	TRAILER-FABLE	Fable 5	9c53204e0		§482 — OWNER DIRECTIVE: "DW program before the code-review ultra" — THE DWELLINGS BUILD MOVES AHEAD OF THE §29
§483	19688	TRAILER-FABLE	Fable 5	8af7e78d9		§483 — HK-A LANDED (THE 43RD): THE CLANDESTINE-FACET KEY CURED, MF-T2H FLIPPED LANDED, THE FILENAME GUARD LIVE
§484	19724	OPUS-TEXT	Fable 5	84cc3d498		§484 — OWNER DIRECTIVE: EVERYTHING RUNS ON OPUS 5 FOR NOW; FABLE VALIDATES RETROACTIVELY WHEN THE OWNER SAYS S
§485	19760	OPUS-TEXT	Fable 5	cd36297c9		§485 — R-INST-4 DELIVERED `[OPUS-RUN · FABLE-VALIDATION OWED]` (399 KB; 13/13 FAMILIES AT DEPTH; 46-ITEM LEDGE
§486	19818	OPUS-TEXT	Fable 5	d0ebd0af6		§486 — UC-1 LANDED (THE 44TH) `[OPUS-RUN · FABLE-VALIDATION OWED]`: THE SEWER LADDER + WELLS ON THE BRANCH, 16
§487	19856	OPUS-TEXT	Fable 5	9078ad0b1		§487 — MF-UC4 BUILT AND HOLDING `[OPUS-RUN · FABLE-VALIDATION OWED]`: THE FLAG MINTED DARK, THE PERSISTED HIGH
§488	19913	OPUS-TEXT	Fable 5	3967b5c26		§488 — R-INST-5 DELIVERED `[OPUS-RUN · FABLE-VALIDATION OWED]` (361 KB; 32 ENTRIES / 11 FAMILIES; 54-ITEM LEDG
§489	19975	TRAILER-FABLE	Fable 5	95332455c		§489 — UC-4's LANDING STOPPED AT THE TERMINAL ON A SIXTH FLAG-BILL SURFACE NO LANE SWEEP CAN SEE; RULED: PAID 
§490	20020	OPUS-TEXT	Fable 5	85d33a5b3		§490 — UC-4 LANDED (THE 45TH) `[OPUS-RUN · FABLE-VALIDATION OWED]` AFTER THE §489 CURE: THE UNDERCITY FLAG AND
§491	20088	TRAILER-FABLE	Fable 5	3ea53894b		§491 — THE OWNER ASKED "HOW DO WE FIX THESE?": THE RESEARCH-EXPOSED DEFECTS SPLIT INTO A CATALOG-HYGIENE TRAIN
§492	20135	TRAILER-FABLE	Fable 5	692c1b5bd		§492 — OWNER: "Do it" — THE §491 PLAN IS GO; THE CH CHARTER COMPILE IS PREPARED AND DISPATCHES AT THE FIRST FR
§493	20160	OPUS-TEXT	Fable 5	9afda2e9d		§493 — ⭐⭐ DW-R RESEARCH IS COMPLETE: R-INST-6 DELIVERED `[OPUS-RUN · FABLE-VALIDATION OWED]` (344 KB; 28 ENTRI
§494	20244	TRAILER-FABLE	Fable 5	8f1941d83		§494 — OWNER DIRECTIVE (in-chat, 2026-08-23 14:19 CDT): HOVER MUST HALO THE **PROPERTY LINE**, NOT THE BUILDIN
§495	20322	TRAILER-FABLE	Fable 5	62acaebb2		§495 — THE OWNER'S "ONE MORE PASS" IS RIGHT, AND §494.2(b) WAS WRONG: THE CARTOGRAPHY BLOCK'S PARCEL ROWS ALRE
§496	20388	OPUS-TEXT	Fable 5	5b3540f85		§496 — UC-2 LANDED (THE 46TH) `[OPUS-RUN]` — THE BUILD SHOP IS EMPTY OF CARS FOR THE FIRST TIME SINCE §442; DW
§497	20482	TRAILER-FABLE	Fable 5	a02c9f752		§497 — OWNER OVERRULES THE CHAIR'S R2: THE MINIMUM PROGRAM IS A TRUTH FROM THE DOSSIERS AND AN **INPUT TO ALLO
§498	20538	TRAILER-FABLE	Fable 5	2ecdceb86		§498 — OWNER DEFINES "ESTATE" AS AN **OWNERSHIP SET, NOT AN ADJACENCY**, AND ANSWERS THE ORDERING QUESTION: AS
§499	20591	TRAILER-FABLE	Fable 5	ac671ca7d		§499 — OWNER: "COMPREHENSIVELY ARCHITECT THE CODE OUT AND THEN SLOT IT APPROPRIATELY INTO EVERYTHING BEFORE TH
§500	20674	TRAILER-FABLE	Fable 5	ac671ca7d		§500 — OWNER: "WITH ACQUISITION ALSO COMES THE REVERSE" — SPLIT, SWAP AND DISSOLUTION TYPED; THE REMEMBERED ME
§501	20717	OPUS-TEXT	Fable 5	03842512b		§501 — THE CATALOG-HYGIENE CHARTER COMPILED `[OPUS-RUN]` (86.5 KB): THE MIS-INFERENCE SET IS **FOUR, NOT THREE
§502	20796	OPUS-TEXT	Fable 5	54cc2f6d6		§502 — ⭐⭐ THE DWELLINGS CHARTER (164.5 KB) AND ITS CODE ARCHITECTURE (103.6 KB) DELIVERED `[OPUS-RUN]`: SIX RE
§503	20883	TRAILER-FABLE	Fable 5	a186a4654		§503 — THE CH SKEPTIC PANEL REFUTES ITS OWN CHARTER'S HEADLINE AND THE CHAIR'S §491 FRAMING: **`facetOf` IS CA
§504	20967	TRAILER-FABLE	Fable 5	9d1b85a85		§504 — THE DW SKEPTIC PANEL: **NOT SAFE TO RATIFY** — THE CAPACITY THEOREM AND THE MERGE THEOREM BOTH REFUTED 
§505	21054	OPUS-TEXT	Fable 5	b2a2e6aec		§505 — MF-CH1 BUILT AND HOLDING `[OPUS-RUN]`: THE FACET CHOKEPOINT STOPS READING WORDS THAT ARE NOT THERE — **
§506	21130	TRAILER-FABLE	Fable 5	e7b8987dc		§506 — ⭐⭐ THE DWELLINGS CHARTER IS **RATIFIED** AS AMENDED (237.5 KB + 141.7 KB): A SCALE ALREADY EXISTED AND 
§507	21218	OPUS-TEXT	Fable 5	1b6c2e088		§507 — MF-CH1 LANDED (THE 47TH) `[OPUS-RUN · FABLE-VALIDATION OWED]`: THE FACET CHOKEPOINT NO LONGER READS WOR
§508	21292	TRAILER-FABLE	Fable 5	1159f7d9c		§508 — OWNER: "you can now go up to 4 lanes now" — THE CAP DOUBLES; THREE DISJOINT-FILE LANES DISPATCHED AT ON
§509	21325	TRAILER-FABLE	Fable 5	1159f7d9c		§509 — CG-1: HALF A SHIPPED AND HALF B IS A **STOP** — THE RATIFIED CAP RULE CANNOT CURE THE THROW AT ANY VALU
§510	21398	TRAILER-FABLE	Fable 5	1159f7d9c		§510 — OWNER RE-AFFIRMS THE BLANKET GRANT ("all permissions required now and in the future to those that pop u
§511	21416	TRAILER-FABLE	Fable 5	8a3ef30f7		§511 — "WHAT'S TAKING SO LONG": MEASURED — **THE BOX, NOT THE LANES.** LOAD 21/34/42 ON 8 CORES, NINE VITEST W
§512	21470	TRAILER-FABLE	Fable 5	fb14956d4		§512 — "WHAT IS TAKING SO LONG **IN THE LANES**": THE PER-LANE BREAKDOWN, MEASURED — SERIAL MUTANT DRIVES AND 
§513	21522	OPUS-TEXT	Fable 5	0a2613563		§513 — MF-CG1 LANDED (THE 48TH) `[OPUS-RUN]`: THE CARTOGRAPHY STAGE FINALLY HAS A REAL-PIPELINE GROUND; **THE 
§514	21575	TRAILER-FABLE	Fable 5	a2f09a88b		§514 — ⭐⭐ THE OWNER SITS THE BANDS: ALL EIGHT OWNER-CLASS ROWS ANSWERED, AND TWO OF THEM ARE NOT DIALS AT ALL 
§515	21665	TRAILER-FABLE	Fable 5	b9f42cf7b		§515 — ⭐⭐ "THEN THOSE ARE MY ANSWERS" — THE BAND SITTING IS **SIGNED AND CLOSED**; THE SIGNATURE IS AN INSTRUM
§516	21709	TRAILER-FABLE	Fable 5	5c8d937a7		§516 — "WHY IS IMPLEMENTATION SLOWER THAN BEFORE": IT IS, AND THE DOMINANT CAUSE IS THE CHAIR'S — **THE LAST S
§517	21750	TRAILER-FABLE	Fable 5	cd321ff20		§517 — THE B8 VERDICT: THE LOOP IS BUILDABLE, ITS HOME ALREADY EXISTS AND LIGHTS WITH THE ESTATE WAVE — BUT **
§518	21823	TRAILER-FABLE	Fable 5	9b801eef3		§518 — OWNER SIGNS THE SCHEMA CALL: **OWNERSHIP IS FACTION-SCOPED**; THE HOUSEHOLD REFUSAL STANDS; CG-1b DISPA
§519	21857	TRAILER-FABLE	Fable 5	5bbc3b7c6		§519 — ⛔ OWNER CORRECTS §518: **NOT FACTIONS — POWERS.** THE ENGINE ALREADY DEFINES THEM, THEY ARE A SMALL BOU
§520	21911	TRAILER-FABLE	Fable 5	319b79891		§520 — ⛔ THE CHAIR SHIPPED A FLAG THAT DOES NOT EXIST TO FOUR LANES; MF-CH2A IS READY AND MF-CH2B STOPS AT DRA
§521	21984	TRAILER-FABLE	Fable 5	a37fdcb14		§521 — MF-UC5 COMPLETE — THE UNDERCITY TRAIN IS BUILT END TO END; ⛔ **`git grep` IS BLIND TO UNTRACKED FILES, 
§522	22051	TRAILER-FABLE	Fable 5	3ae086f56		§522 — MF-WEB8 BUILT AND HOLDING: THE FULL 19-ROW PAYWALL AUDIT — **ONLY TWO ROWS ARE ADVERTISED-BUT-UNGATED A
§523	22119	TRAILER-FABLE	Fable 5	0a4d39808		§523 — OWNER: "i leave all judgements to you" — THE THREE VIEWING PAYWALLS RULED, AND THE **LINE** THAT RULED 
§524	22184	TRAILER-FABLE	Fable 5	250a133da		§524 — OWNER RULES EXPORT: **PAID, AND INCLUDED IN THE $2.99 DOSSIER EXPORT** — VERIFIED AGAINST THE CODE, WHI
§525	22234	TRAILER-FABLE	Fable 5	a8b052cee		§525 — ⭐⭐ MF-CG1b BUILT: **287 OF 504 → 0 OF 504** — EVERY SETTLEMENT CAN DRAW A MAP; THE CONVERGENCE PROBE RE
§526	22303	TRAILER-FABLE	Fable 5	f2d67999f		§526 — ⭐⭐ THE AD CHARTER REFUTES ITS OWN PREMISE: **AN ILLUSTRATED PROGRAM ALREADY EXISTS, IS LANDED AND IS FR
§527	22378	TRAILER-FABLE	Fable 5	f5aa0d301		§527 — CG-1b's CONFIRMATORY GATE IS **GREEN**, AND THE "FAILURE" WAS THE NINTH LYING INSTRUMENT: **A COMPOUND 
§528	22416	TRAILER-FABLE	Fable 5	2285cd762		§528 — ⭐⭐ THE SOLD PDF IS CLEAN: **NO RASTER IMAGE EXISTS IN ANY GENERATED PDF, AND NO HEIGHTMAP DATA REACHES 
§529	22489	TRAILER-FABLE	Fable 5	7ee72773c		§529 — ⛔ THE TEXTURE FORENSICS: **FMG's MIT LICENCE CONVEYS NO RIGHTS TO THE BUNDLED RASTERS** — 4 FILES PROVE
§530	22564	TRAILER-FABLE	Fable 5	5757b9d24		§530 — ⭐⭐ THE FIRST STACKED LANDING SINCE #40 IS IN (LANDINGS **49 + 50**, TWO CARS ONE GATE); MP-1 BUILT BUT 
§531	22681	TRAILER-FABLE	Fable 5	4291b5308		§531 — THE TEXTURES.COM TERMS, PRIMARY-SOURCED, CORRECT §529.5 IN THE DANGEROUS DIRECTION: **"(modified or not
§532	22744	TRAILER-FABLE	Fable 5	798fb8b98		§532 — ⭐ THE LICENCE CENSUS CONTAINED A BETTER REMEDY THAN THE CHAIR'S RULING: **104 OF THE 338 CHARGES ARE CC
§533	22801	TRAILER-FABLE	Fable 5	ee387c73b		§533 — THE SECOND STACK LANDED (**51 + 52**): FOUR CARS THROUGH TWO GATES TONIGHT; ⛔ **THE SLOT MOVED MID-ACT 
§534	22877	TRAILER-FABLE	Fable 5	d1f5fe09d		§534 — THE LICENCE VIOLATION IS STOPPED AND THE FEATURE SURVIVES: 234 DELETED, **104 CC0 RESTORED BYTE-IDENTIC
§535	22945	TRAILER-FABLE	Fable 5	362acdb58		§535 — ⭐⭐ THE AI MEDIA IS **CLEAR**: ALL 52 FILES CAME FROM ONE **PAID** ACCOUNT AND THE TERMS GRANT UNRESTRIC
§536	23026	TRAILER-FABLE	Fable 5	6548b75f8		§536 — THE STRIPPING WAS **LIVE** AND IS NOW STOPPED AT SOURCE; ⭐ THE CHAIR'S "APPROVAL-GATED DOWNLOAD" PREMIS
§537	23118	TRAILER-FABLE	Fable 5	090cad5c8		§537 — ⭐⭐ THE THIRD STACK LANDED (**53 + 54**): **THE LICENCE VIOLATION IS OFF THE BRANCH** — 255 FILES AND 14
§538	23196	TRAILER-FABLE	Fable 5	cea5e8a7f		§538 · THE STALE HEARTBEAT, TWO TIPS ONE COMMAND FROM GONE, AND THREE RULINGS ON CH-3 (2026-08-24 02:32 CDT)
§539	23283	TRAILER-FABLE	Fable 5	069970b20		§539 · DW-0 DELIVERED, AND IT CORRECTED MY DISPATCH IN TWO PLACES (2026-08-24 02:53 CDT)
§540	23367	TRAILER-FABLE	Fable 5	d61b42d06		§540 · THE GATE WAS RIGHT TO REFUSE, AND THE FAULT WAS MINE — PLUS WHAT THE DEPLOY ACTUALLY DOES (2026-08-24 0
§541	23460	TRAILER-FABLE	Fable 5	6f0c89de7		§541 · CH-5 RULED — THE DEFECT IS ONE MEMBER WIDE, AND THE SEARCH FOUND A SHIPPED DEITY-DOCTRINE VIOLATION (20
§542	23543	TRAILER-FABLE	Fable 5	999ae9f0a		§542 · THE FOURTH STACK LANDED — CARS 55 AND 56, AND THE LANE CORRECTED THE CHAIR TWICE MORE (2026-08-24 03:35
§543	23624	TRAILER-FABLE	Fable 5	62fac4dbf		§543 · THE SKEPTIC PANEL SAVED THE DW PROGRAM — THE CHARTER WOULD HAVE PINNED A FALSEHOOD WITH A TEST (2026-08
§544	23718	TRAILER-FABLE	Fable 5	ed58450b3		§544 · A CHARTER RESCUED FROM /tmp, THE 13% WAS 26.42%, AND I REVISED MY OWN §538.5 RULING (2026-08-24 04:13 C
§545	23831	TRAILER-FABLE	Fable 5	bade1d4fd		§545 · THE DECAY RUNS BOTH WAYS, AND A LANE OUT-REASONED ME ON ITS OWN CHARTER (2026-08-24 04:21 CDT)
§546	23901	TRAILER-FABLE	Fable 5	eed5cf605		§546 · R2 RULED AND EXECUTED — THE CHARTER HAS A HOME, AND A BROKEN ARM WAS HELD RATHER THAN "FIXED" (2026-08-
§547	23957	TRAILER-FABLE	Fable 5	587172b41		§547 · THE REVISED RULING BEAT ITS OWN ESTIMATE, AND A LANE CAUGHT ITSELF ONE COMMIT FROM FREEZING A BUG (2026
§548	24031	TRAILER-FABLE	Fable 5	24fb4700f		§548 · THE FIFTH STACK LANDED — CARS 57 AND 58 — AND A TRAP THAT RETURNED A *PLAUSIBLE* WRONG ANSWER (2026-08-
§549	24113	TRAILER-FABLE	Fable 5	7549d9059		§549 · FOUR SEATS REFILLED, 17 WORKTREES PRUNED — AND I DESTROYED MY OWN `$PATH` (2026-08-24 06:17 CDT)
§550	24161	TRAILER-FABLE	Fable 5	5bdd687a6		§550 · CH-4 IS FOUR TIMES ITS DESCRIPTION — AND A LANE CAUGHT MY LANE-LAW STALE (2026-08-24 06:35 CDT)
§551	24249	TRAILER-FABLE	Fable 5	57af8c7b9		§551 · THE FIXTURE UNION IS 135, NOT 82 — AND THE 84% SIGNAL WAS A METHOD ARTIFACT (2026-08-24 06:39 CDT)
§552	24341	TRAILER-FABLE	Fable 5	5995132af		§552 · I NAMED THE WRONG AXIS — THE TEST IS GRANULARITY, NOT FIXEDNESS (2026-08-24 06:43 CDT)
§553	24407	TRAILER-FABLE	Fable 5	2254a010e		§553 · 135 CONFIRMED — TWO DENOMINATORS, AND THE VOCABULARY MUST NAME WHAT THE RESEARCH HAD NO WORD FOR (2026-
§554	24479	TRAILER-FABLE	Fable 5	dcf6ae6f3		§554 · THE DEADLINE CAR IS BUILT AND GREEN — AND A CREDIT WAS NEARLY SPRAYED ONTO THE WRONG FILES (2026-08-24 
§555	24551	TRAILER-FABLE	Fable 5	286e5666f		§555 · CH-4 RULED: ADOPT THE SHAPE, DO NOT DISPATCH THE BRIEF — AND NOBODY COUNTED THE 333 DELETIONS (2026-08-
§556	24660	TRAILER-FABLE	Fable 5	ad686ce12		§556 · THE SIXTH STACK LANDED — 60 CARS — AND A LANDED CAR WAS WEARING A DRAFT PACKET (2026-08-24 08:15 CDT)
§557	24733	TRAILER-FABLE	Fable 5	8d8968168		§557 · THREE SEATS FILLED ON DISJOINT FILES; THE OWNER TOOK BACK MY OVER-GATING (2026-08-24 08:20 CDT)
§558	24794	TRAILER-FABLE	Fable 5	7675797fa		§558 · THE LONGEST POLE IS UNBLOCKED — A MEASUREMENT REFUTED MY OWN GATE (2026-08-24 08:41 CDT)
§559	24875	TRAILER-FABLE	Fable 5	84fc20569		§559 · ACCOUNT HANDOFF — THE SCRATCHPAD IS IN GIT, AND A GATE THAT READS A TREE THAT NEVER EXISTED (2026-08-24
§560	24940	TRAILER-FABLE	Fable 5	07521962e		§560 · HANDOFF CLOSED — THREE LANES STOPPED CLEAN, AND MY ENVELOPE RULING COLLIDED WITH A STANDING JUDGMENT (2
§561	25014	TRAILER-FABLE	Fable 5	18f745816		§561 · BOTH LANES DOWN — AND THE LAST TWO FINDINGS ARE CORRECTIONS TO ME (2026-08-24 08:57 CDT)
§562	25093	TRAILER-FABLE	Fable 5	d06a23d07		§562 · HANDOFF CLOSED — THE BUNDLE COUNT IS PER-FILE, AND A LANE FIXED ITS OWN PIN (2026-08-24 09:00 CDT)
§563	25136	TRAILER-FABLE	Fable 5	686c0e6a8		§563 · THE LAST GAP: A GATE OUTLIVES THE AGENT WATCHING IT (2026-08-24 09:03 CDT)
§564	25158	FABLE-TEXT	Fable 5	fa744f5e6		§564 · THE NEW ACCOUNT'S FIRST SITTING — THE VERDICT IS RED, AND THE RETRO-VALIDATION DEBT MEASURES TWO CARS (
§565	25214	FABLE-TEXT	Fable 5	c8b1af9b2		§565 · THE WINDOW PUT TO WORK — A THIRD LANE, A PARKED CAR, AND THE STANDING WAKEUP (2026-08-24 ~09:40 CDT, Fa
§566	25238	TRAILER-FABLE	Fable 5	50511a2c9		§566 · THE PROCESS DIED AND NOTHING WAS LOST — C-19 COLLECTED, BOTH CURES RESUMED MID-BILL (2026-08-24 ~10:15 
§567	25284	TRAILER-FABLE	Fable 5	75c9ed3e4		§567 · THE FABLE REVIEW OF THE DW ARCHITECTURE — RATIFIED, WITH SEVEN REFINEMENTS RULED INTO AN ADDENDUM (2026
§568	25323	TRAILER-FABLE	Fable 5	f73e81c19		§568 · THE R2 REF IS MINTED, AND BOTH CURES ARE BACK IN MOTION (2026-08-24 ~10:45 CDT)
§569	25345	TRAILER-FABLE	Fable 5	cf102177a		§569 · THE VISUAL SURVEY CLOSES — THE SANDBOX ALREADY OUTDRAWS ONE COMPETITOR, AND A VALIDATED PAINT PASS IS M
§570	25379	TRAILER-FABLE	Fable 5	4415dc487		§570 · MF-CH7 LANDS AS THE 61st CAR, AND THE OWNER RE-AIMS THE PROGRAM AT THE CORPUS REGISTER (2026-08-24 ~11:
§571	25449	TRAILER-FABLE	Fable 5	dc52be943		§571 · THE OWNER RE-STATES THE WALL LAW FROM THE RENDER — AND THE RENDER PREDATES HIS OWN CURE (2026-08-24 ~11
§572	25517	TRAILER-FABLE	Fable 5	16fcbd342		§572 · MF-A1 IS RECOVERED — AND THE HUNT SURFACED A BUILD SHEET WITH NO PRESERVATION AT ALL (2026-08-24 ~11:40
§573	25554	TRAILER-FABLE	Fable 5	3f76b3c5d		§573 · THREE OWNER LAWS: THE PRIORITY INVERSION, RELATABILITY, AND THE CORPUS-LAYOUT AMENDMENT (2026-08-24 ~11
§574	25594	TRAILER-FABLE	Fable 5	cb31dae16		§574 · THE TRIANGULATION RULE — THE VISUAL TARGET IS A CROSS-REFERENCE OF ALL THREE (2026-08-24 ~12:00 CDT)
§575	25615	TRAILER-FABLE	Fable 5	3b9ea0dd1		§575 · THE WALL-BAND LAW: SPACE OR TANGENT, DERIVED FROM THE WORLD (2026-08-24 ~12:25 CDT)
§576	25639	TRAILER-FABLE	Fable 5	fdfdbe1dd		§576 · THE MARKET LAW: A MARKET IS ONE GIANT STREET, FURNISHED LIKE A YARD (2026-08-24 ~12:35 CDT)
§577	25662	TRAILER-FABLE	Fable 5	01f547afa		§577 · THE SEGMENTED-CIRCUIT LAW: WALLS TERMINATE AT WATER AND CLIFFS (2026-08-24 ~12:45 CDT)
§578	25684	TRAILER-FABLE	Fable 5	a02b7986c		§578 · THE SHAPE-CODE LAW: A BUILDING'S TYPE IS READABLE FROM ITS SILHOUETTE (2026-08-24 ~12:55 CDT)
§579	25718	TRAILER-FABLE	Fable 5	9140345d5		§579 · THE FLOATING FRONT-BARS DIE — A CORPUS-TRUE WEIGHT APPLIED TO UNFUSED GEOMETRY IS NOISE (2026-08-24 ~13
§580	25737	TRAILER-FABLE	Fable 5	e92823e1b		§580 · ⭐⭐⭐ THE NORTH STAR — THE OWNER'S TIE-BREAKER FOR EVERY VISUAL DECISION (2026-08-24 ~13:15 CDT)
§582	25754	TRAILER-FABLE	Fable 5	13700eb87		§582 · MF-CH4 LANDS AS THE 62nd CAR — AND THE GATE MUTEX HAS A SECOND LOCK DIR NOBODY POLLS (2026-08-24 ~13:40
§583	25787	TRAILER-FABLE	Fable 5	41006fc8a		§583 · THE OWNER SIGNS THE TIME BUDGET: 10–20 SECONDS IS FINE IF THE QUALITY JUSTIFIES IT (2026-08-24 ~13:55 C
§584	25805	TRAILER-FABLE	Fable 5	bddfdd186		§584 · THE ARCHITECTURE TAKES THE OWNER'S ROUND — AMENDMENT A1 (2026-08-24 ~14:05 CDT)
§585	25819	TRAILER-FABLE	Fable 5	789ccb609		§585 · ⭐⭐⭐ THE FULL-JUDGMENT GRANT AND THE ORDER: CONTINUE TO THE SOAK (2026-08-24 ~14:15 CDT)
§581	25847	TRAILER-FABLE	Fable 5	05f71563c		§581 · (BACKFILLED AT §586 — the authoring row the commit carried and the file lacked) THE REGISTER ARCHITECTU
§586	25859	TRAILER-FABLE	Fable 5	05f71563c		§586 · THE PANEL'S 43, RULED — AMENDMENT A2 (2026-08-24 ~14:50 CDT)
§587	25877	TRAILER-FABLE	Fable 5	05f71563c		§587 · THE SPECIMEN COLLECTED — THE CHAIR'S VERDICT UNDER THE §585 DELEGATION (2026-08-24 ~14:55 CDT)
§588	25909	TRAILER-FABLE	Fable 5	f357b9f87		§588 · THE DEPLOY RUNBOOK LEARNS ABOUT 188 — THE PICKUP CARD'S OWED AMENDMENT IS DISCHARGED (2026-08-24 ~15:10
§589	25933	TRAILER-FABLE	Fable 5	b9b664563		§589 · THE CLIFF-EDGE WAVE SEALS — AND FJORDS, IT TURNS OUT, HAVE NO CLIFFS YET (2026-08-24 ~15:25 CDT)
§590	25969	TRAILER-FABLE	Fable 5	291d2fc77		§590 · THE RAMPART SPECIFICATION — §214's WALL ARM GAINS ITS DRAWING GRAMMAR (2026-08-24 ~15:40 CDT)
§591	25992	TRAILER-FABLE	Fable 5	e7b9c044b		§591 · THE TOTALITY-AND-COHERENCE LAW: EVERYTHING READS AS ITSELF, AND THE PAGE IS GRADED BY ITS WEAKEST ELEME
§592	26013	TRAILER-FABLE	Fable 5	e7b9c044b		§592 · REG-I0 COLLECTED — THE INSTRUMENTS ARE LIVE, AND THE ORDERED CENSUSES READ ZERO WITH PROOF THE ZERO IS 
§593	26039	TRAILER-FABLE	Fable 5	652e11487		§593 · THE OVERHEAD CLARIFICATION — THE PLAN-VIEW ROOF GRAMMAR IS THE STANDARD, AND Q3 TILTS (2026-08-24 ~16:1
§594	26058	TRAILER-FABLE	Fable 5	2f4c67d76		§594 · CH-6 COLLECTED — THE VIOLATION DECOMPOSES INTO A CURE, A KNOWN RECEIPT DEFECT, AND A CONTENT GAP (2026-
§595	26095	TRAILER-FABLE	Fable 5	e4ad451dd		§595 · THE DETAIL REGISTER LANDS — THE CORPUS CONTAINED ITS OWN INSTRUCTION MANUAL (2026-08-24 ~16:45 CDT)
§596	26122	TRAILER-FABLE	Fable 5	fa4adef83		§596 · THE RECONCILIATION AUDIT — WHAT IS PROVEN JOINED, AND WHAT IS NAMED DEFERRED (2026-08-24 ~16:55 CDT)
§597	26152	TRAILER-FABLE	Fable 5	95a30055f		§597 · MF-CH6 LANDS AS THE 64th CAR — AND THE TAIL IS NOT THE LOG (2026-08-24 ~17:10 CDT)
§598	26176	TRAILER-FABLE	Fable 5	69ca925d1		§598 · THE RAMPART IS APPROVED — THE FIRST OWNER TASTE VERDICT OF THE REGISTER ERA (2026-08-24 ~17:30 CDT)
§599	26195	TRAILER-FABLE	Fable 5	3bcaaba14		§599 · THE LANE VERIFIES THE CHAIR'S REBASE FROM THE OTHER SIDE — AND TWO INSTRUMENT LAWS FALL OUT (2026-08-24
§600	26217	TRAILER-FABLE	Fable 5	9317c92a2		§600 · SHAPE FAMILIES ARE GRAMMARS, NOT STAMPS — THE VARIATION CLARIFICATION (2026-08-24 ~18:00 CDT)
§601	26242	TRAILER-FABLE	Fable 5	033da2494		§601 · THE FAMILY-GRAMMAR LAW IS INTEGRATED — AMENDMENT A3 (2026-08-24 ~18:10 CDT)
§602	26253	TRAILER-FABLE	Fable 5	a755611fc		§602 · REG-1 SEALS — THE WAVE PASSED BY REFUTING ITS OWN FLOOR (2026-08-24 ~18:40 CDT)
§603	26284	TRAILER-FABLE	Fable 5	80a24c7ee		§603 · THE TIME BUDGET SHARPENED — AND THE CYCLING THESIS RECORDED AS PRODUCT LAW (2026-08-24 ~19:00 CDT)
§604	26307	TRAILER-FABLE	Fable 5	3108f3589		§604 · THE BUDGET IS FOR SPENDING — DETAIL FILLS THE ENVELOPE (2026-08-24 ~19:15 CDT)
§605	26322	TRAILER-FABLE	Fable 5	9f6132324		§605 · THE INSTRUMENT REPAIRS LAND — AND THE INVERSION WAS IN THE DENOMINATOR ALL ALONG (2026-08-24 ~19:30 CDT
§606	26346	TRAILER-FABLE	Fable 5	0bf35fdcb		§606 · ⭐⭐ THE CHRONICLE REVEAL — THE OWNER'S GROWTH-MOVIE PROPOSAL, CHARTERED (2026-08-24 ~19:50 CDT)
§607	26373	TRAILER-FABLE	Fable 5	83624f003		§607 · THE OWNER'S VETO EXERCISED — THE CHRONICLE REVEAL IS A FILM, NOT AN ALBUM (2026-08-24 ~20:05 CDT)
§608	26396	TRAILER-FABLE	Fable 5	dfbafc966		§608 · THE FILM'S CLOCK: THIRTY SECONDS, STRETCHED TO OR EXTENDED BY THE BUILD (2026-08-24 ~20:20 CDT)
§609	26417	TRAILER-FABLE	Fable 5	6b79b9016		§609 · THE FILM'S BEAT VOCABULARY — DESTRUCTION, REBUILDING, AND THE STRESSOR EVENTS, SALIENT BUT CALM (2026-0
§610	26447	TRAILER-FABLE	Fable 5	9945c5a79		§610 · THE LINEAGE NAMED — THE DWARF FORTRESS PRINCIPLE (2026-08-24 ~20:50 CDT)
§611	26463	TRAILER-FABLE	Fable 5	a3023d98a		§611 · THE DECLINE ARC — RISE AND FALL AS FIRST-CLASS HISTORY, MAP, AND FILM (2026-08-24 ~21:05 CDT)
§612	26504	TRAILER-FABLE	Fable 5	911ecda90		§612 · ⭐⭐⭐ THE PURPOSE LAW — VISIBLE HISTORY, AND OWNERSHIP THROUGH UNDERSTANDING (2026-08-24 ~21:20 CDT)
§613	26524	TRAILER-FABLE	Fable 5	c1c3dc4f1		§613 · THE FILM BUILDS LAST — AND EVERY WAVE CARRIES ITS TIMELINE DATA SO IT CAN (2026-08-24 ~21:35 CDT)
§614	26542	TRAILER-FABLE	Fable 5	8b6e16235		§614 · TWO LAWS: RECLAMATION BY GROWTH, AND THE RAMPART THAT SHOWS ITS AGE (2026-08-24 ~21:50 CDT)
§615	26583	TRAILER-FABLE	Fable 5	253fec0de		§615 · THE CHAIR'S SECOND GAP SWEEP — FOUR CHARTERS (2026-08-24 ~22:15 CDT)
§616	26608	TRAILER-FABLE	Fable 5	9b82e0a8e		§616 · THE OWNER RULES ON THE SWEEP — ONE RE-SCOPED, ONE STRUCK, TWO STAND (2026-08-24 ~22:30 CDT)
§617	26628	TRAILER-FABLE	Fable 5	23945d7b2		§617 · AMENDMENT A5 — THE EVENING'S SITTINGS COMPILED INTO THE ARCHITECTURE (2026-08-24 ~22:50 CDT)
§618	26643	TRAILER-FABLE	Fable 5	cbcfc094c		§618 · THE A5 PANEL RULED AS A6 — THE FILM BECOMES BUILDABLE (2026-08-24 ~23:20 CDT)
§619	26662	TRAILER-FABLE	Fable 5	afe87dd3b		§619 · THE ARCHITECTURE AUDIT TO THE SOAK — NO ORPHANS, FOUR JUST-IN-TIME COMPILES (2026-08-24 ~23:40 CDT)
§620	26680	OPUS-TEXT	Fable 5	1dc74d868		§620 · THE AUTHORSHIP ANSWER — TWO ARCHITECTURES CARRY THE OPUS-RUN MARKER (2026-08-24 ~23:55 CDT)
§621	26700	TRAILER-FABLE	Fable 5	1dc74d868		§621 · REG-2 SEALS — THE WALL IS DERIVED, THE WEAR IS REAL, AND A SEALED TRACE DEFECT SURFACES (2026-08-25 ~00
§622	26732	TRAILER-FABLE	Fable 5	e9e7fa1c8		§622 · THE WAKEUP CONSOLIDATES — SEATS REFILL WITH REG-3 AND REG-T (2026-08-25 ~00:20 CDT)
§623	26756	OPUS-TEXT	Fable 5	3c1c505f6		§623 · THE OWNER PULLS THE TWO VALIDATIONS FORWARD — FABLE REFINES THE OPUS-RUN ARCHITECTURES NOW (2026-08-25 
§624	26779	TRAILER-FABLE	Fable 5	56603f325		§624 · THE TRAJECTORY CENSUS — ALL FOUR SHAPES THIN, AND A TWO-TRUTHS BAND SEAM SURFACES (2026-08-25 ~01:00 CD
§625	26813	TRAILER-FABLE	Fable 5	4127a4be5		§625 · THE AD CHARTER'S VALIDATION — SEVEN OF SEVEN RATIFIED, THE MARKER DISCHARGED, AND THE THREE-PAINTER PRO
§626	26844	OPUS-TEXT	Fable 5	d556824ce		§626 · THE CH VALIDATION LANDS — BOTH OPUS-RUN MARKERS ARE NOW DISCHARGED, AND A DANGLING TREE IS PINNED (2026
§627	26871	TRAILER-FABLE	Fable 5	6c6b7ff4f		§627 · THE EFFICIENCY SITTING — THE TOOLKIT SHIPS, AND THE REDERIVE CAR FINALLY CHARTERS (2026-08-25 ~02:30 CD
§628	26894	TRAILER-FABLE	Fable 5	cb5448623		§628 · REG-3 SEALS — THE SILHOUETTES SPEAK AT 82%, AND THE ONE MUTE CLASS HAS A DEFECTIVE FIXTURE (2026-08-25 
§629	26932	TRAILER-FABLE	Fable 5	bde0acd30		§629 · THE B13 MINT — THE MARKET'S FURNITURE BAND, CHAIR'S AND VETOABLE (2026-08-25 ~03:25 CDT)
§630	26957	TRAILER-FABLE	Fable 5	61e41dfa8		§630 · OWNER DIRECTIVE — THE MINIMUM-FOOTPRINT LAW (2026-08-25, mid-turn)
§631	26982	TRAILER-FABLE	Fable 5	2c6c0c29b		§631 · THE BAND-SEAM RULING — R1(ii) ADOPTED; THE RECONCILE RESTORES §155, IT DOES NOT RE-BAND (2026-08-25 ~04
§632	27029	TRAILER-FABLE	Fable 5	b3a647b99		§632 · REG-4 SEALS — THE MARKET IS A PLACE, THE FLOOR IS SIGNED, AND THE DIFFERENTIAL CONVICTS THE GROWTH MODE
§633	27082	TRAILER-FABLE	Fable 5	00f858d3e		§633 · THE SEAL CORRECTION, THE 65TH CAR, AND TWO DISPOSITIONS (2026-08-25 ~06:15 CDT)
§634	27119	TRAILER-FABLE	Fable 5	d564c7e13		§634 · THE EFFICIENCY PROGRAM IMPLEMENTS (owner order, 2026-08-25 ~07:05 CDT)
§635	27150	TRAILER-FABLE	Fable 5	3ed27e6b5		§635 · TWO WAVES COLLECT, THE QUAY CONTRADICTION IS RULED, AND THE BRIDGE LAW MINTS (2026-08-25 ~07:45 CDT)
§636	27213	TRAILER-FABLE	Fable 5	5be9d5fdb		§636 · THE WAREHOUSE RE-ROUND — VALID, AND THE CLASS HONESTLY FAILS AT 33 % (2026-08-25 ~08:20 CDT)
§637	27235	TRAILER-FABLE	Fable 5	9b9f4606a		§637 · OWNER LAW — BRIDGE SITING: THE NARROWS WITHIN REACH OF THE ROADS (2026-08-25 ~08:45 CDT)
§638	27261	TRAILER-FABLE	Fable 5	2c9d70478		§638 · THE DOSSIER CONTEST — THE AUDIT'S CONVENTIONS MUST FACE THE ESTATE'S OWN RESEARCH (owner, 2026-08-25 ~0
§639	27287	TRAILER-FABLE	Fable 5	04f008106		§639 · THE CONVENTION AUDIT COLLECTS — 49 OF 49 REAL, AND THE CONFORMANCE BLOCK MINTS (2026-08-25 ~10:10 CDT)
§640	27331	TRAILER-FABLE	Fable 5	dbe0f4d9b		§640 · THE CONTEST RULES — WEIGHTS NOT WALLS, AND R-MORPH DISPATCHES (2026-08-25 ~11:00 CDT)
§641	27372	TRAILER-FABLE	Fable 5	da9a2e819		§641 · REG-5 SEALS — THE QUAYS LIVE, THE RIVER HAS NO NARROWS TO FIND, AND THE BYTE TABLE SIGNS (2026-08-25 ~1
§642	27433	TRAILER-FABLE	Fable 5	c549d9bff		§642 · THE SEAL CORRECTS, THE TOOL LEARNS, AND R-MORPH DELIVERS ITS GROUNDING (2026-08-25 ~12:45 CDT)
§643	27468	TRAILER-FABLE	Fable 5	70aae91ca		§643 · THE REG-GROW PANEL RULES — ZERO REFUTED, SEVEN BLOCKERS, AND THE LEDGER/FRAME SPLIT (2026-08-25 ~13:30 
§644	27504	TRAILER-FABLE	Fable 5	44114a0ad		§644 · OWNER LAW — CULTIVATED LAND SCALES WITH TIER: SUBSISTENCE BEFORE TRADE (2026-08-25 ~14:00 CDT)
§645	27533	TRAILER-FABLE	Fable 5	706c81c5a		§645 · CORRECTION OF RECORD — THE WALL DOES NOT END EVERY DISTRICT, AND THE TANGENTIAL CENSUS MINTS (owner's c
§646	27555	TRAILER-FABLE	Fable 5	e7a38f9e9		§646 · THE EXHAUSTIVE KITAQIAO RE-READ — EIGHTEEN MORE ROWS, FOUR NEW MINTS (owner's order, 2026-08-25 ~15:10 
§647	27587	TRAILER-FABLE	Fable 5	0ead527ac		§647 · THE COMPILE — EVERYTHING LEDGER-ONLY GETS ITS COMPILED HOME (owner's order, 2026-08-25 ~15:40 CDT)
§648	27610	TRAILER-FABLE	Fable 5	81224d4ad		§648 · REG-BRIDGE SEALS — THE RIVER TAPERS, THE DECKS LAND, AND THE FORD WAS THE BRIDGE ALL ALONG (2026-08-25 
§649	27652	TRAILER-FABLE	Fable 5	ad2f94edc		§649 · OWNER'S CATCH — THE DECK STILL READS AS A ROAD CROSSING; REG-BRIDGE-B MINTS (2026-08-25 ~16:50 CDT)
§650	27676	TRAILER-FABLE	Fable 5	0af93ed91		§650 · THE OWNER'S ROOT-CAUSE — THE STREET IS SECRETLY AN OBJECT; THE NEGATIVE-SPACE LAW RE-ASSERTED (2026-08-
§651	27704	TRAILER-FABLE	Fable 5	968a0552d		§651 · OWNER REFINEMENT — ROADS CONVERGE ON THE BANK; THE BRIDGE CONNECTS THE BANKS (2026-08-25 ~17:30 CDT)
§652	27721	TRAILER-FABLE	Fable 5	19da2e868		§652 · THE TOPOLOGY–PAINT CONTRACT, NAMED (owner's question, 2026-08-25 ~17:50 CDT)
§653	27739	TRAILER-FABLE	Fable 5	165585c33		§653 · THE OWNER'S QUESTION RULED — PAINT REBUILDS COMPREHENSIVELY AT THE SPINE, KEEPS ITS PROVEN WORDS (2026-
§654	27765	TRAILER-FABLE	Fable 5	f9b6347ad		§654 · OWNER'S FULL STOP — REVIEW, ANALYZE, AND FIX BEFORE ANY FORWARD MOTION (2026-08-25 ~18:30 CDT)
§655	27786	TRAILER-FABLE	Fable 5	02125e47f		§655 · GROW-A STANDS DOWN CLEAN — AND ITS DIAGNOSIS CORRECTS A HEADLINE CONVICTION (2026-08-25 ~19:10 CDT)
§656	27818	TRAILER-FABLE	Fable 5	d28c3e65e		§656 · OWNER DIRECTIVE — THE REFERENCE BASE LAW: WATABOU'S MODEL AS THE FOUNDATION WE ADD ONTO (2026-08-25 ~19
§657	27846	TRAILER-FABLE	Fable 5	d3c9f64a4		§657 · THE §654 REVIEW COLLECTS — 9 BROKEN / 21 IMPEDING, A 14-CAR PLAN, AND THE SEQUENCING RULING (2026-08-25
§658	27886	TRAILER-FABLE	Fable 5	3fa0492b3		§658 · THE LIVE DISSECTION OPENS — MFCG'S CLASS MODEL RECOVERED, AND IT VALIDATES EVERY LAW WE JUST WROTE (202
§659	27908	TRAILER-FABLE	Fable 5	cb3d19c51		§659 · THE TRIAGE VERDICT — A STALE DISK, NOT A DISASTER; AND THE ARCHIVES WERE ONE CLEAN FROM OBLIVION (2026-
§660	27941	TRAILER-FABLE	Fable 5	486a720ee		§660 · CAR-MEASURES COLLECTS — THE PORT IS AN ATLAS GAP, THE QUAY ARMS REGRESSED THE RIVERS, AND 97 % OF THE D
§661	27983	TRAILER-FABLE	Fable 5	cb95a390e		§661 · WAREHOUSE ROUND 3 — 50 %, VALID, AND THE DIAGNOSIS COMPLETES: DRESS IS DESTINY (2026-08-25 ~22:50 CDT)
§662	28005	TRAILER-FABLE	Fable 5	92636c50f		§662 · CAR-INSTRUMENTS COLLECTS — THE TANGENTIAL CENSUS SPEAKS: 237 CROSSINGS, 42 % IN VIOLATION (2026-08-25 ~
§663	28039	TRAILER-FABLE	Fable 5	80f093248		§663 · THE DISSECTION'S SECOND HAUL — A WHOLE CITY IS SEVEN HUNDRED POLYGONS AND THREE CONSTANTS (2026-08-26 ~
§664	28064	TRAILER-FABLE	Fable 5	0dd4a32b0		§664 · THE SEED SWEEP'S FIRST PAIR — PLANKS ARE §651, AND THE SIZE BAND NEVER MOVES (2026-08-26 ~00:50 CDT)
§665	28078	TRAILER-FABLE	Fable 5	e803186b5		§665 · THE VILLAGE GENERATOR'S MODEL — THE GROWTH FRONTIER IS EXPORTED DATA (2026-08-26 ~01:20 CDT)
§666	28095	TRAILER-FABLE	Fable 5	666318080		§666 · THE FTG SHOT FIRED — FULLY LOCAL, STAGED-GROWTH CONFIG, AND DERIVATION-NOT-STORAGE (2026-08-26 ~01:50 C
§667	28115	TRAILER-FABLE	Fable 5	08ad9acb8		§667 · THE SPINE DECISION PACKAGE GOES TO THE OWNER (2026-08-26 ~02:20 CDT)
§668	28135	TRAILER-FABLE	Fable 5	68c66de49		§668 · THE LICENSE LANDS — GPL-3.0, THE DISCIPLINE HARDENS, THE DOSSIER FORMALIZES (2026-08-26 ~02:50 CDT)
§669	28153	TRAILER-FABLE	Fable 5	5018a1d68		§669 · THE OWNER SAYS GO — THE SPINE IS RELEASED (2026-08-26, owner's word verbatim: "Go")
§670	28169	TRAILER-FABLE	Fable 5	20b84a591		§670 · THE SPINE PANEL RULES — ZERO REFUTED, SEVEN BLOCKERS INTO AMENDMENT A1, SPINE-1 ROLLS (2026-08-26 ~04:4
§671	28201	TRAILER-FABLE	Fable 5	c85fb497c		§671 · OWNER ORDER — RECONCILE EVERY PENDING ARCHITECTURE TO THE SPINE; CHAIR RECOMMENDS AND EXECUTES (2026-08
§672	28221	TRAILER-FABLE	Fable 5	9e778f158		§672 · SCOPE EXTENSION — THE RECONCILIATION RUNS TO THE SOAK (owner, 2026-08-26 ~05:25 CDT)
§673	28238	TRAILER-FABLE	Fable 5	38d27b2e9		§673 · OWNER RULING — READ THE CODE; EMULATE WITHOUT DERIVING (2026-08-26 ~05:50 CDT)
§674	28256	TRAILER-FABLE	Fable 5	afd1c30e5		§674 · RECONCILIATION INVENTORY, WAVE ONE COLLECTED — 95 STALE ROWS, AUTHORING HOLDS FOR WAVE TWO (2026-08-26 
§675	28270	TRAILER-FABLE	Fable 5	2c2b0960a		§675 · THE RECONCILIATION LANDS — 155 ROWS RULED, FOUR DOCUMENTS AMENDED, THE AD/ENDGAME RULINGS RECORDED (202
§676	28302	TRAILER-FABLE	Fable 5	456d688c8		§676 · THE CODE STUDY COLLECTS — THE MATHEMATICS LANDS AS SPINE A2 (2026-08-26 ~07:15 CDT)
§677	28318	TRAILER-FABLE	Fable 5	093e50d33		§677 · THE VERIFIERS RED, THE CORRECTIONS LAND — AND THE GAPS BECOME RULINGS (2026-08-26 ~07:50 CDT)
§678	28360	TRAILER-FABLE	Fable 5	731e0ecfd		§678 · THE RE-VERIFY: 30 OF 30 CLOSED — THE LAST TWO REDS WERE THE CHAIR'S OWN, AND THE CURE IS NOW STRUCTURAL
§679	28379	TRAILER-FABLE	Fable 5	3d36a92d3		§679 · THE DEVLOG SWEEP CLOSES THE STUDY — 45 TASTE LAWS ROUTED, AND THE LEADER'S OPEN WOUND IS OUR PROMISE (2
§680	28407	TRAILER-FABLE	Fable 5	ebfea4fc6		§680 · SPINE-1 SEALS — THE PARTITION EXISTS, TEN TIMES UNDER BUDGET, WITH AN HONEST RED IT REFUSED TO PAINT GR
§681	28439	TRAILER-FABLE	Fable 5	139c141df		§681 · SPINE-2 SEALS AT 18/18 — THE QUANTUM CURED WITH A CORRECTION, AND THE BAND REFUSAL RATIFIED (2026-08-26
§682	28479	TRAILER-FABLE	Fable 5	08f2a71e9		§682 · THE SUCCESSION ARCHITECTURE — EVERY REMAINING WAVE TO THE PORT, PRE-RULED FOR AN OPUS ESTATE (owner's o
§684	28500	TRAILER-FABLE	Fable 5	b6bd39ad7		§684 · GROW-A SEALS — THE WORLD GROWS, THE BAND EMERGES UNTUNED, AND THE FOLD ORDER GETS ITS CAR (2026-08-26 ~
§685	28532	TRAILER-FABLE	Fable 5	214ce2664		§685 · OWNER DIRECTIVE: THE OPUS SEAT TAKES THE ARC, AND SILENCE STOPS COUNTING AS VALIDATION (2026-08-26 ~14:
§686	28644	TRAILER-FABLE	Fable 5	bd8ed5bfe		§686 · GROW-FOLD SEALS — THE RAISE PRECEDES ITS GROWTH, MEASUREMENT FORCED A SECOND CURE, AND C1'S MAGNITUDE I
